2025-09-01 11:45:45 [main] INFO  c.p.trip.scale.TripScaleApplication - Starting TripScaleApplication using Java 21.0.3 with PID 8594 (/Users/liuyang/ideaProjects/pkfare/trip-scale-lite/target/classes started by liuyang in /Users/liuyang/ideaProjects/pkfare/trip-scale-lite)
2025-09-01 11:45:45 [main] DEBUG c.p.trip.scale.TripScaleApplication - Running with Spring Boot v3.2.0, Spring v6.1.1
2025-09-01 11:45:45 [main] INFO  c.p.trip.scale.TripScaleApplication - No active profile set, falling back to 1 default profile: "default"
2025-09-01 11:45:46 [main] INFO  c.p.trip.scale.config.CacheConfig - Creating flight dates cache with expireAfterWrite: 120 minutes, maximumSize: 1000, initialCapacity: 100
2025-09-01 11:45:46 [main] INFO  c.p.trip.scale.config.CacheConfig - Creating flight offers cache with expireAfterWrite: 120 minutes, maximumSize: 1000, initialCapacity: 100
2025-09-01 11:45:46 [main] INFO  c.p.t.s.s.e.a.AmadeusFlightService - AmadeusFlightService initialized with flight dates and flight offers cache
2025-09-01 11:45:46 [main] INFO  c.p.trip.scale.config.CacheConfig - Creating hotel offers cache with expireAfterWrite: 120 minutes, maximumSize: 1000, initialCapacity: 100
2025-09-01 11:45:46 [main] INFO  c.p.t.s.s.e.a.AmadeusHotelService - AmadeusHotelService initialized with hotel offers cache
2025-09-01 11:45:46 [main] INFO  c.p.trip.scale.config.CacheConfig - Creating activities cache with expireAfterWrite: 120 minutes, maximumSize: 1000, initialCapacity: 100
2025-09-01 11:45:46 [main] INFO  c.p.t.s.s.e.a.AmadeusActivityService - AmadeusActivityService initialized with activities cache
2025-09-01 11:45:47 [main] INFO  c.p.t.s.config.AsyncExecutorConfig - Creating custom thread pool for trip plan generation: corePoolSize=16, maxPoolSize=16, queueCapacity=100, keepAliveSeconds=60
2025-09-01 11:45:47 [main] INFO  c.p.t.s.c.ParentChildContextConfig - Creating loadedAgentRegistry bean for parent-child context
2025-09-01 11:45:47 [main] INFO  c.p.t.s.c.ParentChildContextConfig - Creating BaseSessionService bean for parent-child context
2025-09-01 11:45:49 [main] INFO  c.p.trip.scale.TripScaleApplication - Started TripScaleApplication in 3.765 seconds (process running for 11.95)
2025-09-01 11:45:49 [main] INFO  c.p.trip.scale.TripScaleApplication - Parent context created with 130 beans
2025-09-01 11:45:49 [main] INFO  c.p.trip.scale.TripScaleApplication - No active profile set, falling back to 1 default profile: "default"
2025-09-01 11:45:54 [main] INFO  o.s.b.w.e.tomcat.TomcatWebServer - Tomcat initialized with port 8080 (http)
2025-09-01 11:45:54 [main] INFO  o.a.catalina.core.StandardService - Starting service [Tomcat]
2025-09-01 11:45:54 [main] INFO  o.a.catalina.core.StandardEngine - Starting Servlet engine: [Apache Tomcat/10.1.16]
2025-09-01 11:45:55 [main] INFO  o.a.c.c.C.[Tomcat].[localhost].[/] - Initializing Spring embedded WebApplicationContext
2025-09-01 11:45:55 [main] INFO  o.s.b.w.s.c.ServletWebServerApplicationContext - Root WebApplicationContext: initialization completed in 5353 ms
2025-09-01 11:45:55 [main] WARN  c.google.adk.web.AgentCompilerLoader - No classpath entries derived from classloader hierarchy. Falling back to System.getProperty("java.class.path").
2025-09-01 11:46:58 [main] ERROR c.google.adk.web.AgentCompilerLoader - ECJ Compilation failed. See console output for details.
2025-09-01 11:46:58 [main] ERROR c.google.adk.web.AgentCompilerLoader - Compilation failed for agent unit: com
2025-09-01 11:46:58 [main] INFO  com.google.adk.web.AdkWebServer - Loaded 0 dynamic agent(s): []
2025-09-01 11:46:58 [main] INFO  com.google.adk.web.AdkWebServer - Using InMemorySessionService
2025-09-01 11:46:58 [main] INFO  com.google.adk.web.AdkWebServer - Using InMemoryArtifactService
2025-09-01 11:46:58 [main] INFO  c.g.a.w.AdkWebServer$AgentController - AgentController initialized with 1 dynamic agents: [Coordinator]
2025-09-01 11:47:02 [main] INFO  o.s.b.w.e.tomcat.TomcatWebServer - Tomcat started on port 8080 (http) with context path ''
2025-09-01 11:47:02 [main] INFO  c.p.trip.scale.TripScaleApplication - Started TripScaleApplication in 73.193 seconds (process running for 85.168)
2025-09-01 11:47:02 [main] INFO  c.p.trip.scale.TripScaleApplication - Child context created with 154 beans
2025-09-01 13:38:52 [main] INFO  c.p.trip.scale.TripScaleApplication - Starting TripScaleApplication using Java 21.0.3 with PID 14198 (/Users/liuyang/ideaProjects/pkfare/trip-scale-lite/target/classes started by liuyang in /Users/liuyang/ideaProjects/pkfare/trip-scale-lite)
2025-09-01 13:38:52 [main] DEBUG c.p.trip.scale.TripScaleApplication - Running with Spring Boot v3.2.0, Spring v6.1.1
2025-09-01 13:38:52 [main] INFO  c.p.trip.scale.TripScaleApplication - No active profile set, falling back to 1 default profile: "default"
2025-09-01 13:38:52 [main] INFO  c.p.trip.scale.config.CacheConfig - Creating flight dates cache with expireAfterWrite: 120 minutes, maximumSize: 1000, initialCapacity: 100
2025-09-01 13:38:52 [main] INFO  c.p.trip.scale.config.CacheConfig - Creating flight offers cache with expireAfterWrite: 120 minutes, maximumSize: 1000, initialCapacity: 100
2025-09-01 13:38:52 [main] INFO  c.p.t.s.s.e.a.AmadeusFlightService - AmadeusFlightService initialized with flight dates and flight offers cache
2025-09-01 13:38:53 [main] INFO  c.p.trip.scale.config.CacheConfig - Creating hotel offers cache with expireAfterWrite: 120 minutes, maximumSize: 1000, initialCapacity: 100
2025-09-01 13:38:53 [main] INFO  c.p.t.s.s.e.a.AmadeusHotelService - AmadeusHotelService initialized with hotel offers cache
2025-09-01 13:38:53 [main] INFO  c.p.trip.scale.config.CacheConfig - Creating activities cache with expireAfterWrite: 120 minutes, maximumSize: 1000, initialCapacity: 100
2025-09-01 13:38:53 [main] INFO  c.p.t.s.s.e.a.AmadeusActivityService - AmadeusActivityService initialized with activities cache
2025-09-01 13:38:53 [main] INFO  c.p.t.s.config.AsyncExecutorConfig - Creating custom thread pool for trip plan generation: corePoolSize=16, maxPoolSize=16, queueCapacity=100, keepAliveSeconds=60
2025-09-01 13:38:53 [main] INFO  c.p.t.s.c.ParentChildContextConfig - Creating loadedAgentRegistry bean for parent-child context
2025-09-01 13:38:53 [main] INFO  c.p.t.s.c.ParentChildContextConfig - Creating BaseSessionService bean for parent-child context
2025-09-01 13:38:55 [main] INFO  c.p.trip.scale.TripScaleApplication - Started TripScaleApplication in 3.511 seconds (process running for 9.502)
2025-09-01 13:38:55 [main] INFO  c.p.trip.scale.TripScaleApplication - Parent context created with 130 beans
2025-09-01 13:38:55 [main] INFO  c.p.trip.scale.TripScaleApplication - No active profile set, falling back to 1 default profile: "default"
2025-09-01 13:39:00 [main] INFO  o.s.b.w.e.tomcat.TomcatWebServer - Tomcat initialized with port 8080 (http)
2025-09-01 13:39:00 [main] INFO  o.a.catalina.core.StandardService - Starting service [Tomcat]
2025-09-01 13:39:00 [main] INFO  o.a.catalina.core.StandardEngine - Starting Servlet engine: [Apache Tomcat/10.1.16]
2025-09-01 13:39:01 [main] INFO  o.a.c.c.C.[Tomcat].[localhost].[/] - Initializing Spring embedded WebApplicationContext
2025-09-01 13:39:01 [main] INFO  o.s.b.w.s.c.ServletWebServerApplicationContext - Root WebApplicationContext: initialization completed in 5164 ms
2025-09-01 13:39:01 [main] WARN  c.google.adk.web.AgentCompilerLoader - No classpath entries derived from classloader hierarchy. Falling back to System.getProperty("java.class.path").
2025-09-01 13:40:02 [main] ERROR c.google.adk.web.AgentCompilerLoader - ECJ Compilation failed. See console output for details.
2025-09-01 13:40:02 [main] ERROR c.google.adk.web.AgentCompilerLoader - Compilation failed for agent unit: com
2025-09-01 13:40:02 [main] INFO  com.google.adk.web.AdkWebServer - Loaded 0 dynamic agent(s): []
2025-09-01 13:40:02 [main] INFO  com.google.adk.web.AdkWebServer - Using InMemorySessionService
2025-09-01 13:40:02 [main] INFO  com.google.adk.web.AdkWebServer - Using InMemoryArtifactService
2025-09-01 13:40:02 [main] INFO  c.g.a.w.AdkWebServer$AgentController - AgentController initialized with 1 dynamic agents: [Coordinator]
2025-09-01 13:40:06 [main] INFO  o.s.b.w.e.tomcat.TomcatWebServer - Tomcat started on port 8080 (http) with context path ''
2025-09-01 13:40:06 [main] INFO  c.p.trip.scale.TripScaleApplication - Started TripScaleApplication in 71.188 seconds (process running for 80.712)
2025-09-01 13:40:06 [main] INFO  c.p.trip.scale.TripScaleApplication - Child context created with 154 beans
2025-09-01 13:40:50 [http-nio-8080-exec-1] INFO  o.a.c.c.C.[Tomcat].[localhost].[/] - Initializing Spring DispatcherServlet 'dispatcherServlet'
2025-09-01 13:40:50 [http-nio-8080-exec-1] INFO  o.s.web.servlet.DispatcherServlet - Initializing Servlet 'dispatcherServlet'
2025-09-01 13:40:50 [http-nio-8080-exec-1] INFO  o.s.web.servlet.DispatcherServlet - Completed initialization in 25 ms
2025-09-01 13:40:50 [http-nio-8080-exec-10] INFO  c.g.a.w.AdkWebServer$AgentController - Listing apps from dynamic registry. Found: [Coordinator]
2025-09-01 13:40:51 [http-nio-8080-exec-2] WARN  c.g.a.w.AdkWebServer$AgentController - Endpoint /apps/Coordinator/eval_sets (GET) is not implemented
2025-09-01 13:40:51 [http-nio-8080-exec-6] WARN  c.g.a.w.AdkWebServer$AgentController - Endpoint /apps/Coordinator/eval_results (GET) is not implemented
2025-09-01 13:40:51 [http-nio-8080-exec-1] INFO  c.g.a.w.AdkWebServer$AgentController - Request received for POST /apps/Coordinator/users/user/sessions (service generates ID) with state: null
2025-09-01 13:40:51 [http-nio-8080-exec-1] INFO  c.g.a.w.AdkWebServer$AgentController - Session created successfully with generated id: e6cf65ca-558b-4079-9e3c-78bd023ac030
2025-09-01 13:40:51 [http-nio-8080-exec-4] INFO  c.g.a.w.AdkWebServer$AgentController - Request received for GET /apps/Coordinator/users/user/sessions
2025-09-01 13:40:51 [http-nio-8080-exec-4] INFO  c.g.a.w.AdkWebServer$AgentController - Found 1 non-evaluation sessions for app=Coordinator, user=user
2025-09-01 13:40:52 [http-nio-8080-exec-7] INFO  c.g.a.w.AdkWebServer$AgentController - Request received for GET /apps/Coordinator/users/user/sessions
2025-09-01 13:40:52 [http-nio-8080-exec-7] INFO  c.g.a.w.AdkWebServer$AgentController - Found 1 non-evaluation sessions for app=Coordinator, user=user
2025-09-01 13:41:32 [http-nio-8080-exec-5] ERROR c.p.t.s.e.GlobalExceptionHandler - Unexpected exception occurred: No static resource chat.
org.springframework.web.servlet.resource.NoResourceFoundException: No static resource chat.
	at org.springframework.web.servlet.resource.ResourceHttpRequestHandler.handleRequest(ResourceHttpRequestHandler.java:585)
	at org.springframework.web.servlet.mvc.HttpRequestHandlerAdapter.handle(HttpRequestHandlerAdapter.java:52)
	at org.springframework.web.servlet.DispatcherServlet.doDispatch(DispatcherServlet.java:1089)
	at org.springframework.web.servlet.DispatcherServlet.doService(DispatcherServlet.java:979)
	at org.springframework.web.servlet.FrameworkServlet.processRequest(FrameworkServlet.java:1014)
	at org.springframework.web.servlet.FrameworkServlet.doPost(FrameworkServlet.java:914)
	at jakarta.servlet.http.HttpServlet.service(HttpServlet.java:590)
	at org.springframework.web.servlet.FrameworkServlet.service(FrameworkServlet.java:885)
	at jakarta.servlet.http.HttpServlet.service(HttpServlet.java:658)
	at org.apache.catalina.core.ApplicationFilterChain.internalDoFilter(ApplicationFilterChain.java:205)
	at org.apache.catalina.core.ApplicationFilterChain.doFilter(ApplicationFilterChain.java:149)
	at org.apache.tomcat.websocket.server.WsFilter.doFilter(WsFilter.java:51)
	at org.apache.catalina.core.ApplicationFilterChain.internalDoFilter(ApplicationFilterChain.java:174)
	at org.apache.catalina.core.ApplicationFilterChain.doFilter(ApplicationFilterChain.java:149)
	at org.springframework.web.filter.RequestContextFilter.doFilterInternal(RequestContextFilter.java:100)
	at org.springframework.web.filter.OncePerRequestFilter.doFilter(OncePerRequestFilter.java:116)
	at org.apache.catalina.core.ApplicationFilterChain.internalDoFilter(ApplicationFilterChain.java:174)
	at org.apache.catalina.core.ApplicationFilterChain.doFilter(ApplicationFilterChain.java:149)
	at org.springframework.web.filter.FormContentFilter.doFilterInternal(FormContentFilter.java:93)
	at org.springframework.web.filter.OncePerRequestFilter.doFilter(OncePerRequestFilter.java:116)
	at org.apache.catalina.core.ApplicationFilterChain.internalDoFilter(ApplicationFilterChain.java:174)
	at org.apache.catalina.core.ApplicationFilterChain.doFilter(ApplicationFilterChain.java:149)
	at org.springframework.web.filter.CharacterEncodingFilter.doFilterInternal(CharacterEncodingFilter.java:201)
	at org.springframework.web.filter.OncePerRequestFilter.doFilter(OncePerRequestFilter.java:116)
	at org.apache.catalina.core.ApplicationFilterChain.internalDoFilter(ApplicationFilterChain.java:174)
	at org.apache.catalina.core.ApplicationFilterChain.doFilter(ApplicationFilterChain.java:149)
	at org.apache.catalina.core.StandardWrapperValve.invoke(StandardWrapperValve.java:167)
	at org.apache.catalina.core.StandardContextValve.invoke(StandardContextValve.java:90)
	at org.apache.catalina.authenticator.AuthenticatorBase.invoke(AuthenticatorBase.java:482)
	at org.apache.catalina.core.StandardHostValve.invoke(StandardHostValve.java:115)
	at org.apache.catalina.valves.ErrorReportValve.invoke(ErrorReportValve.java:93)
	at org.apache.catalina.core.StandardEngineValve.invoke(StandardEngineValve.java:74)
	at org.apache.catalina.connector.CoyoteAdapter.service(CoyoteAdapter.java:340)
	at org.apache.coyote.http11.Http11Processor.service(Http11Processor.java:391)
	at org.apache.coyote.AbstractProcessorLight.process(AbstractProcessorLight.java:63)
	at org.apache.coyote.AbstractProtocol$ConnectionHandler.process(AbstractProtocol.java:896)
	at org.apache.tomcat.util.net.NioEndpoint$SocketProcessor.doRun(NioEndpoint.java:1744)
	at org.apache.tomcat.util.net.SocketProcessorBase.run(SocketProcessorBase.java:52)
	at org.apache.tomcat.util.threads.ThreadPoolExecutor.runWorker(ThreadPoolExecutor.java:1191)
	at org.apache.tomcat.util.threads.ThreadPoolExecutor$Worker.run(ThreadPoolExecutor.java:659)
	at org.apache.tomcat.util.threads.TaskThread$WrappingRunnable.run(TaskThread.java:61)
	at java.base/java.lang.Thread.run(Thread.java:1583)
2025-09-01 13:41:35 [http-nio-8080-exec-8] ERROR c.p.t.s.e.GlobalExceptionHandler - Unexpected exception occurred: No static resource chat.
org.springframework.web.servlet.resource.NoResourceFoundException: No static resource chat.
	at org.springframework.web.servlet.resource.ResourceHttpRequestHandler.handleRequest(ResourceHttpRequestHandler.java:585)
	at org.springframework.web.servlet.mvc.HttpRequestHandlerAdapter.handle(HttpRequestHandlerAdapter.java:52)
	at org.springframework.web.servlet.DispatcherServlet.doDispatch(DispatcherServlet.java:1089)
	at org.springframework.web.servlet.DispatcherServlet.doService(DispatcherServlet.java:979)
	at org.springframework.web.servlet.FrameworkServlet.processRequest(FrameworkServlet.java:1014)
	at org.springframework.web.servlet.FrameworkServlet.doPost(FrameworkServlet.java:914)
	at jakarta.servlet.http.HttpServlet.service(HttpServlet.java:590)
	at org.springframework.web.servlet.FrameworkServlet.service(FrameworkServlet.java:885)
	at jakarta.servlet.http.HttpServlet.service(HttpServlet.java:658)
	at org.apache.catalina.core.ApplicationFilterChain.internalDoFilter(ApplicationFilterChain.java:205)
	at org.apache.catalina.core.ApplicationFilterChain.doFilter(ApplicationFilterChain.java:149)
	at org.apache.tomcat.websocket.server.WsFilter.doFilter(WsFilter.java:51)
	at org.apache.catalina.core.ApplicationFilterChain.internalDoFilter(ApplicationFilterChain.java:174)
	at org.apache.catalina.core.ApplicationFilterChain.doFilter(ApplicationFilterChain.java:149)
	at org.springframework.web.filter.RequestContextFilter.doFilterInternal(RequestContextFilter.java:100)
	at org.springframework.web.filter.OncePerRequestFilter.doFilter(OncePerRequestFilter.java:116)
	at org.apache.catalina.core.ApplicationFilterChain.internalDoFilter(ApplicationFilterChain.java:174)
	at org.apache.catalina.core.ApplicationFilterChain.doFilter(ApplicationFilterChain.java:149)
	at org.springframework.web.filter.FormContentFilter.doFilterInternal(FormContentFilter.java:93)
	at org.springframework.web.filter.OncePerRequestFilter.doFilter(OncePerRequestFilter.java:116)
	at org.apache.catalina.core.ApplicationFilterChain.internalDoFilter(ApplicationFilterChain.java:174)
	at org.apache.catalina.core.ApplicationFilterChain.doFilter(ApplicationFilterChain.java:149)
	at org.springframework.web.filter.CharacterEncodingFilter.doFilterInternal(CharacterEncodingFilter.java:201)
	at org.springframework.web.filter.OncePerRequestFilter.doFilter(OncePerRequestFilter.java:116)
	at org.apache.catalina.core.ApplicationFilterChain.internalDoFilter(ApplicationFilterChain.java:174)
	at org.apache.catalina.core.ApplicationFilterChain.doFilter(ApplicationFilterChain.java:149)
	at org.apache.catalina.core.StandardWrapperValve.invoke(StandardWrapperValve.java:167)
	at org.apache.catalina.core.StandardContextValve.invoke(StandardContextValve.java:90)
	at org.apache.catalina.authenticator.AuthenticatorBase.invoke(AuthenticatorBase.java:482)
	at org.apache.catalina.core.StandardHostValve.invoke(StandardHostValve.java:115)
	at org.apache.catalina.valves.ErrorReportValve.invoke(ErrorReportValve.java:93)
	at org.apache.catalina.core.StandardEngineValve.invoke(StandardEngineValve.java:74)
	at org.apache.catalina.connector.CoyoteAdapter.service(CoyoteAdapter.java:340)
	at org.apache.coyote.http11.Http11Processor.service(Http11Processor.java:391)
	at org.apache.coyote.AbstractProcessorLight.process(AbstractProcessorLight.java:63)
	at org.apache.coyote.AbstractProtocol$ConnectionHandler.process(AbstractProtocol.java:896)
	at org.apache.tomcat.util.net.NioEndpoint$SocketProcessor.doRun(NioEndpoint.java:1744)
	at org.apache.tomcat.util.net.SocketProcessorBase.run(SocketProcessorBase.java:52)
	at org.apache.tomcat.util.threads.ThreadPoolExecutor.runWorker(ThreadPoolExecutor.java:1191)
	at org.apache.tomcat.util.threads.ThreadPoolExecutor$Worker.run(ThreadPoolExecutor.java:659)
	at org.apache.tomcat.util.threads.TaskThread$WrappingRunnable.run(TaskThread.java:61)
	at java.base/java.lang.Thread.run(Thread.java:1583)
2025-09-01 13:41:42 [http-nio-8080-exec-9] ERROR c.p.t.s.e.GlobalExceptionHandler - Unexpected exception occurred: No static resource chat22.
org.springframework.web.servlet.resource.NoResourceFoundException: No static resource chat22.
	at org.springframework.web.servlet.resource.ResourceHttpRequestHandler.handleRequest(ResourceHttpRequestHandler.java:585)
	at org.springframework.web.servlet.mvc.HttpRequestHandlerAdapter.handle(HttpRequestHandlerAdapter.java:52)
	at org.springframework.web.servlet.DispatcherServlet.doDispatch(DispatcherServlet.java:1089)
	at org.springframework.web.servlet.DispatcherServlet.doService(DispatcherServlet.java:979)
	at org.springframework.web.servlet.FrameworkServlet.processRequest(FrameworkServlet.java:1014)
	at org.springframework.web.servlet.FrameworkServlet.doPost(FrameworkServlet.java:914)
	at jakarta.servlet.http.HttpServlet.service(HttpServlet.java:590)
	at org.springframework.web.servlet.FrameworkServlet.service(FrameworkServlet.java:885)
	at jakarta.servlet.http.HttpServlet.service(HttpServlet.java:658)
	at org.apache.catalina.core.ApplicationFilterChain.internalDoFilter(ApplicationFilterChain.java:205)
	at org.apache.catalina.core.ApplicationFilterChain.doFilter(ApplicationFilterChain.java:149)
	at org.apache.tomcat.websocket.server.WsFilter.doFilter(WsFilter.java:51)
	at org.apache.catalina.core.ApplicationFilterChain.internalDoFilter(ApplicationFilterChain.java:174)
	at org.apache.catalina.core.ApplicationFilterChain.doFilter(ApplicationFilterChain.java:149)
	at org.springframework.web.filter.RequestContextFilter.doFilterInternal(RequestContextFilter.java:100)
	at org.springframework.web.filter.OncePerRequestFilter.doFilter(OncePerRequestFilter.java:116)
	at org.apache.catalina.core.ApplicationFilterChain.internalDoFilter(ApplicationFilterChain.java:174)
	at org.apache.catalina.core.ApplicationFilterChain.doFilter(ApplicationFilterChain.java:149)
	at org.springframework.web.filter.FormContentFilter.doFilterInternal(FormContentFilter.java:93)
	at org.springframework.web.filter.OncePerRequestFilter.doFilter(OncePerRequestFilter.java:116)
	at org.apache.catalina.core.ApplicationFilterChain.internalDoFilter(ApplicationFilterChain.java:174)
	at org.apache.catalina.core.ApplicationFilterChain.doFilter(ApplicationFilterChain.java:149)
	at org.springframework.web.filter.CharacterEncodingFilter.doFilterInternal(CharacterEncodingFilter.java:201)
	at org.springframework.web.filter.OncePerRequestFilter.doFilter(OncePerRequestFilter.java:116)
	at org.apache.catalina.core.ApplicationFilterChain.internalDoFilter(ApplicationFilterChain.java:174)
	at org.apache.catalina.core.ApplicationFilterChain.doFilter(ApplicationFilterChain.java:149)
	at org.apache.catalina.core.StandardWrapperValve.invoke(StandardWrapperValve.java:167)
	at org.apache.catalina.core.StandardContextValve.invoke(StandardContextValve.java:90)
	at org.apache.catalina.authenticator.AuthenticatorBase.invoke(AuthenticatorBase.java:482)
	at org.apache.catalina.core.StandardHostValve.invoke(StandardHostValve.java:115)
	at org.apache.catalina.valves.ErrorReportValve.invoke(ErrorReportValve.java:93)
	at org.apache.catalina.core.StandardEngineValve.invoke(StandardEngineValve.java:74)
	at org.apache.catalina.connector.CoyoteAdapter.service(CoyoteAdapter.java:340)
	at org.apache.coyote.http11.Http11Processor.service(Http11Processor.java:391)
	at org.apache.coyote.AbstractProcessorLight.process(AbstractProcessorLight.java:63)
	at org.apache.coyote.AbstractProtocol$ConnectionHandler.process(AbstractProtocol.java:896)
	at org.apache.tomcat.util.net.NioEndpoint$SocketProcessor.doRun(NioEndpoint.java:1744)
	at org.apache.tomcat.util.net.SocketProcessorBase.run(SocketProcessorBase.java:52)
	at org.apache.tomcat.util.threads.ThreadPoolExecutor.runWorker(ThreadPoolExecutor.java:1191)
	at org.apache.tomcat.util.threads.ThreadPoolExecutor$Worker.run(ThreadPoolExecutor.java:659)
	at org.apache.tomcat.util.threads.TaskThread$WrappingRunnable.run(TaskThread.java:61)
	at java.base/java.lang.Thread.run(Thread.java:1583)
2025-09-01 13:41:48 [http-nio-8080-exec-10] ERROR c.p.t.s.e.GlobalExceptionHandler - Unexpected exception occurred: No static resource sschat.
org.springframework.web.servlet.resource.NoResourceFoundException: No static resource sschat.
	at org.springframework.web.servlet.resource.ResourceHttpRequestHandler.handleRequest(ResourceHttpRequestHandler.java:585)
	at org.springframework.web.servlet.mvc.HttpRequestHandlerAdapter.handle(HttpRequestHandlerAdapter.java:52)
	at org.springframework.web.servlet.DispatcherServlet.doDispatch(DispatcherServlet.java:1089)
	at org.springframework.web.servlet.DispatcherServlet.doService(DispatcherServlet.java:979)
	at org.springframework.web.servlet.FrameworkServlet.processRequest(FrameworkServlet.java:1014)
	at org.springframework.web.servlet.FrameworkServlet.doPost(FrameworkServlet.java:914)
	at jakarta.servlet.http.HttpServlet.service(HttpServlet.java:590)
	at org.springframework.web.servlet.FrameworkServlet.service(FrameworkServlet.java:885)
	at jakarta.servlet.http.HttpServlet.service(HttpServlet.java:658)
	at org.apache.catalina.core.ApplicationFilterChain.internalDoFilter(ApplicationFilterChain.java:205)
	at org.apache.catalina.core.ApplicationFilterChain.doFilter(ApplicationFilterChain.java:149)
	at org.apache.tomcat.websocket.server.WsFilter.doFilter(WsFilter.java:51)
	at org.apache.catalina.core.ApplicationFilterChain.internalDoFilter(ApplicationFilterChain.java:174)
	at org.apache.catalina.core.ApplicationFilterChain.doFilter(ApplicationFilterChain.java:149)
	at org.springframework.web.filter.RequestContextFilter.doFilterInternal(RequestContextFilter.java:100)
	at org.springframework.web.filter.OncePerRequestFilter.doFilter(OncePerRequestFilter.java:116)
	at org.apache.catalina.core.ApplicationFilterChain.internalDoFilter(ApplicationFilterChain.java:174)
	at org.apache.catalina.core.ApplicationFilterChain.doFilter(ApplicationFilterChain.java:149)
	at org.springframework.web.filter.FormContentFilter.doFilterInternal(FormContentFilter.java:93)
	at org.springframework.web.filter.OncePerRequestFilter.doFilter(OncePerRequestFilter.java:116)
	at org.apache.catalina.core.ApplicationFilterChain.internalDoFilter(ApplicationFilterChain.java:174)
	at org.apache.catalina.core.ApplicationFilterChain.doFilter(ApplicationFilterChain.java:149)
	at org.springframework.web.filter.CharacterEncodingFilter.doFilterInternal(CharacterEncodingFilter.java:201)
	at org.springframework.web.filter.OncePerRequestFilter.doFilter(OncePerRequestFilter.java:116)
	at org.apache.catalina.core.ApplicationFilterChain.internalDoFilter(ApplicationFilterChain.java:174)
	at org.apache.catalina.core.ApplicationFilterChain.doFilter(ApplicationFilterChain.java:149)
	at org.apache.catalina.core.StandardWrapperValve.invoke(StandardWrapperValve.java:167)
	at org.apache.catalina.core.StandardContextValve.invoke(StandardContextValve.java:90)
	at org.apache.catalina.authenticator.AuthenticatorBase.invoke(AuthenticatorBase.java:482)
	at org.apache.catalina.core.StandardHostValve.invoke(StandardHostValve.java:115)
	at org.apache.catalina.valves.ErrorReportValve.invoke(ErrorReportValve.java:93)
	at org.apache.catalina.core.StandardEngineValve.invoke(StandardEngineValve.java:74)
	at org.apache.catalina.connector.CoyoteAdapter.service(CoyoteAdapter.java:340)
	at org.apache.coyote.http11.Http11Processor.service(Http11Processor.java:391)
	at org.apache.coyote.AbstractProcessorLight.process(AbstractProcessorLight.java:63)
	at org.apache.coyote.AbstractProtocol$ConnectionHandler.process(AbstractProtocol.java:896)
	at org.apache.tomcat.util.net.NioEndpoint$SocketProcessor.doRun(NioEndpoint.java:1744)
	at org.apache.tomcat.util.net.SocketProcessorBase.run(SocketProcessorBase.java:52)
	at org.apache.tomcat.util.threads.ThreadPoolExecutor.runWorker(ThreadPoolExecutor.java:1191)
	at org.apache.tomcat.util.threads.ThreadPoolExecutor$Worker.run(ThreadPoolExecutor.java:659)
	at org.apache.tomcat.util.threads.TaskThread$WrappingRunnable.run(TaskThread.java:61)
	at java.base/java.lang.Thread.run(Thread.java:1583)
2025-09-01 14:33:52 [main] INFO  c.p.t.s.s.p.GeneratePlanServiceTest - Starting GeneratePlanServiceTest using Java 21.0.3 with PID 17089 (started by liuyang in /Users/liuyang/ideaProjects/pkfare/trip-scale-lite)
2025-09-01 14:33:52 [main] DEBUG c.p.t.s.s.p.GeneratePlanServiceTest - Running with Spring Boot v3.2.0, Spring v6.1.1
2025-09-01 14:33:52 [main] INFO  c.p.t.s.s.p.GeneratePlanServiceTest - No active profile set, falling back to 1 default profile: "default"
2025-09-01 14:33:55 [main] INFO  c.p.trip.scale.config.CacheConfig - Creating flight dates cache with expireAfterWrite: 120 minutes, maximumSize: 1000, initialCapacity: 100
2025-09-01 14:33:55 [main] INFO  c.p.trip.scale.config.CacheConfig - Creating flight offers cache with expireAfterWrite: 120 minutes, maximumSize: 1000, initialCapacity: 100
2025-09-01 14:33:55 [main] INFO  c.p.t.s.s.e.a.AmadeusFlightService - AmadeusFlightService initialized with flight dates and flight offers cache
2025-09-01 14:33:55 [main] INFO  c.p.trip.scale.config.CacheConfig - Creating hotel offers cache with expireAfterWrite: 120 minutes, maximumSize: 1000, initialCapacity: 100
2025-09-01 14:33:55 [main] INFO  c.p.t.s.s.e.a.AmadeusHotelService - AmadeusHotelService initialized with hotel offers cache
2025-09-01 14:33:55 [main] INFO  c.p.trip.scale.config.CacheConfig - Creating activities cache with expireAfterWrite: 120 minutes, maximumSize: 1000, initialCapacity: 100
2025-09-01 14:33:55 [main] INFO  c.p.t.s.s.e.a.AmadeusActivityService - AmadeusActivityService initialized with activities cache
2025-09-01 14:33:55 [main] INFO  c.p.t.s.config.AsyncExecutorConfig - Creating custom thread pool for trip plan generation: corePoolSize=16, maxPoolSize=16, queueCapacity=100, keepAliveSeconds=60
2025-09-01 14:33:56 [main] INFO  c.p.t.s.c.ParentChildContextConfig - Creating loadedAgentRegistry bean for parent-child context
2025-09-01 14:33:56 [main] INFO  c.p.t.s.c.ParentChildContextConfig - Creating BaseSessionService bean for parent-child context
2025-09-01 14:34:02 [main] INFO  c.p.t.s.s.p.GeneratePlanServiceTest - Started GeneratePlanServiceTest in 10.415 seconds (process running for 11.853)
2025-09-01 14:34:10 [main] INFO  c.p.t.s.p.s.GeneratePlanService - Starting concurrent trip plan generation for origin: FLR, destinations: 3
2025-09-01 14:34:10 [main] DEBUG c.p.t.s.p.s.GeneratePlanService - Validating parameters
2025-09-01 14:34:10 [main] DEBUG c.p.t.s.p.s.GeneratePlanService - Precise travel calculation: daysBetween=30, tripDays=7, preciseTravel=false
2025-09-01 14:34:10 [main] DEBUG c.p.t.s.p.s.GeneratePlanService - Round trip calculation: first=FCO, last=ORY, roundTrip=false
2025-09-01 14:34:10 [main] INFO  c.p.t.s.p.s.GeneratePlanService - Trip configuration: preciseTravel=false, roundTrip=false
2025-09-01 14:34:10 [main] DEBUG c.p.t.s.p.s.GeneratePlanService - Thread Pool Status - Active: 0, Pool Size: 0, Queue Size: 0, Completed Tasks: 0, Total Tasks: 0
2025-09-01 14:34:10 [main] INFO  c.p.t.s.s.plan.FlightSearchService - Searching flight dates for roundTrip: false
2025-09-01 14:34:50 [main] INFO  c.p.t.s.s.e.a.AmadeusFlightService - Searching flight dates with request: FlightDatesRequest(origin=FLR, destination=FCO, departureDate=2025-10-01,2025-10-23, oneWay=true, duration=null, nonStop=true, maxPrice=50000)
2025-09-01 14:34:53 [main] DEBUG c.p.trip.scale.util.CacheKeyUtil - Generated cache key: fd_61f2f4c03726a087a9395a50f6b33003 for request: flight_dates|FLR|FCO|2025-10-01,2025-10-23|true||true|50000
2025-09-01 14:34:55 [main] DEBUG c.p.t.s.s.e.a.AmadeusFlightService - Cache miss for key: fd_61f2f4c03726a087a9395a50f6b33003
2025-09-01 14:34:56 [main] INFO  c.p.t.s.s.e.a.AmadeusFlightService - Cache miss for key: fd_61f2f4c03726a087a9395a50f6b33003, calling API
2025-09-01 14:35:05 [main] ERROR c.p.t.s.a.a.f.AmadeusFlightDatesAPI - call AmadeusFlightDatesAPI failed
com.amadeus.exceptions.NotFoundException: [404]
No response found for this query
	at com.amadeus.Response.detectError(Response.java:74)
	at com.amadeus.HTTPClient.execute(HTTPClient.java:361)
	at com.amadeus.HTTPClient.unauthenticatedRequest(HTTPClient.java:253)
	at com.amadeus.HTTPClient.request(HTTPClient.java:339)
	at com.amadeus.HTTPClient.get(HTTPClient.java:67)
	at com.amadeus.shopping.FlightDates.get(FlightDates.java:51)
	at com.pkfare.trip.scale.api.amadeus.flightdates.AmadeusFlightDatesAPI.flightDates(AmadeusFlightDatesAPI.java:26)
	at com.pkfare.trip.scale.service.external.amadeus.AmadeusFlightService.lambda$searchFlightDatesWithoutCache$0(AmadeusFlightService.java:136)
	at com.pkfare.trip.scale.service.external.amadeus.AmadeusFlightService.retryApiCall(AmadeusFlightService.java:378)
	at com.pkfare.trip.scale.service.external.amadeus.AmadeusFlightService.searchFlightDatesWithoutCache(AmadeusFlightService.java:134)
	at com.pkfare.trip.scale.service.external.amadeus.AmadeusFlightService.searchFlightDates(AmadeusFlightService.java:72)
	at com.pkfare.trip.scale.service.plan.FlightSearchService.searchOneWayFlightDates(FlightSearchService.java:304)
	at com.pkfare.trip.scale.service.plan.FlightSearchService.searchFlightDates(FlightSearchService.java:284)
	at com.pkfare.trip.scale.plan.service.GeneratePlanService.generatePlan(GeneratePlanService.java:86)
	at com.pkfare.trip.scale.service.plan.GeneratePlanServiceTest.testPlan_notPreciseTravel_onewaytrip(GeneratePlanServiceTest.java:46)
	at java.base/jdk.internal.reflect.DirectMethodHandleAccessor.invoke(DirectMethodHandleAccessor.java:103)
	at java.base/java.lang.reflect.Method.invoke(Method.java:580)
	at org.junit.platform.commons.util.ReflectionUtils.invokeMethod(ReflectionUtils.java:728)
	at org.junit.jupiter.engine.execution.MethodInvocation.proceed(MethodInvocation.java:60)
	at org.junit.jupiter.engine.execution.InvocationInterceptorChain$ValidatingInvocation.proceed(InvocationInterceptorChain.java:131)
	at org.junit.jupiter.engine.extension.TimeoutExtension.intercept(TimeoutExtension.java:156)
	at org.junit.jupiter.engine.extension.TimeoutExtension.interceptTestableMethod(TimeoutExtension.java:147)
	at org.junit.jupiter.engine.extension.TimeoutExtension.interceptTestMethod(TimeoutExtension.java:86)
	at org.junit.jupiter.engine.execution.InterceptingExecutableInvoker$ReflectiveInterceptorCall.lambda$ofVoidMethod$0(InterceptingExecutableInvoker.java:103)
	at org.junit.jupiter.engine.execution.InterceptingExecutableInvoker.lambda$invoke$0(InterceptingExecutableInvoker.java:93)
	at org.junit.jupiter.engine.execution.InvocationInterceptorChain$InterceptedInvocation.proceed(InvocationInterceptorChain.java:106)
	at org.junit.jupiter.engine.execution.InvocationInterceptorChain.proceed(InvocationInterceptorChain.java:64)
	at org.junit.jupiter.engine.execution.InvocationInterceptorChain.chainAndInvoke(InvocationInterceptorChain.java:45)
	at org.junit.jupiter.engine.execution.InvocationInterceptorChain.invoke(InvocationInterceptorChain.java:37)
	at org.junit.jupiter.engine.execution.InterceptingExecutableInvoker.invoke(InterceptingExecutableInvoker.java:92)
	at org.junit.jupiter.engine.execution.InterceptingExecutableInvoker.invoke(InterceptingExecutableInvoker.java:86)
	at org.junit.jupiter.engine.descriptor.TestMethodTestDescriptor.lambda$invokeTestMethod$7(TestMethodTestDescriptor.java:217)
	at org.junit.platform.engine.support.hierarchical.ThrowableCollector.execute(ThrowableCollector.java:73)
	at org.junit.jupiter.engine.descriptor.TestMethodTestDescriptor.invokeTestMethod(TestMethodTestDescriptor.java:213)
	at org.junit.jupiter.engine.descriptor.TestMethodTestDescriptor.execute(TestMethodTestDescriptor.java:138)
	at org.junit.jupiter.engine.descriptor.TestMethodTestDescriptor.execute(TestMethodTestDescriptor.java:68)
	at org.junit.platform.engine.support.hierarchical.NodeTestTask.lambda$executeRecursively$6(NodeTestTask.java:151)
	at org.junit.platform.engine.support.hierarchical.ThrowableCollector.execute(ThrowableCollector.java:73)
	at org.junit.platform.engine.support.hierarchical.NodeTestTask.lambda$executeRecursively$8(NodeTestTask.java:141)
	at org.junit.platform.engine.support.hierarchical.Node.around(Node.java:137)
	at org.junit.platform.engine.support.hierarchical.NodeTestTask.lambda$executeRecursively$9(NodeTestTask.java:139)
	at org.junit.platform.engine.support.hierarchical.ThrowableCollector.execute(ThrowableCollector.java:73)
	at org.junit.platform.engine.support.hierarchical.NodeTestTask.executeRecursively(NodeTestTask.java:138)
	at org.junit.platform.engine.support.hierarchical.NodeTestTask.execute(NodeTestTask.java:95)
	at java.base/java.util.ArrayList.forEach(ArrayList.java:1596)
	at org.junit.platform.engine.support.hierarchical.SameThreadHierarchicalTestExecutorService.invokeAll(SameThreadHierarchicalTestExecutorService.java:41)
	at org.junit.platform.engine.support.hierarchical.NodeTestTask.lambda$executeRecursively$6(NodeTestTask.java:155)
	at org.junit.platform.engine.support.hierarchical.ThrowableCollector.execute(ThrowableCollector.java:73)
	at org.junit.platform.engine.support.hierarchical.NodeTestTask.lambda$executeRecursively$8(NodeTestTask.java:141)
	at org.junit.platform.engine.support.hierarchical.Node.around(Node.java:137)
	at org.junit.platform.engine.support.hierarchical.NodeTestTask.lambda$executeRecursively$9(NodeTestTask.java:139)
	at org.junit.platform.engine.support.hierarchical.ThrowableCollector.execute(ThrowableCollector.java:73)
	at org.junit.platform.engine.support.hierarchical.NodeTestTask.executeRecursively(NodeTestTask.java:138)
	at org.junit.platform.engine.support.hierarchical.NodeTestTask.execute(NodeTestTask.java:95)
	at java.base/java.util.ArrayList.forEach(ArrayList.java:1596)
	at org.junit.platform.engine.support.hierarchical.SameThreadHierarchicalTestExecutorService.invokeAll(SameThreadHierarchicalTestExecutorService.java:41)
	at org.junit.platform.engine.support.hierarchical.NodeTestTask.lambda$executeRecursively$6(NodeTestTask.java:155)
	at org.junit.platform.engine.support.hierarchical.ThrowableCollector.execute(ThrowableCollector.java:73)
	at org.junit.platform.engine.support.hierarchical.NodeTestTask.lambda$executeRecursively$8(NodeTestTask.java:141)
	at org.junit.platform.engine.support.hierarchical.Node.around(Node.java:137)
	at org.junit.platform.engine.support.hierarchical.NodeTestTask.lambda$executeRecursively$9(NodeTestTask.java:139)
	at org.junit.platform.engine.support.hierarchical.ThrowableCollector.execute(ThrowableCollector.java:73)
	at org.junit.platform.engine.support.hierarchical.NodeTestTask.executeRecursively(NodeTestTask.java:138)
	at org.junit.platform.engine.support.hierarchical.NodeTestTask.execute(NodeTestTask.java:95)
	at org.junit.platform.engine.support.hierarchical.SameThreadHierarchicalTestExecutorService.submit(SameThreadHierarchicalTestExecutorService.java:35)
	at org.junit.platform.engine.support.hierarchical.HierarchicalTestExecutor.execute(HierarchicalTestExecutor.java:57)
	at org.junit.platform.engine.support.hierarchical.HierarchicalTestEngine.execute(HierarchicalTestEngine.java:54)
	at org.junit.platform.launcher.core.EngineExecutionOrchestrator.execute(EngineExecutionOrchestrator.java:147)
	at org.junit.platform.launcher.core.EngineExecutionOrchestrator.execute(EngineExecutionOrchestrator.java:127)
	at org.junit.platform.launcher.core.EngineExecutionOrchestrator.execute(EngineExecutionOrchestrator.java:90)
	at org.junit.platform.launcher.core.EngineExecutionOrchestrator.lambda$execute$0(EngineExecutionOrchestrator.java:55)
	at org.junit.platform.launcher.core.EngineExecutionOrchestrator.withInterceptedStreams(EngineExecutionOrchestrator.java:102)
	at org.junit.platform.launcher.core.EngineExecutionOrchestrator.execute(EngineExecutionOrchestrator.java:54)
	at org.junit.platform.launcher.core.DefaultLauncher.execute(DefaultLauncher.java:114)
	at org.junit.platform.launcher.core.DefaultLauncher.execute(DefaultLauncher.java:86)
	at org.junit.platform.launcher.core.DefaultLauncherSession$DelegatingLauncher.execute(DefaultLauncherSession.java:86)
	at org.junit.platform.launcher.core.SessionPerRequestLauncher.execute(SessionPerRequestLauncher.java:53)
	at com.intellij.junit5.JUnit5IdeaTestRunner.startRunnerWithArgs(JUnit5IdeaTestRunner.java:57)
	at com.intellij.rt.junit.IdeaTestRunner$Repeater$1.execute(IdeaTestRunner.java:38)
	at com.intellij.rt.execution.junit.TestsRepeater.repeat(TestsRepeater.java:11)
	at com.intellij.rt.junit.IdeaTestRunner$Repeater.startRunnerWithArgs(IdeaTestRunner.java:35)
	at com.intellij.rt.junit.JUnitStarter.prepareStreamsAndStart(JUnitStarter.java:232)
	at com.intellij.rt.junit.JUnitStarter.main(JUnitStarter.java:55)
2025-09-01 14:35:18 [main] ERROR c.p.t.s.s.e.a.AmadeusFlightService - Failed to search flight dates via API
com.pkfare.trip.scale.api.amadeus.exception.AmadeusApiException: null
	at com.pkfare.trip.scale.api.amadeus.flightdates.AmadeusFlightDatesAPI.flightDates(AmadeusFlightDatesAPI.java:38)
	at com.pkfare.trip.scale.service.external.amadeus.AmadeusFlightService.lambda$searchFlightDatesWithoutCache$0(AmadeusFlightService.java:136)
	at com.pkfare.trip.scale.service.external.amadeus.AmadeusFlightService.retryApiCall(AmadeusFlightService.java:378)
	at com.pkfare.trip.scale.service.external.amadeus.AmadeusFlightService.searchFlightDatesWithoutCache(AmadeusFlightService.java:134)
	at com.pkfare.trip.scale.service.external.amadeus.AmadeusFlightService.searchFlightDates(AmadeusFlightService.java:72)
	at com.pkfare.trip.scale.service.plan.FlightSearchService.searchOneWayFlightDates(FlightSearchService.java:304)
	at com.pkfare.trip.scale.service.plan.FlightSearchService.searchFlightDates(FlightSearchService.java:284)
	at com.pkfare.trip.scale.plan.service.GeneratePlanService.generatePlan(GeneratePlanService.java:86)
	at com.pkfare.trip.scale.service.plan.GeneratePlanServiceTest.testPlan_notPreciseTravel_onewaytrip(GeneratePlanServiceTest.java:46)
	at java.base/jdk.internal.reflect.DirectMethodHandleAccessor.invoke(DirectMethodHandleAccessor.java:103)
	at java.base/java.lang.reflect.Method.invoke(Method.java:580)
	at org.junit.platform.commons.util.ReflectionUtils.invokeMethod(ReflectionUtils.java:728)
	at org.junit.jupiter.engine.execution.MethodInvocation.proceed(MethodInvocation.java:60)
	at org.junit.jupiter.engine.execution.InvocationInterceptorChain$ValidatingInvocation.proceed(InvocationInterceptorChain.java:131)
	at org.junit.jupiter.engine.extension.TimeoutExtension.intercept(TimeoutExtension.java:156)
	at org.junit.jupiter.engine.extension.TimeoutExtension.interceptTestableMethod(TimeoutExtension.java:147)
	at org.junit.jupiter.engine.extension.TimeoutExtension.interceptTestMethod(TimeoutExtension.java:86)
	at org.junit.jupiter.engine.execution.InterceptingExecutableInvoker$ReflectiveInterceptorCall.lambda$ofVoidMethod$0(InterceptingExecutableInvoker.java:103)
	at org.junit.jupiter.engine.execution.InterceptingExecutableInvoker.lambda$invoke$0(InterceptingExecutableInvoker.java:93)
	at org.junit.jupiter.engine.execution.InvocationInterceptorChain$InterceptedInvocation.proceed(InvocationInterceptorChain.java:106)
	at org.junit.jupiter.engine.execution.InvocationInterceptorChain.proceed(InvocationInterceptorChain.java:64)
	at org.junit.jupiter.engine.execution.InvocationInterceptorChain.chainAndInvoke(InvocationInterceptorChain.java:45)
	at org.junit.jupiter.engine.execution.InvocationInterceptorChain.invoke(InvocationInterceptorChain.java:37)
	at org.junit.jupiter.engine.execution.InterceptingExecutableInvoker.invoke(InterceptingExecutableInvoker.java:92)
	at org.junit.jupiter.engine.execution.InterceptingExecutableInvoker.invoke(InterceptingExecutableInvoker.java:86)
	at org.junit.jupiter.engine.descriptor.TestMethodTestDescriptor.lambda$invokeTestMethod$7(TestMethodTestDescriptor.java:217)
	at org.junit.platform.engine.support.hierarchical.ThrowableCollector.execute(ThrowableCollector.java:73)
	at org.junit.jupiter.engine.descriptor.TestMethodTestDescriptor.invokeTestMethod(TestMethodTestDescriptor.java:213)
	at org.junit.jupiter.engine.descriptor.TestMethodTestDescriptor.execute(TestMethodTestDescriptor.java:138)
	at org.junit.jupiter.engine.descriptor.TestMethodTestDescriptor.execute(TestMethodTestDescriptor.java:68)
	at org.junit.platform.engine.support.hierarchical.NodeTestTask.lambda$executeRecursively$6(NodeTestTask.java:151)
	at org.junit.platform.engine.support.hierarchical.ThrowableCollector.execute(ThrowableCollector.java:73)
	at org.junit.platform.engine.support.hierarchical.NodeTestTask.lambda$executeRecursively$8(NodeTestTask.java:141)
	at org.junit.platform.engine.support.hierarchical.Node.around(Node.java:137)
	at org.junit.platform.engine.support.hierarchical.NodeTestTask.lambda$executeRecursively$9(NodeTestTask.java:139)
	at org.junit.platform.engine.support.hierarchical.ThrowableCollector.execute(ThrowableCollector.java:73)
	at org.junit.platform.engine.support.hierarchical.NodeTestTask.executeRecursively(NodeTestTask.java:138)
	at org.junit.platform.engine.support.hierarchical.NodeTestTask.execute(NodeTestTask.java:95)
	at java.base/java.util.ArrayList.forEach(ArrayList.java:1596)
	at org.junit.platform.engine.support.hierarchical.SameThreadHierarchicalTestExecutorService.invokeAll(SameThreadHierarchicalTestExecutorService.java:41)
	at org.junit.platform.engine.support.hierarchical.NodeTestTask.lambda$executeRecursively$6(NodeTestTask.java:155)
	at org.junit.platform.engine.support.hierarchical.ThrowableCollector.execute(ThrowableCollector.java:73)
	at org.junit.platform.engine.support.hierarchical.NodeTestTask.lambda$executeRecursively$8(NodeTestTask.java:141)
	at org.junit.platform.engine.support.hierarchical.Node.around(Node.java:137)
	at org.junit.platform.engine.support.hierarchical.NodeTestTask.lambda$executeRecursively$9(NodeTestTask.java:139)
	at org.junit.platform.engine.support.hierarchical.ThrowableCollector.execute(ThrowableCollector.java:73)
	at org.junit.platform.engine.support.hierarchical.NodeTestTask.executeRecursively(NodeTestTask.java:138)
	at org.junit.platform.engine.support.hierarchical.NodeTestTask.execute(NodeTestTask.java:95)
	at java.base/java.util.ArrayList.forEach(ArrayList.java:1596)
	at org.junit.platform.engine.support.hierarchical.SameThreadHierarchicalTestExecutorService.invokeAll(SameThreadHierarchicalTestExecutorService.java:41)
	at org.junit.platform.engine.support.hierarchical.NodeTestTask.lambda$executeRecursively$6(NodeTestTask.java:155)
	at org.junit.platform.engine.support.hierarchical.ThrowableCollector.execute(ThrowableCollector.java:73)
	at org.junit.platform.engine.support.hierarchical.NodeTestTask.lambda$executeRecursively$8(NodeTestTask.java:141)
	at org.junit.platform.engine.support.hierarchical.Node.around(Node.java:137)
	at org.junit.platform.engine.support.hierarchical.NodeTestTask.lambda$executeRecursively$9(NodeTestTask.java:139)
	at org.junit.platform.engine.support.hierarchical.ThrowableCollector.execute(ThrowableCollector.java:73)
	at org.junit.platform.engine.support.hierarchical.NodeTestTask.executeRecursively(NodeTestTask.java:138)
	at org.junit.platform.engine.support.hierarchical.NodeTestTask.execute(NodeTestTask.java:95)
	at org.junit.platform.engine.support.hierarchical.SameThreadHierarchicalTestExecutorService.submit(SameThreadHierarchicalTestExecutorService.java:35)
	at org.junit.platform.engine.support.hierarchical.HierarchicalTestExecutor.execute(HierarchicalTestExecutor.java:57)
	at org.junit.platform.engine.support.hierarchical.HierarchicalTestEngine.execute(HierarchicalTestEngine.java:54)
	at org.junit.platform.launcher.core.EngineExecutionOrchestrator.execute(EngineExecutionOrchestrator.java:147)
	at org.junit.platform.launcher.core.EngineExecutionOrchestrator.execute(EngineExecutionOrchestrator.java:127)
	at org.junit.platform.launcher.core.EngineExecutionOrchestrator.execute(EngineExecutionOrchestrator.java:90)
	at org.junit.platform.launcher.core.EngineExecutionOrchestrator.lambda$execute$0(EngineExecutionOrchestrator.java:55)
	at org.junit.platform.launcher.core.EngineExecutionOrchestrator.withInterceptedStreams(EngineExecutionOrchestrator.java:102)
	at org.junit.platform.launcher.core.EngineExecutionOrchestrator.execute(EngineExecutionOrchestrator.java:54)
	at org.junit.platform.launcher.core.DefaultLauncher.execute(DefaultLauncher.java:114)
	at org.junit.platform.launcher.core.DefaultLauncher.execute(DefaultLauncher.java:86)
	at org.junit.platform.launcher.core.DefaultLauncherSession$DelegatingLauncher.execute(DefaultLauncherSession.java:86)
	at org.junit.platform.launcher.core.SessionPerRequestLauncher.execute(SessionPerRequestLauncher.java:53)
	at com.intellij.junit5.JUnit5IdeaTestRunner.startRunnerWithArgs(JUnit5IdeaTestRunner.java:57)
	at com.intellij.rt.junit.IdeaTestRunner$Repeater$1.execute(IdeaTestRunner.java:38)
	at com.intellij.rt.execution.junit.TestsRepeater.repeat(TestsRepeater.java:11)
	at com.intellij.rt.junit.IdeaTestRunner$Repeater.startRunnerWithArgs(IdeaTestRunner.java:35)
	at com.intellij.rt.junit.JUnitStarter.prepareStreamsAndStart(JUnitStarter.java:232)
	at com.intellij.rt.junit.JUnitStarter.main(JUnitStarter.java:55)
2025-09-01 14:35:22 [main] WARN  c.p.t.s.s.e.a.AmadeusFlightService - API call attempt 1 failed: Failed to search flight dates: null
2025-09-01 14:35:28 [main] ERROR c.p.t.s.a.a.f.AmadeusFlightDatesAPI - call AmadeusFlightDatesAPI failed
com.amadeus.exceptions.NotFoundException: [404]
No response found for this query
	at com.amadeus.Response.detectError(Response.java:74)
	at com.amadeus.HTTPClient.execute(HTTPClient.java:361)
	at com.amadeus.HTTPClient.unauthenticatedRequest(HTTPClient.java:253)
	at com.amadeus.HTTPClient.request(HTTPClient.java:339)
	at com.amadeus.HTTPClient.get(HTTPClient.java:67)
	at com.amadeus.shopping.FlightDates.get(FlightDates.java:51)
	at com.pkfare.trip.scale.api.amadeus.flightdates.AmadeusFlightDatesAPI.flightDates(AmadeusFlightDatesAPI.java:26)
	at com.pkfare.trip.scale.service.external.amadeus.AmadeusFlightService.lambda$searchFlightDatesWithoutCache$0(AmadeusFlightService.java:136)
	at com.pkfare.trip.scale.service.external.amadeus.AmadeusFlightService.retryApiCall(AmadeusFlightService.java:378)
	at com.pkfare.trip.scale.service.external.amadeus.AmadeusFlightService.searchFlightDatesWithoutCache(AmadeusFlightService.java:134)
	at com.pkfare.trip.scale.service.external.amadeus.AmadeusFlightService.searchFlightDates(AmadeusFlightService.java:72)
	at com.pkfare.trip.scale.service.plan.FlightSearchService.searchOneWayFlightDates(FlightSearchService.java:304)
	at com.pkfare.trip.scale.service.plan.FlightSearchService.searchFlightDates(FlightSearchService.java:284)
	at com.pkfare.trip.scale.plan.service.GeneratePlanService.generatePlan(GeneratePlanService.java:86)
	at com.pkfare.trip.scale.service.plan.GeneratePlanServiceTest.testPlan_notPreciseTravel_onewaytrip(GeneratePlanServiceTest.java:46)
	at java.base/jdk.internal.reflect.DirectMethodHandleAccessor.invoke(DirectMethodHandleAccessor.java:103)
	at java.base/java.lang.reflect.Method.invoke(Method.java:580)
	at org.junit.platform.commons.util.ReflectionUtils.invokeMethod(ReflectionUtils.java:728)
	at org.junit.jupiter.engine.execution.MethodInvocation.proceed(MethodInvocation.java:60)
	at org.junit.jupiter.engine.execution.InvocationInterceptorChain$ValidatingInvocation.proceed(InvocationInterceptorChain.java:131)
	at org.junit.jupiter.engine.extension.TimeoutExtension.intercept(TimeoutExtension.java:156)
	at org.junit.jupiter.engine.extension.TimeoutExtension.interceptTestableMethod(TimeoutExtension.java:147)
	at org.junit.jupiter.engine.extension.TimeoutExtension.interceptTestMethod(TimeoutExtension.java:86)
	at org.junit.jupiter.engine.execution.InterceptingExecutableInvoker$ReflectiveInterceptorCall.lambda$ofVoidMethod$0(InterceptingExecutableInvoker.java:103)
	at org.junit.jupiter.engine.execution.InterceptingExecutableInvoker.lambda$invoke$0(InterceptingExecutableInvoker.java:93)
	at org.junit.jupiter.engine.execution.InvocationInterceptorChain$InterceptedInvocation.proceed(InvocationInterceptorChain.java:106)
	at org.junit.jupiter.engine.execution.InvocationInterceptorChain.proceed(InvocationInterceptorChain.java:64)
	at org.junit.jupiter.engine.execution.InvocationInterceptorChain.chainAndInvoke(InvocationInterceptorChain.java:45)
	at org.junit.jupiter.engine.execution.InvocationInterceptorChain.invoke(InvocationInterceptorChain.java:37)
	at org.junit.jupiter.engine.execution.InterceptingExecutableInvoker.invoke(InterceptingExecutableInvoker.java:92)
	at org.junit.jupiter.engine.execution.InterceptingExecutableInvoker.invoke(InterceptingExecutableInvoker.java:86)
	at org.junit.jupiter.engine.descriptor.TestMethodTestDescriptor.lambda$invokeTestMethod$7(TestMethodTestDescriptor.java:217)
	at org.junit.platform.engine.support.hierarchical.ThrowableCollector.execute(ThrowableCollector.java:73)
	at org.junit.jupiter.engine.descriptor.TestMethodTestDescriptor.invokeTestMethod(TestMethodTestDescriptor.java:213)
	at org.junit.jupiter.engine.descriptor.TestMethodTestDescriptor.execute(TestMethodTestDescriptor.java:138)
	at org.junit.jupiter.engine.descriptor.TestMethodTestDescriptor.execute(TestMethodTestDescriptor.java:68)
	at org.junit.platform.engine.support.hierarchical.NodeTestTask.lambda$executeRecursively$6(NodeTestTask.java:151)
	at org.junit.platform.engine.support.hierarchical.ThrowableCollector.execute(ThrowableCollector.java:73)
	at org.junit.platform.engine.support.hierarchical.NodeTestTask.lambda$executeRecursively$8(NodeTestTask.java:141)
	at org.junit.platform.engine.support.hierarchical.Node.around(Node.java:137)
	at org.junit.platform.engine.support.hierarchical.NodeTestTask.lambda$executeRecursively$9(NodeTestTask.java:139)
	at org.junit.platform.engine.support.hierarchical.ThrowableCollector.execute(ThrowableCollector.java:73)
	at org.junit.platform.engine.support.hierarchical.NodeTestTask.executeRecursively(NodeTestTask.java:138)
	at org.junit.platform.engine.support.hierarchical.NodeTestTask.execute(NodeTestTask.java:95)
	at java.base/java.util.ArrayList.forEach(ArrayList.java:1596)
	at org.junit.platform.engine.support.hierarchical.SameThreadHierarchicalTestExecutorService.invokeAll(SameThreadHierarchicalTestExecutorService.java:41)
	at org.junit.platform.engine.support.hierarchical.NodeTestTask.lambda$executeRecursively$6(NodeTestTask.java:155)
	at org.junit.platform.engine.support.hierarchical.ThrowableCollector.execute(ThrowableCollector.java:73)
	at org.junit.platform.engine.support.hierarchical.NodeTestTask.lambda$executeRecursively$8(NodeTestTask.java:141)
	at org.junit.platform.engine.support.hierarchical.Node.around(Node.java:137)
	at org.junit.platform.engine.support.hierarchical.NodeTestTask.lambda$executeRecursively$9(NodeTestTask.java:139)
	at org.junit.platform.engine.support.hierarchical.ThrowableCollector.execute(ThrowableCollector.java:73)
	at org.junit.platform.engine.support.hierarchical.NodeTestTask.executeRecursively(NodeTestTask.java:138)
	at org.junit.platform.engine.support.hierarchical.NodeTestTask.execute(NodeTestTask.java:95)
	at java.base/java.util.ArrayList.forEach(ArrayList.java:1596)
	at org.junit.platform.engine.support.hierarchical.SameThreadHierarchicalTestExecutorService.invokeAll(SameThreadHierarchicalTestExecutorService.java:41)
	at org.junit.platform.engine.support.hierarchical.NodeTestTask.lambda$executeRecursively$6(NodeTestTask.java:155)
	at org.junit.platform.engine.support.hierarchical.ThrowableCollector.execute(ThrowableCollector.java:73)
	at org.junit.platform.engine.support.hierarchical.NodeTestTask.lambda$executeRecursively$8(NodeTestTask.java:141)
	at org.junit.platform.engine.support.hierarchical.Node.around(Node.java:137)
	at org.junit.platform.engine.support.hierarchical.NodeTestTask.lambda$executeRecursively$9(NodeTestTask.java:139)
	at org.junit.platform.engine.support.hierarchical.ThrowableCollector.execute(ThrowableCollector.java:73)
	at org.junit.platform.engine.support.hierarchical.NodeTestTask.executeRecursively(NodeTestTask.java:138)
	at org.junit.platform.engine.support.hierarchical.NodeTestTask.execute(NodeTestTask.java:95)
	at org.junit.platform.engine.support.hierarchical.SameThreadHierarchicalTestExecutorService.submit(SameThreadHierarchicalTestExecutorService.java:35)
	at org.junit.platform.engine.support.hierarchical.HierarchicalTestExecutor.execute(HierarchicalTestExecutor.java:57)
	at org.junit.platform.engine.support.hierarchical.HierarchicalTestEngine.execute(HierarchicalTestEngine.java:54)
	at org.junit.platform.launcher.core.EngineExecutionOrchestrator.execute(EngineExecutionOrchestrator.java:147)
	at org.junit.platform.launcher.core.EngineExecutionOrchestrator.execute(EngineExecutionOrchestrator.java:127)
	at org.junit.platform.launcher.core.EngineExecutionOrchestrator.execute(EngineExecutionOrchestrator.java:90)
	at org.junit.platform.launcher.core.EngineExecutionOrchestrator.lambda$execute$0(EngineExecutionOrchestrator.java:55)
	at org.junit.platform.launcher.core.EngineExecutionOrchestrator.withInterceptedStreams(EngineExecutionOrchestrator.java:102)
	at org.junit.platform.launcher.core.EngineExecutionOrchestrator.execute(EngineExecutionOrchestrator.java:54)
	at org.junit.platform.launcher.core.DefaultLauncher.execute(DefaultLauncher.java:114)
	at org.junit.platform.launcher.core.DefaultLauncher.execute(DefaultLauncher.java:86)
	at org.junit.platform.launcher.core.DefaultLauncherSession$DelegatingLauncher.execute(DefaultLauncherSession.java:86)
	at org.junit.platform.launcher.core.SessionPerRequestLauncher.execute(SessionPerRequestLauncher.java:53)
	at com.intellij.junit5.JUnit5IdeaTestRunner.startRunnerWithArgs(JUnit5IdeaTestRunner.java:57)
	at com.intellij.rt.junit.IdeaTestRunner$Repeater$1.execute(IdeaTestRunner.java:38)
	at com.intellij.rt.execution.junit.TestsRepeater.repeat(TestsRepeater.java:11)
	at com.intellij.rt.junit.IdeaTestRunner$Repeater.startRunnerWithArgs(IdeaTestRunner.java:35)
	at com.intellij.rt.junit.JUnitStarter.prepareStreamsAndStart(JUnitStarter.java:232)
	at com.intellij.rt.junit.JUnitStarter.main(JUnitStarter.java:55)
2025-09-01 14:35:28 [main] ERROR c.p.t.s.s.e.a.AmadeusFlightService - Failed to search flight dates via API
com.pkfare.trip.scale.api.amadeus.exception.AmadeusApiException: null
	at com.pkfare.trip.scale.api.amadeus.flightdates.AmadeusFlightDatesAPI.flightDates(AmadeusFlightDatesAPI.java:38)
	at com.pkfare.trip.scale.service.external.amadeus.AmadeusFlightService.lambda$searchFlightDatesWithoutCache$0(AmadeusFlightService.java:136)
	at com.pkfare.trip.scale.service.external.amadeus.AmadeusFlightService.retryApiCall(AmadeusFlightService.java:378)
	at com.pkfare.trip.scale.service.external.amadeus.AmadeusFlightService.searchFlightDatesWithoutCache(AmadeusFlightService.java:134)
	at com.pkfare.trip.scale.service.external.amadeus.AmadeusFlightService.searchFlightDates(AmadeusFlightService.java:72)
	at com.pkfare.trip.scale.service.plan.FlightSearchService.searchOneWayFlightDates(FlightSearchService.java:304)
	at com.pkfare.trip.scale.service.plan.FlightSearchService.searchFlightDates(FlightSearchService.java:284)
	at com.pkfare.trip.scale.plan.service.GeneratePlanService.generatePlan(GeneratePlanService.java:86)
	at com.pkfare.trip.scale.service.plan.GeneratePlanServiceTest.testPlan_notPreciseTravel_onewaytrip(GeneratePlanServiceTest.java:46)
	at java.base/jdk.internal.reflect.DirectMethodHandleAccessor.invoke(DirectMethodHandleAccessor.java:103)
	at java.base/java.lang.reflect.Method.invoke(Method.java:580)
	at org.junit.platform.commons.util.ReflectionUtils.invokeMethod(ReflectionUtils.java:728)
	at org.junit.jupiter.engine.execution.MethodInvocation.proceed(MethodInvocation.java:60)
	at org.junit.jupiter.engine.execution.InvocationInterceptorChain$ValidatingInvocation.proceed(InvocationInterceptorChain.java:131)
	at org.junit.jupiter.engine.extension.TimeoutExtension.intercept(TimeoutExtension.java:156)
	at org.junit.jupiter.engine.extension.TimeoutExtension.interceptTestableMethod(TimeoutExtension.java:147)
	at org.junit.jupiter.engine.extension.TimeoutExtension.interceptTestMethod(TimeoutExtension.java:86)
	at org.junit.jupiter.engine.execution.InterceptingExecutableInvoker$ReflectiveInterceptorCall.lambda$ofVoidMethod$0(InterceptingExecutableInvoker.java:103)
	at org.junit.jupiter.engine.execution.InterceptingExecutableInvoker.lambda$invoke$0(InterceptingExecutableInvoker.java:93)
	at org.junit.jupiter.engine.execution.InvocationInterceptorChain$InterceptedInvocation.proceed(InvocationInterceptorChain.java:106)
	at org.junit.jupiter.engine.execution.InvocationInterceptorChain.proceed(InvocationInterceptorChain.java:64)
	at org.junit.jupiter.engine.execution.InvocationInterceptorChain.chainAndInvoke(InvocationInterceptorChain.java:45)
	at org.junit.jupiter.engine.execution.InvocationInterceptorChain.invoke(InvocationInterceptorChain.java:37)
	at org.junit.jupiter.engine.execution.InterceptingExecutableInvoker.invoke(InterceptingExecutableInvoker.java:92)
	at org.junit.jupiter.engine.execution.InterceptingExecutableInvoker.invoke(InterceptingExecutableInvoker.java:86)
	at org.junit.jupiter.engine.descriptor.TestMethodTestDescriptor.lambda$invokeTestMethod$7(TestMethodTestDescriptor.java:217)
	at org.junit.platform.engine.support.hierarchical.ThrowableCollector.execute(ThrowableCollector.java:73)
	at org.junit.jupiter.engine.descriptor.TestMethodTestDescriptor.invokeTestMethod(TestMethodTestDescriptor.java:213)
	at org.junit.jupiter.engine.descriptor.TestMethodTestDescriptor.execute(TestMethodTestDescriptor.java:138)
	at org.junit.jupiter.engine.descriptor.TestMethodTestDescriptor.execute(TestMethodTestDescriptor.java:68)
	at org.junit.platform.engine.support.hierarchical.NodeTestTask.lambda$executeRecursively$6(NodeTestTask.java:151)
	at org.junit.platform.engine.support.hierarchical.ThrowableCollector.execute(ThrowableCollector.java:73)
	at org.junit.platform.engine.support.hierarchical.NodeTestTask.lambda$executeRecursively$8(NodeTestTask.java:141)
	at org.junit.platform.engine.support.hierarchical.Node.around(Node.java:137)
	at org.junit.platform.engine.support.hierarchical.NodeTestTask.lambda$executeRecursively$9(NodeTestTask.java:139)
	at org.junit.platform.engine.support.hierarchical.ThrowableCollector.execute(ThrowableCollector.java:73)
	at org.junit.platform.engine.support.hierarchical.NodeTestTask.executeRecursively(NodeTestTask.java:138)
	at org.junit.platform.engine.support.hierarchical.NodeTestTask.execute(NodeTestTask.java:95)
	at java.base/java.util.ArrayList.forEach(ArrayList.java:1596)
	at org.junit.platform.engine.support.hierarchical.SameThreadHierarchicalTestExecutorService.invokeAll(SameThreadHierarchicalTestExecutorService.java:41)
	at org.junit.platform.engine.support.hierarchical.NodeTestTask.lambda$executeRecursively$6(NodeTestTask.java:155)
	at org.junit.platform.engine.support.hierarchical.ThrowableCollector.execute(ThrowableCollector.java:73)
	at org.junit.platform.engine.support.hierarchical.NodeTestTask.lambda$executeRecursively$8(NodeTestTask.java:141)
	at org.junit.platform.engine.support.hierarchical.Node.around(Node.java:137)
	at org.junit.platform.engine.support.hierarchical.NodeTestTask.lambda$executeRecursively$9(NodeTestTask.java:139)
	at org.junit.platform.engine.support.hierarchical.ThrowableCollector.execute(ThrowableCollector.java:73)
	at org.junit.platform.engine.support.hierarchical.NodeTestTask.executeRecursively(NodeTestTask.java:138)
	at org.junit.platform.engine.support.hierarchical.NodeTestTask.execute(NodeTestTask.java:95)
	at java.base/java.util.ArrayList.forEach(ArrayList.java:1596)
	at org.junit.platform.engine.support.hierarchical.SameThreadHierarchicalTestExecutorService.invokeAll(SameThreadHierarchicalTestExecutorService.java:41)
	at org.junit.platform.engine.support.hierarchical.NodeTestTask.lambda$executeRecursively$6(NodeTestTask.java:155)
	at org.junit.platform.engine.support.hierarchical.ThrowableCollector.execute(ThrowableCollector.java:73)
	at org.junit.platform.engine.support.hierarchical.NodeTestTask.lambda$executeRecursively$8(NodeTestTask.java:141)
	at org.junit.platform.engine.support.hierarchical.Node.around(Node.java:137)
	at org.junit.platform.engine.support.hierarchical.NodeTestTask.lambda$executeRecursively$9(NodeTestTask.java:139)
	at org.junit.platform.engine.support.hierarchical.ThrowableCollector.execute(ThrowableCollector.java:73)
	at org.junit.platform.engine.support.hierarchical.NodeTestTask.executeRecursively(NodeTestTask.java:138)
	at org.junit.platform.engine.support.hierarchical.NodeTestTask.execute(NodeTestTask.java:95)
	at org.junit.platform.engine.support.hierarchical.SameThreadHierarchicalTestExecutorService.submit(SameThreadHierarchicalTestExecutorService.java:35)
	at org.junit.platform.engine.support.hierarchical.HierarchicalTestExecutor.execute(HierarchicalTestExecutor.java:57)
	at org.junit.platform.engine.support.hierarchical.HierarchicalTestEngine.execute(HierarchicalTestEngine.java:54)
	at org.junit.platform.launcher.core.EngineExecutionOrchestrator.execute(EngineExecutionOrchestrator.java:147)
	at org.junit.platform.launcher.core.EngineExecutionOrchestrator.execute(EngineExecutionOrchestrator.java:127)
	at org.junit.platform.launcher.core.EngineExecutionOrchestrator.execute(EngineExecutionOrchestrator.java:90)
	at org.junit.platform.launcher.core.EngineExecutionOrchestrator.lambda$execute$0(EngineExecutionOrchestrator.java:55)
	at org.junit.platform.launcher.core.EngineExecutionOrchestrator.withInterceptedStreams(EngineExecutionOrchestrator.java:102)
	at org.junit.platform.launcher.core.EngineExecutionOrchestrator.execute(EngineExecutionOrchestrator.java:54)
	at org.junit.platform.launcher.core.DefaultLauncher.execute(DefaultLauncher.java:114)
	at org.junit.platform.launcher.core.DefaultLauncher.execute(DefaultLauncher.java:86)
	at org.junit.platform.launcher.core.DefaultLauncherSession$DelegatingLauncher.execute(DefaultLauncherSession.java:86)
	at org.junit.platform.launcher.core.SessionPerRequestLauncher.execute(SessionPerRequestLauncher.java:53)
	at com.intellij.junit5.JUnit5IdeaTestRunner.startRunnerWithArgs(JUnit5IdeaTestRunner.java:57)
	at com.intellij.rt.junit.IdeaTestRunner$Repeater$1.execute(IdeaTestRunner.java:38)
	at com.intellij.rt.execution.junit.TestsRepeater.repeat(TestsRepeater.java:11)
	at com.intellij.rt.junit.IdeaTestRunner$Repeater.startRunnerWithArgs(IdeaTestRunner.java:35)
	at com.intellij.rt.junit.JUnitStarter.prepareStreamsAndStart(JUnitStarter.java:232)
	at com.intellij.rt.junit.JUnitStarter.main(JUnitStarter.java:55)
2025-09-01 14:35:28 [main] WARN  c.p.t.s.s.e.a.AmadeusFlightService - API call attempt 2 failed: Failed to search flight dates: null
2025-09-01 14:35:30 [main] ERROR c.p.t.s.a.a.f.AmadeusFlightDatesAPI - call AmadeusFlightDatesAPI failed
com.amadeus.exceptions.NotFoundException: [404]
No response found for this query
	at com.amadeus.Response.detectError(Response.java:74)
	at com.amadeus.HTTPClient.execute(HTTPClient.java:361)
	at com.amadeus.HTTPClient.unauthenticatedRequest(HTTPClient.java:253)
	at com.amadeus.HTTPClient.request(HTTPClient.java:339)
	at com.amadeus.HTTPClient.get(HTTPClient.java:67)
	at com.amadeus.shopping.FlightDates.get(FlightDates.java:51)
	at com.pkfare.trip.scale.api.amadeus.flightdates.AmadeusFlightDatesAPI.flightDates(AmadeusFlightDatesAPI.java:26)
	at com.pkfare.trip.scale.service.external.amadeus.AmadeusFlightService.lambda$searchFlightDatesWithoutCache$0(AmadeusFlightService.java:136)
	at com.pkfare.trip.scale.service.external.amadeus.AmadeusFlightService.retryApiCall(AmadeusFlightService.java:378)
	at com.pkfare.trip.scale.service.external.amadeus.AmadeusFlightService.searchFlightDatesWithoutCache(AmadeusFlightService.java:134)
	at com.pkfare.trip.scale.service.external.amadeus.AmadeusFlightService.searchFlightDates(AmadeusFlightService.java:72)
	at com.pkfare.trip.scale.service.plan.FlightSearchService.searchOneWayFlightDates(FlightSearchService.java:304)
	at com.pkfare.trip.scale.service.plan.FlightSearchService.searchFlightDates(FlightSearchService.java:284)
	at com.pkfare.trip.scale.plan.service.GeneratePlanService.generatePlan(GeneratePlanService.java:86)
	at com.pkfare.trip.scale.service.plan.GeneratePlanServiceTest.testPlan_notPreciseTravel_onewaytrip(GeneratePlanServiceTest.java:46)
	at java.base/jdk.internal.reflect.DirectMethodHandleAccessor.invoke(DirectMethodHandleAccessor.java:103)
	at java.base/java.lang.reflect.Method.invoke(Method.java:580)
	at org.junit.platform.commons.util.ReflectionUtils.invokeMethod(ReflectionUtils.java:728)
	at org.junit.jupiter.engine.execution.MethodInvocation.proceed(MethodInvocation.java:60)
	at org.junit.jupiter.engine.execution.InvocationInterceptorChain$ValidatingInvocation.proceed(InvocationInterceptorChain.java:131)
	at org.junit.jupiter.engine.extension.TimeoutExtension.intercept(TimeoutExtension.java:156)
	at org.junit.jupiter.engine.extension.TimeoutExtension.interceptTestableMethod(TimeoutExtension.java:147)
	at org.junit.jupiter.engine.extension.TimeoutExtension.interceptTestMethod(TimeoutExtension.java:86)
	at org.junit.jupiter.engine.execution.InterceptingExecutableInvoker$ReflectiveInterceptorCall.lambda$ofVoidMethod$0(InterceptingExecutableInvoker.java:103)
	at org.junit.jupiter.engine.execution.InterceptingExecutableInvoker.lambda$invoke$0(InterceptingExecutableInvoker.java:93)
	at org.junit.jupiter.engine.execution.InvocationInterceptorChain$InterceptedInvocation.proceed(InvocationInterceptorChain.java:106)
	at org.junit.jupiter.engine.execution.InvocationInterceptorChain.proceed(InvocationInterceptorChain.java:64)
	at org.junit.jupiter.engine.execution.InvocationInterceptorChain.chainAndInvoke(InvocationInterceptorChain.java:45)
	at org.junit.jupiter.engine.execution.InvocationInterceptorChain.invoke(InvocationInterceptorChain.java:37)
	at org.junit.jupiter.engine.execution.InterceptingExecutableInvoker.invoke(InterceptingExecutableInvoker.java:92)
	at org.junit.jupiter.engine.execution.InterceptingExecutableInvoker.invoke(InterceptingExecutableInvoker.java:86)
	at org.junit.jupiter.engine.descriptor.TestMethodTestDescriptor.lambda$invokeTestMethod$7(TestMethodTestDescriptor.java:217)
	at org.junit.platform.engine.support.hierarchical.ThrowableCollector.execute(ThrowableCollector.java:73)
	at org.junit.jupiter.engine.descriptor.TestMethodTestDescriptor.invokeTestMethod(TestMethodTestDescriptor.java:213)
	at org.junit.jupiter.engine.descriptor.TestMethodTestDescriptor.execute(TestMethodTestDescriptor.java:138)
	at org.junit.jupiter.engine.descriptor.TestMethodTestDescriptor.execute(TestMethodTestDescriptor.java:68)
	at org.junit.platform.engine.support.hierarchical.NodeTestTask.lambda$executeRecursively$6(NodeTestTask.java:151)
	at org.junit.platform.engine.support.hierarchical.ThrowableCollector.execute(ThrowableCollector.java:73)
	at org.junit.platform.engine.support.hierarchical.NodeTestTask.lambda$executeRecursively$8(NodeTestTask.java:141)
	at org.junit.platform.engine.support.hierarchical.Node.around(Node.java:137)
	at org.junit.platform.engine.support.hierarchical.NodeTestTask.lambda$executeRecursively$9(NodeTestTask.java:139)
	at org.junit.platform.engine.support.hierarchical.ThrowableCollector.execute(ThrowableCollector.java:73)
	at org.junit.platform.engine.support.hierarchical.NodeTestTask.executeRecursively(NodeTestTask.java:138)
	at org.junit.platform.engine.support.hierarchical.NodeTestTask.execute(NodeTestTask.java:95)
	at java.base/java.util.ArrayList.forEach(ArrayList.java:1596)
	at org.junit.platform.engine.support.hierarchical.SameThreadHierarchicalTestExecutorService.invokeAll(SameThreadHierarchicalTestExecutorService.java:41)
	at org.junit.platform.engine.support.hierarchical.NodeTestTask.lambda$executeRecursively$6(NodeTestTask.java:155)
	at org.junit.platform.engine.support.hierarchical.ThrowableCollector.execute(ThrowableCollector.java:73)
	at org.junit.platform.engine.support.hierarchical.NodeTestTask.lambda$executeRecursively$8(NodeTestTask.java:141)
	at org.junit.platform.engine.support.hierarchical.Node.around(Node.java:137)
	at org.junit.platform.engine.support.hierarchical.NodeTestTask.lambda$executeRecursively$9(NodeTestTask.java:139)
	at org.junit.platform.engine.support.hierarchical.ThrowableCollector.execute(ThrowableCollector.java:73)
	at org.junit.platform.engine.support.hierarchical.NodeTestTask.executeRecursively(NodeTestTask.java:138)
	at org.junit.platform.engine.support.hierarchical.NodeTestTask.execute(NodeTestTask.java:95)
	at java.base/java.util.ArrayList.forEach(ArrayList.java:1596)
	at org.junit.platform.engine.support.hierarchical.SameThreadHierarchicalTestExecutorService.invokeAll(SameThreadHierarchicalTestExecutorService.java:41)
	at org.junit.platform.engine.support.hierarchical.NodeTestTask.lambda$executeRecursively$6(NodeTestTask.java:155)
	at org.junit.platform.engine.support.hierarchical.ThrowableCollector.execute(ThrowableCollector.java:73)
	at org.junit.platform.engine.support.hierarchical.NodeTestTask.lambda$executeRecursively$8(NodeTestTask.java:141)
	at org.junit.platform.engine.support.hierarchical.Node.around(Node.java:137)
	at org.junit.platform.engine.support.hierarchical.NodeTestTask.lambda$executeRecursively$9(NodeTestTask.java:139)
	at org.junit.platform.engine.support.hierarchical.ThrowableCollector.execute(ThrowableCollector.java:73)
	at org.junit.platform.engine.support.hierarchical.NodeTestTask.executeRecursively(NodeTestTask.java:138)
	at org.junit.platform.engine.support.hierarchical.NodeTestTask.execute(NodeTestTask.java:95)
	at org.junit.platform.engine.support.hierarchical.SameThreadHierarchicalTestExecutorService.submit(SameThreadHierarchicalTestExecutorService.java:35)
	at org.junit.platform.engine.support.hierarchical.HierarchicalTestExecutor.execute(HierarchicalTestExecutor.java:57)
	at org.junit.platform.engine.support.hierarchical.HierarchicalTestEngine.execute(HierarchicalTestEngine.java:54)
	at org.junit.platform.launcher.core.EngineExecutionOrchestrator.execute(EngineExecutionOrchestrator.java:147)
	at org.junit.platform.launcher.core.EngineExecutionOrchestrator.execute(EngineExecutionOrchestrator.java:127)
	at org.junit.platform.launcher.core.EngineExecutionOrchestrator.execute(EngineExecutionOrchestrator.java:90)
	at org.junit.platform.launcher.core.EngineExecutionOrchestrator.lambda$execute$0(EngineExecutionOrchestrator.java:55)
	at org.junit.platform.launcher.core.EngineExecutionOrchestrator.withInterceptedStreams(EngineExecutionOrchestrator.java:102)
	at org.junit.platform.launcher.core.EngineExecutionOrchestrator.execute(EngineExecutionOrchestrator.java:54)
	at org.junit.platform.launcher.core.DefaultLauncher.execute(DefaultLauncher.java:114)
	at org.junit.platform.launcher.core.DefaultLauncher.execute(DefaultLauncher.java:86)
	at org.junit.platform.launcher.core.DefaultLauncherSession$DelegatingLauncher.execute(DefaultLauncherSession.java:86)
	at org.junit.platform.launcher.core.SessionPerRequestLauncher.execute(SessionPerRequestLauncher.java:53)
	at com.intellij.junit5.JUnit5IdeaTestRunner.startRunnerWithArgs(JUnit5IdeaTestRunner.java:57)
	at com.intellij.rt.junit.IdeaTestRunner$Repeater$1.execute(IdeaTestRunner.java:38)
	at com.intellij.rt.execution.junit.TestsRepeater.repeat(TestsRepeater.java:11)
	at com.intellij.rt.junit.IdeaTestRunner$Repeater.startRunnerWithArgs(IdeaTestRunner.java:35)
	at com.intellij.rt.junit.JUnitStarter.prepareStreamsAndStart(JUnitStarter.java:232)
	at com.intellij.rt.junit.JUnitStarter.main(JUnitStarter.java:55)
2025-09-01 14:35:30 [main] ERROR c.p.t.s.s.e.a.AmadeusFlightService - Failed to search flight dates via API
com.pkfare.trip.scale.api.amadeus.exception.AmadeusApiException: null
	at com.pkfare.trip.scale.api.amadeus.flightdates.AmadeusFlightDatesAPI.flightDates(AmadeusFlightDatesAPI.java:38)
	at com.pkfare.trip.scale.service.external.amadeus.AmadeusFlightService.lambda$searchFlightDatesWithoutCache$0(AmadeusFlightService.java:136)
	at com.pkfare.trip.scale.service.external.amadeus.AmadeusFlightService.retryApiCall(AmadeusFlightService.java:378)
	at com.pkfare.trip.scale.service.external.amadeus.AmadeusFlightService.searchFlightDatesWithoutCache(AmadeusFlightService.java:134)
	at com.pkfare.trip.scale.service.external.amadeus.AmadeusFlightService.searchFlightDates(AmadeusFlightService.java:72)
	at com.pkfare.trip.scale.service.plan.FlightSearchService.searchOneWayFlightDates(FlightSearchService.java:304)
	at com.pkfare.trip.scale.service.plan.FlightSearchService.searchFlightDates(FlightSearchService.java:284)
	at com.pkfare.trip.scale.plan.service.GeneratePlanService.generatePlan(GeneratePlanService.java:86)
	at com.pkfare.trip.scale.service.plan.GeneratePlanServiceTest.testPlan_notPreciseTravel_onewaytrip(GeneratePlanServiceTest.java:46)
	at java.base/jdk.internal.reflect.DirectMethodHandleAccessor.invoke(DirectMethodHandleAccessor.java:103)
	at java.base/java.lang.reflect.Method.invoke(Method.java:580)
	at org.junit.platform.commons.util.ReflectionUtils.invokeMethod(ReflectionUtils.java:728)
	at org.junit.jupiter.engine.execution.MethodInvocation.proceed(MethodInvocation.java:60)
	at org.junit.jupiter.engine.execution.InvocationInterceptorChain$ValidatingInvocation.proceed(InvocationInterceptorChain.java:131)
	at org.junit.jupiter.engine.extension.TimeoutExtension.intercept(TimeoutExtension.java:156)
	at org.junit.jupiter.engine.extension.TimeoutExtension.interceptTestableMethod(TimeoutExtension.java:147)
	at org.junit.jupiter.engine.extension.TimeoutExtension.interceptTestMethod(TimeoutExtension.java:86)
	at org.junit.jupiter.engine.execution.InterceptingExecutableInvoker$ReflectiveInterceptorCall.lambda$ofVoidMethod$0(InterceptingExecutableInvoker.java:103)
	at org.junit.jupiter.engine.execution.InterceptingExecutableInvoker.lambda$invoke$0(InterceptingExecutableInvoker.java:93)
	at org.junit.jupiter.engine.execution.InvocationInterceptorChain$InterceptedInvocation.proceed(InvocationInterceptorChain.java:106)
	at org.junit.jupiter.engine.execution.InvocationInterceptorChain.proceed(InvocationInterceptorChain.java:64)
	at org.junit.jupiter.engine.execution.InvocationInterceptorChain.chainAndInvoke(InvocationInterceptorChain.java:45)
	at org.junit.jupiter.engine.execution.InvocationInterceptorChain.invoke(InvocationInterceptorChain.java:37)
	at org.junit.jupiter.engine.execution.InterceptingExecutableInvoker.invoke(InterceptingExecutableInvoker.java:92)
	at org.junit.jupiter.engine.execution.InterceptingExecutableInvoker.invoke(InterceptingExecutableInvoker.java:86)
	at org.junit.jupiter.engine.descriptor.TestMethodTestDescriptor.lambda$invokeTestMethod$7(TestMethodTestDescriptor.java:217)
	at org.junit.platform.engine.support.hierarchical.ThrowableCollector.execute(ThrowableCollector.java:73)
	at org.junit.jupiter.engine.descriptor.TestMethodTestDescriptor.invokeTestMethod(TestMethodTestDescriptor.java:213)
	at org.junit.jupiter.engine.descriptor.TestMethodTestDescriptor.execute(TestMethodTestDescriptor.java:138)
	at org.junit.jupiter.engine.descriptor.TestMethodTestDescriptor.execute(TestMethodTestDescriptor.java:68)
	at org.junit.platform.engine.support.hierarchical.NodeTestTask.lambda$executeRecursively$6(NodeTestTask.java:151)
	at org.junit.platform.engine.support.hierarchical.ThrowableCollector.execute(ThrowableCollector.java:73)
	at org.junit.platform.engine.support.hierarchical.NodeTestTask.lambda$executeRecursively$8(NodeTestTask.java:141)
	at org.junit.platform.engine.support.hierarchical.Node.around(Node.java:137)
	at org.junit.platform.engine.support.hierarchical.NodeTestTask.lambda$executeRecursively$9(NodeTestTask.java:139)
	at org.junit.platform.engine.support.hierarchical.ThrowableCollector.execute(ThrowableCollector.java:73)
	at org.junit.platform.engine.support.hierarchical.NodeTestTask.executeRecursively(NodeTestTask.java:138)
	at org.junit.platform.engine.support.hierarchical.NodeTestTask.execute(NodeTestTask.java:95)
	at java.base/java.util.ArrayList.forEach(ArrayList.java:1596)
	at org.junit.platform.engine.support.hierarchical.SameThreadHierarchicalTestExecutorService.invokeAll(SameThreadHierarchicalTestExecutorService.java:41)
	at org.junit.platform.engine.support.hierarchical.NodeTestTask.lambda$executeRecursively$6(NodeTestTask.java:155)
	at org.junit.platform.engine.support.hierarchical.ThrowableCollector.execute(ThrowableCollector.java:73)
	at org.junit.platform.engine.support.hierarchical.NodeTestTask.lambda$executeRecursively$8(NodeTestTask.java:141)
	at org.junit.platform.engine.support.hierarchical.Node.around(Node.java:137)
	at org.junit.platform.engine.support.hierarchical.NodeTestTask.lambda$executeRecursively$9(NodeTestTask.java:139)
	at org.junit.platform.engine.support.hierarchical.ThrowableCollector.execute(ThrowableCollector.java:73)
	at org.junit.platform.engine.support.hierarchical.NodeTestTask.executeRecursively(NodeTestTask.java:138)
	at org.junit.platform.engine.support.hierarchical.NodeTestTask.execute(NodeTestTask.java:95)
	at java.base/java.util.ArrayList.forEach(ArrayList.java:1596)
	at org.junit.platform.engine.support.hierarchical.SameThreadHierarchicalTestExecutorService.invokeAll(SameThreadHierarchicalTestExecutorService.java:41)
	at org.junit.platform.engine.support.hierarchical.NodeTestTask.lambda$executeRecursively$6(NodeTestTask.java:155)
	at org.junit.platform.engine.support.hierarchical.ThrowableCollector.execute(ThrowableCollector.java:73)
	at org.junit.platform.engine.support.hierarchical.NodeTestTask.lambda$executeRecursively$8(NodeTestTask.java:141)
	at org.junit.platform.engine.support.hierarchical.Node.around(Node.java:137)
	at org.junit.platform.engine.support.hierarchical.NodeTestTask.lambda$executeRecursively$9(NodeTestTask.java:139)
	at org.junit.platform.engine.support.hierarchical.ThrowableCollector.execute(ThrowableCollector.java:73)
	at org.junit.platform.engine.support.hierarchical.NodeTestTask.executeRecursively(NodeTestTask.java:138)
	at org.junit.platform.engine.support.hierarchical.NodeTestTask.execute(NodeTestTask.java:95)
	at org.junit.platform.engine.support.hierarchical.SameThreadHierarchicalTestExecutorService.submit(SameThreadHierarchicalTestExecutorService.java:35)
	at org.junit.platform.engine.support.hierarchical.HierarchicalTestExecutor.execute(HierarchicalTestExecutor.java:57)
	at org.junit.platform.engine.support.hierarchical.HierarchicalTestEngine.execute(HierarchicalTestEngine.java:54)
	at org.junit.platform.launcher.core.EngineExecutionOrchestrator.execute(EngineExecutionOrchestrator.java:147)
	at org.junit.platform.launcher.core.EngineExecutionOrchestrator.execute(EngineExecutionOrchestrator.java:127)
	at org.junit.platform.launcher.core.EngineExecutionOrchestrator.execute(EngineExecutionOrchestrator.java:90)
	at org.junit.platform.launcher.core.EngineExecutionOrchestrator.lambda$execute$0(EngineExecutionOrchestrator.java:55)
	at org.junit.platform.launcher.core.EngineExecutionOrchestrator.withInterceptedStreams(EngineExecutionOrchestrator.java:102)
	at org.junit.platform.launcher.core.EngineExecutionOrchestrator.execute(EngineExecutionOrchestrator.java:54)
	at org.junit.platform.launcher.core.DefaultLauncher.execute(DefaultLauncher.java:114)
	at org.junit.platform.launcher.core.DefaultLauncher.execute(DefaultLauncher.java:86)
	at org.junit.platform.launcher.core.DefaultLauncherSession$DelegatingLauncher.execute(DefaultLauncherSession.java:86)
	at org.junit.platform.launcher.core.SessionPerRequestLauncher.execute(SessionPerRequestLauncher.java:53)
	at com.intellij.junit5.JUnit5IdeaTestRunner.startRunnerWithArgs(JUnit5IdeaTestRunner.java:57)
	at com.intellij.rt.junit.IdeaTestRunner$Repeater$1.execute(IdeaTestRunner.java:38)
	at com.intellij.rt.execution.junit.TestsRepeater.repeat(TestsRepeater.java:11)
	at com.intellij.rt.junit.IdeaTestRunner$Repeater.startRunnerWithArgs(IdeaTestRunner.java:35)
	at com.intellij.rt.junit.JUnitStarter.prepareStreamsAndStart(JUnitStarter.java:232)
	at com.intellij.rt.junit.JUnitStarter.main(JUnitStarter.java:55)
2025-09-01 14:35:30 [main] WARN  c.p.t.s.s.e.a.AmadeusFlightService - API call attempt 3 failed: Failed to search flight dates: null
2025-09-01 14:35:30 [main] ERROR c.p.t.s.s.e.a.AmadeusFlightService - Amadeus API call failed
com.pkfare.trip.scale.exception.ExternalApiException: Failed to search flight dates: null
	at com.pkfare.trip.scale.service.external.amadeus.AmadeusFlightService.lambda$searchFlightDatesWithoutCache$0(AmadeusFlightService.java:142)
	at com.pkfare.trip.scale.service.external.amadeus.AmadeusFlightService.retryApiCall(AmadeusFlightService.java:378)
	at com.pkfare.trip.scale.service.external.amadeus.AmadeusFlightService.searchFlightDatesWithoutCache(AmadeusFlightService.java:134)
	at com.pkfare.trip.scale.service.external.amadeus.AmadeusFlightService.searchFlightDates(AmadeusFlightService.java:72)
	at com.pkfare.trip.scale.service.plan.FlightSearchService.searchOneWayFlightDates(FlightSearchService.java:304)
	at com.pkfare.trip.scale.service.plan.FlightSearchService.searchFlightDates(FlightSearchService.java:284)
	at com.pkfare.trip.scale.plan.service.GeneratePlanService.generatePlan(GeneratePlanService.java:86)
	at com.pkfare.trip.scale.service.plan.GeneratePlanServiceTest.testPlan_notPreciseTravel_onewaytrip(GeneratePlanServiceTest.java:46)
	at java.base/jdk.internal.reflect.DirectMethodHandleAccessor.invoke(DirectMethodHandleAccessor.java:103)
	at java.base/java.lang.reflect.Method.invoke(Method.java:580)
	at org.junit.platform.commons.util.ReflectionUtils.invokeMethod(ReflectionUtils.java:728)
	at org.junit.jupiter.engine.execution.MethodInvocation.proceed(MethodInvocation.java:60)
	at org.junit.jupiter.engine.execution.InvocationInterceptorChain$ValidatingInvocation.proceed(InvocationInterceptorChain.java:131)
	at org.junit.jupiter.engine.extension.TimeoutExtension.intercept(TimeoutExtension.java:156)
	at org.junit.jupiter.engine.extension.TimeoutExtension.interceptTestableMethod(TimeoutExtension.java:147)
	at org.junit.jupiter.engine.extension.TimeoutExtension.interceptTestMethod(TimeoutExtension.java:86)
	at org.junit.jupiter.engine.execution.InterceptingExecutableInvoker$ReflectiveInterceptorCall.lambda$ofVoidMethod$0(InterceptingExecutableInvoker.java:103)
	at org.junit.jupiter.engine.execution.InterceptingExecutableInvoker.lambda$invoke$0(InterceptingExecutableInvoker.java:93)
	at org.junit.jupiter.engine.execution.InvocationInterceptorChain$InterceptedInvocation.proceed(InvocationInterceptorChain.java:106)
	at org.junit.jupiter.engine.execution.InvocationInterceptorChain.proceed(InvocationInterceptorChain.java:64)
	at org.junit.jupiter.engine.execution.InvocationInterceptorChain.chainAndInvoke(InvocationInterceptorChain.java:45)
	at org.junit.jupiter.engine.execution.InvocationInterceptorChain.invoke(InvocationInterceptorChain.java:37)
	at org.junit.jupiter.engine.execution.InterceptingExecutableInvoker.invoke(InterceptingExecutableInvoker.java:92)
	at org.junit.jupiter.engine.execution.InterceptingExecutableInvoker.invoke(InterceptingExecutableInvoker.java:86)
	at org.junit.jupiter.engine.descriptor.TestMethodTestDescriptor.lambda$invokeTestMethod$7(TestMethodTestDescriptor.java:217)
	at org.junit.platform.engine.support.hierarchical.ThrowableCollector.execute(ThrowableCollector.java:73)
	at org.junit.jupiter.engine.descriptor.TestMethodTestDescriptor.invokeTestMethod(TestMethodTestDescriptor.java:213)
	at org.junit.jupiter.engine.descriptor.TestMethodTestDescriptor.execute(TestMethodTestDescriptor.java:138)
	at org.junit.jupiter.engine.descriptor.TestMethodTestDescriptor.execute(TestMethodTestDescriptor.java:68)
	at org.junit.platform.engine.support.hierarchical.NodeTestTask.lambda$executeRecursively$6(NodeTestTask.java:151)
	at org.junit.platform.engine.support.hierarchical.ThrowableCollector.execute(ThrowableCollector.java:73)
	at org.junit.platform.engine.support.hierarchical.NodeTestTask.lambda$executeRecursively$8(NodeTestTask.java:141)
	at org.junit.platform.engine.support.hierarchical.Node.around(Node.java:137)
	at org.junit.platform.engine.support.hierarchical.NodeTestTask.lambda$executeRecursively$9(NodeTestTask.java:139)
	at org.junit.platform.engine.support.hierarchical.ThrowableCollector.execute(ThrowableCollector.java:73)
	at org.junit.platform.engine.support.hierarchical.NodeTestTask.executeRecursively(NodeTestTask.java:138)
	at org.junit.platform.engine.support.hierarchical.NodeTestTask.execute(NodeTestTask.java:95)
	at java.base/java.util.ArrayList.forEach(ArrayList.java:1596)
	at org.junit.platform.engine.support.hierarchical.SameThreadHierarchicalTestExecutorService.invokeAll(SameThreadHierarchicalTestExecutorService.java:41)
	at org.junit.platform.engine.support.hierarchical.NodeTestTask.lambda$executeRecursively$6(NodeTestTask.java:155)
	at org.junit.platform.engine.support.hierarchical.ThrowableCollector.execute(ThrowableCollector.java:73)
	at org.junit.platform.engine.support.hierarchical.NodeTestTask.lambda$executeRecursively$8(NodeTestTask.java:141)
	at org.junit.platform.engine.support.hierarchical.Node.around(Node.java:137)
	at org.junit.platform.engine.support.hierarchical.NodeTestTask.lambda$executeRecursively$9(NodeTestTask.java:139)
	at org.junit.platform.engine.support.hierarchical.ThrowableCollector.execute(ThrowableCollector.java:73)
	at org.junit.platform.engine.support.hierarchical.NodeTestTask.executeRecursively(NodeTestTask.java:138)
	at org.junit.platform.engine.support.hierarchical.NodeTestTask.execute(NodeTestTask.java:95)
	at java.base/java.util.ArrayList.forEach(ArrayList.java:1596)
	at org.junit.platform.engine.support.hierarchical.SameThreadHierarchicalTestExecutorService.invokeAll(SameThreadHierarchicalTestExecutorService.java:41)
	at org.junit.platform.engine.support.hierarchical.NodeTestTask.lambda$executeRecursively$6(NodeTestTask.java:155)
	at org.junit.platform.engine.support.hierarchical.ThrowableCollector.execute(ThrowableCollector.java:73)
	at org.junit.platform.engine.support.hierarchical.NodeTestTask.lambda$executeRecursively$8(NodeTestTask.java:141)
	at org.junit.platform.engine.support.hierarchical.Node.around(Node.java:137)
	at org.junit.platform.engine.support.hierarchical.NodeTestTask.lambda$executeRecursively$9(NodeTestTask.java:139)
	at org.junit.platform.engine.support.hierarchical.ThrowableCollector.execute(ThrowableCollector.java:73)
	at org.junit.platform.engine.support.hierarchical.NodeTestTask.executeRecursively(NodeTestTask.java:138)
	at org.junit.platform.engine.support.hierarchical.NodeTestTask.execute(NodeTestTask.java:95)
	at org.junit.platform.engine.support.hierarchical.SameThreadHierarchicalTestExecutorService.submit(SameThreadHierarchicalTestExecutorService.java:35)
	at org.junit.platform.engine.support.hierarchical.HierarchicalTestExecutor.execute(HierarchicalTestExecutor.java:57)
	at org.junit.platform.engine.support.hierarchical.HierarchicalTestEngine.execute(HierarchicalTestEngine.java:54)
	at org.junit.platform.launcher.core.EngineExecutionOrchestrator.execute(EngineExecutionOrchestrator.java:147)
	at org.junit.platform.launcher.core.EngineExecutionOrchestrator.execute(EngineExecutionOrchestrator.java:127)
	at org.junit.platform.launcher.core.EngineExecutionOrchestrator.execute(EngineExecutionOrchestrator.java:90)
	at org.junit.platform.launcher.core.EngineExecutionOrchestrator.lambda$execute$0(EngineExecutionOrchestrator.java:55)
	at org.junit.platform.launcher.core.EngineExecutionOrchestrator.withInterceptedStreams(EngineExecutionOrchestrator.java:102)
	at org.junit.platform.launcher.core.EngineExecutionOrchestrator.execute(EngineExecutionOrchestrator.java:54)
	at org.junit.platform.launcher.core.DefaultLauncher.execute(DefaultLauncher.java:114)
	at org.junit.platform.launcher.core.DefaultLauncher.execute(DefaultLauncher.java:86)
	at org.junit.platform.launcher.core.DefaultLauncherSession$DelegatingLauncher.execute(DefaultLauncherSession.java:86)
	at org.junit.platform.launcher.core.SessionPerRequestLauncher.execute(SessionPerRequestLauncher.java:53)
	at com.intellij.junit5.JUnit5IdeaTestRunner.startRunnerWithArgs(JUnit5IdeaTestRunner.java:57)
	at com.intellij.rt.junit.IdeaTestRunner$Repeater$1.execute(IdeaTestRunner.java:38)
	at com.intellij.rt.execution.junit.TestsRepeater.repeat(TestsRepeater.java:11)
	at com.intellij.rt.junit.IdeaTestRunner$Repeater.startRunnerWithArgs(IdeaTestRunner.java:35)
	at com.intellij.rt.junit.JUnitStarter.prepareStreamsAndStart(JUnitStarter.java:232)
	at com.intellij.rt.junit.JUnitStarter.main(JUnitStarter.java:55)
Caused by: com.pkfare.trip.scale.api.amadeus.exception.AmadeusApiException: null
	at com.pkfare.trip.scale.api.amadeus.flightdates.AmadeusFlightDatesAPI.flightDates(AmadeusFlightDatesAPI.java:38)
	at com.pkfare.trip.scale.service.external.amadeus.AmadeusFlightService.lambda$searchFlightDatesWithoutCache$0(AmadeusFlightService.java:136)
	... 75 common frames omitted
2025-09-01 14:35:30 [main] ERROR c.p.t.s.p.s.GeneratePlanService - Failed to generate trip plan
com.pkfare.trip.scale.exception.ExternalApiException: Failed to search flight dates: null
	at com.pkfare.trip.scale.service.external.amadeus.AmadeusFlightService.lambda$searchFlightDatesWithoutCache$0(AmadeusFlightService.java:142)
	at com.pkfare.trip.scale.service.external.amadeus.AmadeusFlightService.retryApiCall(AmadeusFlightService.java:378)
	at com.pkfare.trip.scale.service.external.amadeus.AmadeusFlightService.searchFlightDatesWithoutCache(AmadeusFlightService.java:134)
	at com.pkfare.trip.scale.service.external.amadeus.AmadeusFlightService.searchFlightDates(AmadeusFlightService.java:72)
	at com.pkfare.trip.scale.service.plan.FlightSearchService.searchOneWayFlightDates(FlightSearchService.java:304)
	at com.pkfare.trip.scale.service.plan.FlightSearchService.searchFlightDates(FlightSearchService.java:284)
	at com.pkfare.trip.scale.plan.service.GeneratePlanService.generatePlan(GeneratePlanService.java:86)
	at com.pkfare.trip.scale.service.plan.GeneratePlanServiceTest.testPlan_notPreciseTravel_onewaytrip(GeneratePlanServiceTest.java:46)
	at java.base/jdk.internal.reflect.DirectMethodHandleAccessor.invoke(DirectMethodHandleAccessor.java:103)
	at java.base/java.lang.reflect.Method.invoke(Method.java:580)
	at org.junit.platform.commons.util.ReflectionUtils.invokeMethod(ReflectionUtils.java:728)
	at org.junit.jupiter.engine.execution.MethodInvocation.proceed(MethodInvocation.java:60)
	at org.junit.jupiter.engine.execution.InvocationInterceptorChain$ValidatingInvocation.proceed(InvocationInterceptorChain.java:131)
	at org.junit.jupiter.engine.extension.TimeoutExtension.intercept(TimeoutExtension.java:156)
	at org.junit.jupiter.engine.extension.TimeoutExtension.interceptTestableMethod(TimeoutExtension.java:147)
	at org.junit.jupiter.engine.extension.TimeoutExtension.interceptTestMethod(TimeoutExtension.java:86)
	at org.junit.jupiter.engine.execution.InterceptingExecutableInvoker$ReflectiveInterceptorCall.lambda$ofVoidMethod$0(InterceptingExecutableInvoker.java:103)
	at org.junit.jupiter.engine.execution.InterceptingExecutableInvoker.lambda$invoke$0(InterceptingExecutableInvoker.java:93)
	at org.junit.jupiter.engine.execution.InvocationInterceptorChain$InterceptedInvocation.proceed(InvocationInterceptorChain.java:106)
	at org.junit.jupiter.engine.execution.InvocationInterceptorChain.proceed(InvocationInterceptorChain.java:64)
	at org.junit.jupiter.engine.execution.InvocationInterceptorChain.chainAndInvoke(InvocationInterceptorChain.java:45)
	at org.junit.jupiter.engine.execution.InvocationInterceptorChain.invoke(InvocationInterceptorChain.java:37)
	at org.junit.jupiter.engine.execution.InterceptingExecutableInvoker.invoke(InterceptingExecutableInvoker.java:92)
	at org.junit.jupiter.engine.execution.InterceptingExecutableInvoker.invoke(InterceptingExecutableInvoker.java:86)
	at org.junit.jupiter.engine.descriptor.TestMethodTestDescriptor.lambda$invokeTestMethod$7(TestMethodTestDescriptor.java:217)
	at org.junit.platform.engine.support.hierarchical.ThrowableCollector.execute(ThrowableCollector.java:73)
	at org.junit.jupiter.engine.descriptor.TestMethodTestDescriptor.invokeTestMethod(TestMethodTestDescriptor.java:213)
	at org.junit.jupiter.engine.descriptor.TestMethodTestDescriptor.execute(TestMethodTestDescriptor.java:138)
	at org.junit.jupiter.engine.descriptor.TestMethodTestDescriptor.execute(TestMethodTestDescriptor.java:68)
	at org.junit.platform.engine.support.hierarchical.NodeTestTask.lambda$executeRecursively$6(NodeTestTask.java:151)
	at org.junit.platform.engine.support.hierarchical.ThrowableCollector.execute(ThrowableCollector.java:73)
	at org.junit.platform.engine.support.hierarchical.NodeTestTask.lambda$executeRecursively$8(NodeTestTask.java:141)
	at org.junit.platform.engine.support.hierarchical.Node.around(Node.java:137)
	at org.junit.platform.engine.support.hierarchical.NodeTestTask.lambda$executeRecursively$9(NodeTestTask.java:139)
	at org.junit.platform.engine.support.hierarchical.ThrowableCollector.execute(ThrowableCollector.java:73)
	at org.junit.platform.engine.support.hierarchical.NodeTestTask.executeRecursively(NodeTestTask.java:138)
	at org.junit.platform.engine.support.hierarchical.NodeTestTask.execute(NodeTestTask.java:95)
	at java.base/java.util.ArrayList.forEach(ArrayList.java:1596)
	at org.junit.platform.engine.support.hierarchical.SameThreadHierarchicalTestExecutorService.invokeAll(SameThreadHierarchicalTestExecutorService.java:41)
	at org.junit.platform.engine.support.hierarchical.NodeTestTask.lambda$executeRecursively$6(NodeTestTask.java:155)
	at org.junit.platform.engine.support.hierarchical.ThrowableCollector.execute(ThrowableCollector.java:73)
	at org.junit.platform.engine.support.hierarchical.NodeTestTask.lambda$executeRecursively$8(NodeTestTask.java:141)
	at org.junit.platform.engine.support.hierarchical.Node.around(Node.java:137)
	at org.junit.platform.engine.support.hierarchical.NodeTestTask.lambda$executeRecursively$9(NodeTestTask.java:139)
	at org.junit.platform.engine.support.hierarchical.ThrowableCollector.execute(ThrowableCollector.java:73)
	at org.junit.platform.engine.support.hierarchical.NodeTestTask.executeRecursively(NodeTestTask.java:138)
	at org.junit.platform.engine.support.hierarchical.NodeTestTask.execute(NodeTestTask.java:95)
	at java.base/java.util.ArrayList.forEach(ArrayList.java:1596)
	at org.junit.platform.engine.support.hierarchical.SameThreadHierarchicalTestExecutorService.invokeAll(SameThreadHierarchicalTestExecutorService.java:41)
	at org.junit.platform.engine.support.hierarchical.NodeTestTask.lambda$executeRecursively$6(NodeTestTask.java:155)
	at org.junit.platform.engine.support.hierarchical.ThrowableCollector.execute(ThrowableCollector.java:73)
	at org.junit.platform.engine.support.hierarchical.NodeTestTask.lambda$executeRecursively$8(NodeTestTask.java:141)
	at org.junit.platform.engine.support.hierarchical.Node.around(Node.java:137)
	at org.junit.platform.engine.support.hierarchical.NodeTestTask.lambda$executeRecursively$9(NodeTestTask.java:139)
	at org.junit.platform.engine.support.hierarchical.ThrowableCollector.execute(ThrowableCollector.java:73)
	at org.junit.platform.engine.support.hierarchical.NodeTestTask.executeRecursively(NodeTestTask.java:138)
	at org.junit.platform.engine.support.hierarchical.NodeTestTask.execute(NodeTestTask.java:95)
	at org.junit.platform.engine.support.hierarchical.SameThreadHierarchicalTestExecutorService.submit(SameThreadHierarchicalTestExecutorService.java:35)
	at org.junit.platform.engine.support.hierarchical.HierarchicalTestExecutor.execute(HierarchicalTestExecutor.java:57)
	at org.junit.platform.engine.support.hierarchical.HierarchicalTestEngine.execute(HierarchicalTestEngine.java:54)
	at org.junit.platform.launcher.core.EngineExecutionOrchestrator.execute(EngineExecutionOrchestrator.java:147)
	at org.junit.platform.launcher.core.EngineExecutionOrchestrator.execute(EngineExecutionOrchestrator.java:127)
	at org.junit.platform.launcher.core.EngineExecutionOrchestrator.execute(EngineExecutionOrchestrator.java:90)
	at org.junit.platform.launcher.core.EngineExecutionOrchestrator.lambda$execute$0(EngineExecutionOrchestrator.java:55)
	at org.junit.platform.launcher.core.EngineExecutionOrchestrator.withInterceptedStreams(EngineExecutionOrchestrator.java:102)
	at org.junit.platform.launcher.core.EngineExecutionOrchestrator.execute(EngineExecutionOrchestrator.java:54)
	at org.junit.platform.launcher.core.DefaultLauncher.execute(DefaultLauncher.java:114)
	at org.junit.platform.launcher.core.DefaultLauncher.execute(DefaultLauncher.java:86)
	at org.junit.platform.launcher.core.DefaultLauncherSession$DelegatingLauncher.execute(DefaultLauncherSession.java:86)
	at org.junit.platform.launcher.core.SessionPerRequestLauncher.execute(SessionPerRequestLauncher.java:53)
	at com.intellij.junit5.JUnit5IdeaTestRunner.startRunnerWithArgs(JUnit5IdeaTestRunner.java:57)
	at com.intellij.rt.junit.IdeaTestRunner$Repeater$1.execute(IdeaTestRunner.java:38)
	at com.intellij.rt.execution.junit.TestsRepeater.repeat(TestsRepeater.java:11)
	at com.intellij.rt.junit.IdeaTestRunner$Repeater.startRunnerWithArgs(IdeaTestRunner.java:35)
	at com.intellij.rt.junit.JUnitStarter.prepareStreamsAndStart(JUnitStarter.java:232)
	at com.intellij.rt.junit.JUnitStarter.main(JUnitStarter.java:55)
Caused by: com.pkfare.trip.scale.api.amadeus.exception.AmadeusApiException: null
	at com.pkfare.trip.scale.api.amadeus.flightdates.AmadeusFlightDatesAPI.flightDates(AmadeusFlightDatesAPI.java:38)
	at com.pkfare.trip.scale.service.external.amadeus.AmadeusFlightService.lambda$searchFlightDatesWithoutCache$0(AmadeusFlightService.java:136)
	... 75 common frames omitted
2025-09-01 14:35:30 [main] DEBUG c.p.t.s.p.s.GeneratePlanService - Thread Pool Status - Active: 0, Pool Size: 0, Queue Size: 0, Completed Tasks: 0, Total Tasks: 0
2025-09-01 14:37:27 [main] INFO  c.p.t.s.s.p.GeneratePlanServiceTest - Starting GeneratePlanServiceTest using Java 21.0.3 with PID 17272 (started by liuyang in /Users/liuyang/ideaProjects/pkfare/trip-scale-lite)
2025-09-01 14:37:27 [main] DEBUG c.p.t.s.s.p.GeneratePlanServiceTest - Running with Spring Boot v3.2.0, Spring v6.1.1
2025-09-01 14:37:27 [main] INFO  c.p.t.s.s.p.GeneratePlanServiceTest - No active profile set, falling back to 1 default profile: "default"
2025-09-01 14:37:30 [main] INFO  c.p.trip.scale.config.CacheConfig - Creating flight dates cache with expireAfterWrite: 120 minutes, maximumSize: 1000, initialCapacity: 100
2025-09-01 14:37:30 [main] INFO  c.p.trip.scale.config.CacheConfig - Creating flight offers cache with expireAfterWrite: 120 minutes, maximumSize: 1000, initialCapacity: 100
2025-09-01 14:37:30 [main] INFO  c.p.t.s.s.e.a.AmadeusFlightService - AmadeusFlightService initialized with flight dates and flight offers cache
2025-09-01 14:37:30 [main] INFO  c.p.trip.scale.config.CacheConfig - Creating hotel offers cache with expireAfterWrite: 120 minutes, maximumSize: 1000, initialCapacity: 100
2025-09-01 14:37:30 [main] INFO  c.p.t.s.s.e.a.AmadeusHotelService - AmadeusHotelService initialized with hotel offers cache
2025-09-01 14:37:30 [main] INFO  c.p.trip.scale.config.CacheConfig - Creating activities cache with expireAfterWrite: 120 minutes, maximumSize: 1000, initialCapacity: 100
2025-09-01 14:37:30 [main] INFO  c.p.t.s.s.e.a.AmadeusActivityService - AmadeusActivityService initialized with activities cache
2025-09-01 14:37:30 [main] INFO  c.p.t.s.config.AsyncExecutorConfig - Creating custom thread pool for trip plan generation: corePoolSize=16, maxPoolSize=16, queueCapacity=100, keepAliveSeconds=60
2025-09-01 14:37:31 [main] INFO  c.p.t.s.c.ParentChildContextConfig - Creating loadedAgentRegistry bean for parent-child context
2025-09-01 14:37:31 [main] INFO  c.p.t.s.c.ParentChildContextConfig - Creating BaseSessionService bean for parent-child context
2025-09-01 14:37:37 [main] INFO  c.p.t.s.s.p.GeneratePlanServiceTest - Started GeneratePlanServiceTest in 9.836 seconds (process running for 10.784)
2025-09-01 14:37:41 [main] INFO  c.p.t.s.p.s.GeneratePlanService - Starting concurrent trip plan generation for origin: FLR, destinations: 3
2025-09-01 14:37:41 [main] DEBUG c.p.t.s.p.s.GeneratePlanService - Validating parameters
2025-09-01 14:37:41 [main] DEBUG c.p.t.s.p.s.GeneratePlanService - Precise travel calculation: daysBetween=7, tripDays=7, preciseTravel=true
2025-09-01 14:37:41 [main] DEBUG c.p.t.s.p.s.GeneratePlanService - Round trip calculation: first=FCO, last=ORY, roundTrip=false
2025-09-01 14:37:41 [main] INFO  c.p.t.s.p.s.GeneratePlanService - Trip configuration: preciseTravel=true, roundTrip=false
2025-09-01 14:37:41 [main] DEBUG c.p.t.s.p.s.GeneratePlanService - Thread Pool Status - Active: 0, Pool Size: 0, Queue Size: 0, Completed Tasks: 0, Total Tasks: 0
2025-09-01 14:37:46 [main] INFO  c.p.t.s.p.s.GeneratePlanService - Starting concurrent searches with 16 threads
2025-09-01 14:37:46 [TripPlan-1] INFO  c.p.t.s.s.plan.FlightSearchService - Searching flight offers
2025-09-01 14:37:46 [TripPlan-2] INFO  c.p.t.s.s.plan.HotelSearchService - Getting hotels by city for 3 routes
2025-09-01 14:37:46 [TripPlan-3] INFO  c.p.t.s.s.plan.LocationSearchService - Searching city locations for 3 cities: [Rome, Ostia, Paris]
2025-09-01 14:37:47 [TripPlan-3] DEBUG c.p.t.s.s.plan.LocationSearchService - Processed city list: 3 unique cities
2025-09-01 14:37:47 [TripPlan-3] DEBUG c.p.t.s.s.plan.LocationSearchService - Cache miss for city: Rome
2025-09-01 14:37:47 [TripPlan-3] DEBUG c.p.t.s.s.plan.LocationSearchService - Cache miss for city: Ostia
2025-09-01 14:37:47 [TripPlan-3] DEBUG c.p.t.s.s.plan.LocationSearchService - Cache miss for city: Paris
2025-09-01 14:37:47 [TripPlan-3] INFO  c.p.t.s.s.plan.LocationSearchService - Cache statistics - hits: 0, misses: 3, total: 3
2025-09-01 14:37:47 [TripPlan-3] INFO  c.p.t.s.s.plan.LocationSearchService - Querying 3 cities from API: [Rome, Ostia, Paris]
2025-09-01 14:37:47 [TripPlan-3] DEBUG c.p.t.s.s.plan.LocationSearchService - Searching location for city from API: Ostia
2025-09-01 14:37:47 [ForkJoinPool.commonPool-worker-3] DEBUG c.p.t.s.s.plan.LocationSearchService - Searching location for city from API: Rome
2025-09-01 14:37:47 [ForkJoinPool.commonPool-worker-4] DEBUG c.p.t.s.s.plan.LocationSearchService - Searching location for city from API: Paris
2025-09-01 14:37:46 [ForkJoinPool.commonPool-worker-1] INFO  c.p.t.s.s.e.a.AmadeusHotelService - Searching hotels by city with request: QueryHotelByCityRequest(cityCode=FCO, radius=10, radiusUnit=KM, amenities=null, ratings=[1, 2, 3, 4, 5])
2025-09-01 14:37:46 [TripPlan-2] INFO  c.p.t.s.s.e.a.AmadeusHotelService - Searching hotels by city with request: QueryHotelByCityRequest(cityCode=OST, radius=10, radiusUnit=KM, amenities=null, ratings=[1, 2, 3, 4, 5])
2025-09-01 14:37:46 [ForkJoinPool.commonPool-worker-2] INFO  c.p.t.s.s.e.a.AmadeusHotelService - Searching hotels by city with request: QueryHotelByCityRequest(cityCode=ORY, radius=10, radiusUnit=KM, amenities=null, ratings=[1, 2, 3, 4, 5])
2025-09-01 14:37:47 [TripPlan-1] INFO  c.p.t.s.s.e.a.AmadeusFlightService - Searching flight offers with request: FlightOffersSearchRequest(origin=FLR, destination=FCO, departureDate=2025-10-01, returnDate=null, adults=1, children=1, infants=0, nonStop=true, currency=CNY, maxPrice=25000, max=50)
2025-09-01 14:37:47 [TripPlan-1] DEBUG c.p.trip.scale.util.CacheKeyUtil - Generated cache key: fo_67f5ebfe070594ca53f807e5e020f89a for request: flight_offers|FLR|FCO|2025-10-01||1|1|0|true|CNY|25000|50
2025-09-01 14:37:47 [TripPlan-1] DEBUG c.p.t.s.s.e.a.AmadeusFlightService - Cache miss for key: fo_67f5ebfe070594ca53f807e5e020f89a
2025-09-01 14:37:47 [TripPlan-1] INFO  c.p.t.s.s.e.a.AmadeusFlightService - Cache miss for key: fo_67f5ebfe070594ca53f807e5e020f89a, calling API
2025-09-01 14:37:51 [ForkJoinPool.commonPool-worker-4] INFO  c.p.t.s.s.plan.LocationSearchService - Successfully found and cached location for city Paris: lat=48.8575475, lng=2.3513765
2025-09-01 14:37:51 [ForkJoinPool.commonPool-worker-3] INFO  c.p.t.s.s.plan.LocationSearchService - Successfully found and cached location for city Rome: lat=41.8967068, lng=12.4822025
2025-09-01 14:37:51 [TripPlan-3] INFO  c.p.t.s.s.plan.LocationSearchService - Successfully found and cached location for city Ostia: lat=41.7311182, lng=12.2862694
2025-09-01 14:37:51 [TripPlan-3] INFO  c.p.t.s.s.plan.LocationSearchService - API query completed, found 3 out of 3 cities
2025-09-01 14:37:51 [TripPlan-3] INFO  c.p.t.s.s.plan.LocationSearchService - Successfully found locations for 3 out of 3 cities (cached: 0, api: 3)
2025-09-01 14:37:51 [TripPlan-3] INFO  c.p.t.s.p.s.GeneratePlanService - [TripPlan-3] City locations search completed in 5332 ms, found 3 locations
2025-09-01 14:37:52 [TripPlan-2] INFO  c.p.t.s.s.e.a.AmadeusHotelService - Hotels by city search completed, found 8 results
2025-09-01 14:37:52 [TripPlan-2] INFO  c.p.t.s.s.plan.HotelSearchService - Found 8 hotels in city OST
2025-09-01 14:37:53 [ForkJoinPool.commonPool-worker-2] INFO  c.p.t.s.s.e.a.AmadeusHotelService - Hotels by city search completed, found 43 results
2025-09-01 14:37:53 [ForkJoinPool.commonPool-worker-2] INFO  c.p.t.s.s.plan.HotelSearchService - Found 43 hotels in city ORY
2025-09-01 14:37:53 [ForkJoinPool.commonPool-worker-1] INFO  c.p.t.s.s.e.a.AmadeusHotelService - Hotels by city search completed, found 11 results
2025-09-01 14:37:53 [ForkJoinPool.commonPool-worker-1] INFO  c.p.t.s.s.plan.HotelSearchService - Found 11 hotels in city FCO
2025-09-01 14:37:53 [TripPlan-2] INFO  c.p.t.s.p.s.GeneratePlanService - [TripPlan-2] Hotel IDs search completed in 7141 ms, found 3 cities
2025-09-01 14:37:54 [TripPlan-1] DEBUG c.p.t.s.s.e.a.AmadeusFlightService - API call completed, found 4 results
2025-09-01 14:37:54 [TripPlan-1] DEBUG c.p.t.s.s.e.a.AmadeusFlightService - Cached 4 flight offers for key: fo_67f5ebfe070594ca53f807e5e020f89a
2025-09-01 14:37:54 [TripPlan-1] INFO  c.p.t.s.s.e.a.AmadeusFlightService - API result cached successfully - 4 flight offers for key: fo_67f5ebfe070594ca53f807e5e020f89a
2025-09-01 14:37:54 [TripPlan-1] DEBUG c.p.t.s.s.e.a.AmadeusFlightService - Flight offers cache stats - size: 1, hitRate: {:.2f}%, evictionCount: 0.0
2025-09-01 14:37:54 [TripPlan-1] INFO  c.p.t.s.s.e.a.AmadeusFlightService - Searching flight offers with request: FlightOffersSearchRequest(origin=ORY, destination=FLR, departureDate=2025-10-07, returnDate=null, adults=1, children=1, infants=0, nonStop=true, currency=CNY, maxPrice=25000, max=50)
2025-09-01 14:37:54 [TripPlan-1] DEBUG c.p.trip.scale.util.CacheKeyUtil - Generated cache key: fo_999021c45cb45939bab7a098937da645 for request: flight_offers|ORY|FLR|2025-10-07||1|1|0|true|CNY|25000|50
2025-09-01 14:37:54 [TripPlan-1] DEBUG c.p.t.s.s.e.a.AmadeusFlightService - Cache miss for key: fo_999021c45cb45939bab7a098937da645
2025-09-01 14:37:54 [TripPlan-1] INFO  c.p.t.s.s.e.a.AmadeusFlightService - Cache miss for key: fo_999021c45cb45939bab7a098937da645, calling API
2025-09-01 14:37:56 [TripPlan-1] DEBUG c.p.t.s.s.e.a.AmadeusFlightService - API call completed, found 4 results
2025-09-01 14:37:56 [TripPlan-1] DEBUG c.p.t.s.s.e.a.AmadeusFlightService - Cached 4 flight offers for key: fo_999021c45cb45939bab7a098937da645
2025-09-01 14:37:56 [TripPlan-1] INFO  c.p.t.s.s.e.a.AmadeusFlightService - API result cached successfully - 4 flight offers for key: fo_999021c45cb45939bab7a098937da645
2025-09-01 14:37:56 [TripPlan-1] DEBUG c.p.t.s.s.e.a.AmadeusFlightService - Flight offers cache stats - size: 2, hitRate: {:.2f}%, evictionCount: 0.0
2025-09-01 14:37:56 [TripPlan-1] INFO  c.p.t.s.s.plan.FlightSearchService - Extracted airport codes: [FCO, ORY, FLR]
2025-09-01 14:37:57 [TripPlan-1] DEBUG c.p.t.s.s.plan.FlightSearchService - Converted location for airport FCO: lat=41.79362, lng=12.2525
2025-09-01 14:37:57 [TripPlan-1] DEBUG c.p.t.s.s.plan.FlightSearchService - Converted location for airport ORY: lat=48.72528, lng=2.35945
2025-09-01 14:37:58 [TripPlan-1] DEBUG c.p.t.s.s.plan.FlightSearchService - Converted location for airport FLR: lat=43.81, lng=11.205
2025-09-01 14:37:58 [TripPlan-1] INFO  c.p.t.s.s.plan.FlightSearchService - Successfully queried 3 flight locations
2025-09-01 14:37:58 [TripPlan-1] DEBUG c.p.t.s.s.plan.FlightSearchService - Added airport FCO to location map: lat=41.79362, lng=12.2525
2025-09-01 14:37:58 [TripPlan-1] DEBUG c.p.t.s.s.plan.FlightSearchService - Added airport ORY to location map: lat=48.72528, lng=2.35945
2025-09-01 14:37:58 [TripPlan-1] DEBUG c.p.t.s.s.plan.FlightSearchService - Added airport FLR to location map: lat=43.81, lng=11.205
2025-09-01 14:37:58 [TripPlan-1] INFO  c.p.t.s.s.plan.FlightSearchService - Created airport location map with 3 entries
2025-09-01 14:37:58 [TripPlan-1] DEBUG c.p.t.s.s.plan.FlightSearchService - Supplemented departure geo for airport: FLR
2025-09-01 14:37:58 [TripPlan-1] DEBUG c.p.t.s.s.plan.FlightSearchService - Supplemented arrival geo for airport: FCO
2025-09-01 14:37:58 [TripPlan-1] DEBUG c.p.t.s.s.plan.FlightSearchService - Supplemented departure geo for airport: FLR
2025-09-01 14:37:58 [TripPlan-1] DEBUG c.p.t.s.s.plan.FlightSearchService - Supplemented arrival geo for airport: FCO
2025-09-01 14:37:58 [TripPlan-1] DEBUG c.p.t.s.s.plan.FlightSearchService - Supplemented departure geo for airport: FLR
2025-09-01 14:37:58 [TripPlan-1] DEBUG c.p.t.s.s.plan.FlightSearchService - Supplemented arrival geo for airport: FCO
2025-09-01 14:37:58 [TripPlan-1] DEBUG c.p.t.s.s.plan.FlightSearchService - Supplemented departure geo for airport: ORY
2025-09-01 14:37:58 [TripPlan-1] DEBUG c.p.t.s.s.plan.FlightSearchService - Supplemented arrival geo for airport: FLR
2025-09-01 14:37:58 [TripPlan-1] DEBUG c.p.t.s.s.plan.FlightSearchService - Supplemented departure geo for airport: ORY
2025-09-01 14:37:58 [TripPlan-1] DEBUG c.p.t.s.s.plan.FlightSearchService - Supplemented arrival geo for airport: FLR
2025-09-01 14:37:58 [TripPlan-1] DEBUG c.p.t.s.s.plan.FlightSearchService - Supplemented departure geo for airport: ORY
2025-09-01 14:37:58 [TripPlan-1] DEBUG c.p.t.s.s.plan.FlightSearchService - Supplemented arrival geo for airport: FLR
2025-09-01 14:37:58 [TripPlan-1] INFO  c.p.t.s.s.plan.FlightSearchService - Successfully supplemented location information for 6 flights
2025-09-01 14:37:58 [TripPlan-1] DEBUG c.p.t.s.s.plan.FlightSearchService - Supplemented departure geo for airport: FLR
2025-09-01 14:37:58 [TripPlan-1] DEBUG c.p.t.s.s.plan.FlightSearchService - Supplemented arrival geo for airport: FCO
2025-09-01 14:37:58 [TripPlan-1] DEBUG c.p.t.s.s.plan.FlightSearchService - Supplemented departure geo for airport: ORY
2025-09-01 14:37:58 [TripPlan-1] DEBUG c.p.t.s.s.plan.FlightSearchService - Supplemented arrival geo for airport: FLR
2025-09-01 14:37:58 [TripPlan-1] INFO  c.p.t.s.s.plan.FlightSearchService - Successfully supplemented location information for 2 flights
2025-09-01 14:37:58 [TripPlan-1] INFO  c.p.t.s.p.s.GeneratePlanService - [TripPlan-1] Flight search completed in 11877 ms, found 2 flights
2025-09-01 14:38:02 [main] INFO  c.p.t.s.p.s.GeneratePlanService - All concurrent searches completed in 18567 ms
2025-09-01 14:38:02 [TripPlan-4] INFO  c.p.t.s.s.plan.HotelSearchService - Searching hotels for 3 routes
2025-09-01 14:38:02 [TripPlan-4] INFO  c.p.t.s.s.plan.HotelSearchService - City FCO: CheckIn=2025-10-01, CheckOut=2025-10-03
2025-09-01 14:38:02 [TripPlan-4] INFO  c.p.t.s.s.plan.HotelSearchService - City OST: CheckIn=2025-10-03, CheckOut=2025-10-05
2025-09-01 14:38:02 [TripPlan-4] INFO  c.p.t.s.s.plan.HotelSearchService - City ORY: CheckIn=2025-10-05, CheckOut=2025-10-08
2025-09-01 14:38:02 [TripPlan-4] INFO  c.p.t.s.s.plan.HotelSearchService - Searching hotel offers for city OST with 8 hotels
2025-09-01 14:38:02 [ForkJoinPool.commonPool-worker-1] INFO  c.p.t.s.s.plan.HotelSearchService - Searching hotel offers for city FCO with 11 hotels
2025-09-01 14:38:02 [ForkJoinPool.commonPool-worker-2] INFO  c.p.t.s.s.plan.HotelSearchService - Searching hotel offers for city ORY with 20 hotels
2025-09-01 14:38:02 [TripPlan-5] INFO  c.p.t.s.s.plan.ActivitySearchService - Searching activities for 3 cityLocationInfos
2025-09-01 14:38:02 [TripPlan-5] DEBUG c.p.t.s.s.plan.ActivitySearchService - hotelCity Rome location: lat=41.8967068, lon=12.4822025
2025-09-01 14:38:02 [TripPlan-5] DEBUG c.p.t.s.s.plan.ActivitySearchService - hotelCity Ostia location: lat=41.7311182, lon=12.2862694
2025-09-01 14:38:02 [TripPlan-5] DEBUG c.p.t.s.s.plan.ActivitySearchService - hotelCity Paris location: lat=48.8575475, lon=2.3513765
2025-09-01 14:38:02 [ForkJoinPool.commonPool-worker-4] INFO  c.p.t.s.s.plan.ActivitySearchService - Searching activities for city Paris ，location HotelLocationInfo(latitude=48.8575475, longitude=2.3513765)
2025-09-01 14:38:02 [TripPlan-5] INFO  c.p.t.s.s.plan.ActivitySearchService - Searching activities for city Ostia ，location HotelLocationInfo(latitude=41.7311182, longitude=12.2862694)
2025-09-01 14:38:02 [ForkJoinPool.commonPool-worker-3] INFO  c.p.t.s.s.plan.ActivitySearchService - Searching activities for city Rome ，location HotelLocationInfo(latitude=41.8967068, longitude=12.4822025)
2025-09-01 14:38:02 [ForkJoinPool.commonPool-worker-1] INFO  c.p.t.s.s.e.a.AmadeusHotelService - Searching hotel offers with request: HotelOffersSearchRequest(hotelIds=[BWFCO336, YXROMSEC, YXROMDLI, YXROMTIB, CIFCO058, WVFCO548, BWFCO270, BNROMABH, ONROMBEL, OIROMBLV, YXFCOLCH], adults=2, checkInDate=2025-10-01, checkOutDate=2025-10-03, countryOfResidence=IT, roomQuantity=1, priceRange=10-5000, currency=CNY, paymentPolicy=NONE, bestRateOnly=true)
2025-09-01 14:38:02 [ForkJoinPool.commonPool-worker-2] INFO  c.p.t.s.s.e.a.AmadeusHotelService - Searching hotel offers with request: HotelOffersSearchRequest(hotelIds=[HLORY208, RTORYORY, HSORYAFI, HSPARCCP, RTORYALT, NNPARC16, BWORY780, RTORYRUN, HSORYAEA, HSPARCDM, NNPARC49, CIORY405, WVPARCCL, NNPARP20, NNPARP25, RTORYCHE, CIORY384, CIORY336, FGORYI7Y, HSPARCDA], adults=2, checkInDate=2025-10-05, checkOutDate=2025-10-08, countryOfResidence=FR, roomQuantity=1, priceRange=10-5000, currency=CNY, paymentPolicy=NONE, bestRateOnly=true)
2025-09-01 14:38:02 [TripPlan-4] INFO  c.p.t.s.s.e.a.AmadeusHotelService - Searching hotel offers with request: HotelOffersSearchRequest(hotelIds=[HSOSTAAO, CHOSTVEL, HSOSTAAF, CHOSTBER, HSOSTAAY, YXOSTTPA, HSOSTAEL, HSOSTAAE], adults=2, checkInDate=2025-10-03, checkOutDate=2025-10-05, countryOfResidence=IT, roomQuantity=1, priceRange=10-5000, currency=CNY, paymentPolicy=NONE, bestRateOnly=true)
2025-09-01 14:38:02 [TripPlan-5] INFO  c.p.t.s.s.e.a.AmadeusActivityService - Searching activities with request: ActivitiesSearchRequest(latitude=41.7311182, longitude=12.2862694, radius=20)
2025-09-01 14:38:02 [ForkJoinPool.commonPool-worker-4] INFO  c.p.t.s.s.e.a.AmadeusActivityService - Searching activities with request: ActivitiesSearchRequest(latitude=48.8575475, longitude=2.3513765, radius=20)
2025-09-01 14:38:02 [ForkJoinPool.commonPool-worker-3] INFO  c.p.t.s.s.e.a.AmadeusActivityService - Searching activities with request: ActivitiesSearchRequest(latitude=41.8967068, longitude=12.4822025, radius=20)
2025-09-01 14:38:02 [ForkJoinPool.commonPool-worker-4] DEBUG c.p.trip.scale.util.CacheKeyUtil - Generated cache key: ac_373944abba1f88ac302d46a6ba91e657 for request: activities|48.8575475|2.3513765|20
2025-09-01 14:38:02 [ForkJoinPool.commonPool-worker-3] DEBUG c.p.trip.scale.util.CacheKeyUtil - Generated cache key: ac_4924dd02687f3f173ef1ef8466affe9a for request: activities|41.8967068|12.4822025|20
2025-09-01 14:38:02 [ForkJoinPool.commonPool-worker-1] DEBUG c.p.trip.scale.util.CacheKeyUtil - Generated cache key: ho_c2263665d33f32a2abc4c9554c9ce6ff for request: hotel_offers|BNROMABH,BWFCO270,BWFCO336,CIFCO058,OIROMBLV,ONROMBEL,WVFCO548,YXFCOLCH,YXROMDLI,YXROMSEC,YXROMTIB|2|2025-10-01|2025-10-03|IT|1|10-5000|CNY|NONE|true
2025-09-01 14:38:02 [TripPlan-4] DEBUG c.p.trip.scale.util.CacheKeyUtil - Generated cache key: ho_0fc10ffdb39e87f6575bf279f0ca6653 for request: hotel_offers|CHOSTBER,CHOSTVEL,HSOSTAAE,HSOSTAAF,HSOSTAAO,HSOSTAAY,HSOSTAEL,YXOSTTPA|2|2025-10-03|2025-10-05|IT|1|10-5000|CNY|NONE|true
2025-09-01 14:38:02 [ForkJoinPool.commonPool-worker-4] DEBUG c.p.t.s.s.e.a.AmadeusActivityService - Cache miss for key: ac_373944abba1f88ac302d46a6ba91e657
2025-09-01 14:38:02 [TripPlan-5] DEBUG c.p.trip.scale.util.CacheKeyUtil - Generated cache key: ac_e77ad97ab0bb34ea534de26358049c1b for request: activities|41.7311182|12.2862694|20
2025-09-01 14:38:02 [TripPlan-5] DEBUG c.p.t.s.s.e.a.AmadeusActivityService - Cache miss for key: ac_e77ad97ab0bb34ea534de26358049c1b
2025-09-01 14:38:02 [TripPlan-5] INFO  c.p.t.s.s.e.a.AmadeusActivityService - Cache miss for key: ac_e77ad97ab0bb34ea534de26358049c1b, calling API
2025-09-01 14:38:02 [TripPlan-4] DEBUG c.p.t.s.s.e.a.AmadeusHotelService - Cache miss for key: ho_0fc10ffdb39e87f6575bf279f0ca6653
2025-09-01 14:38:02 [ForkJoinPool.commonPool-worker-3] DEBUG c.p.t.s.s.e.a.AmadeusActivityService - Cache miss for key: ac_4924dd02687f3f173ef1ef8466affe9a
2025-09-01 14:38:02 [ForkJoinPool.commonPool-worker-4] INFO  c.p.t.s.s.e.a.AmadeusActivityService - Cache miss for key: ac_373944abba1f88ac302d46a6ba91e657, calling API
2025-09-01 14:38:02 [TripPlan-4] INFO  c.p.t.s.s.e.a.AmadeusHotelService - Cache miss for key: ho_0fc10ffdb39e87f6575bf279f0ca6653, calling API
2025-09-01 14:38:02 [ForkJoinPool.commonPool-worker-3] INFO  c.p.t.s.s.e.a.AmadeusActivityService - Cache miss for key: ac_4924dd02687f3f173ef1ef8466affe9a, calling API
2025-09-01 14:38:02 [ForkJoinPool.commonPool-worker-2] DEBUG c.p.trip.scale.util.CacheKeyUtil - Generated cache key: ho_6d0dcec90bf5a2319e9fb9879d595241 for request: hotel_offers|BWORY780,CIORY336,CIORY384,CIORY405,FGORYI7Y,HLORY208,HSORYAEA,HSORYAFI,HSPARCCP,HSPARCDA,HSPARCDM,NNPARC16,NNPARC49,NNPARP20,NNPARP25,RTORYALT,RTORYCHE,RTORYORY,RTORYRUN,WVPARCCL|2|2025-10-05|2025-10-08|FR|1|10-5000|CNY|NONE|true
2025-09-01 14:38:02 [ForkJoinPool.commonPool-worker-1] DEBUG c.p.t.s.s.e.a.AmadeusHotelService - Cache miss for key: ho_c2263665d33f32a2abc4c9554c9ce6ff
2025-09-01 14:38:02 [ForkJoinPool.commonPool-worker-2] DEBUG c.p.t.s.s.e.a.AmadeusHotelService - Cache miss for key: ho_6d0dcec90bf5a2319e9fb9879d595241
2025-09-01 14:38:02 [ForkJoinPool.commonPool-worker-1] INFO  c.p.t.s.s.e.a.AmadeusHotelService - Cache miss for key: ho_c2263665d33f32a2abc4c9554c9ce6ff, calling API
2025-09-01 14:38:02 [ForkJoinPool.commonPool-worker-2] INFO  c.p.t.s.s.e.a.AmadeusHotelService - Cache miss for key: ho_6d0dcec90bf5a2319e9fb9879d595241, calling API
2025-09-01 14:38:23 [main] INFO  c.p.t.s.s.p.GeneratePlanServiceTest - Starting GeneratePlanServiceTest using Java 21.0.3 with PID 17345 (started by liuyang in /Users/liuyang/ideaProjects/pkfare/trip-scale-lite)
2025-09-01 14:38:23 [main] DEBUG c.p.t.s.s.p.GeneratePlanServiceTest - Running with Spring Boot v3.2.0, Spring v6.1.1
2025-09-01 14:38:23 [main] INFO  c.p.t.s.s.p.GeneratePlanServiceTest - No active profile set, falling back to 1 default profile: "default"
2025-09-01 14:38:26 [main] INFO  c.p.trip.scale.config.CacheConfig - Creating flight dates cache with expireAfterWrite: 120 minutes, maximumSize: 1000, initialCapacity: 100
2025-09-01 14:38:26 [main] INFO  c.p.trip.scale.config.CacheConfig - Creating flight offers cache with expireAfterWrite: 120 minutes, maximumSize: 1000, initialCapacity: 100
2025-09-01 14:38:26 [main] INFO  c.p.t.s.s.e.a.AmadeusFlightService - AmadeusFlightService initialized with flight dates and flight offers cache
2025-09-01 14:38:26 [main] INFO  c.p.trip.scale.config.CacheConfig - Creating hotel offers cache with expireAfterWrite: 120 minutes, maximumSize: 1000, initialCapacity: 100
2025-09-01 14:38:26 [main] INFO  c.p.t.s.s.e.a.AmadeusHotelService - AmadeusHotelService initialized with hotel offers cache
2025-09-01 14:38:26 [main] INFO  c.p.trip.scale.config.CacheConfig - Creating activities cache with expireAfterWrite: 120 minutes, maximumSize: 1000, initialCapacity: 100
2025-09-01 14:38:26 [main] INFO  c.p.t.s.s.e.a.AmadeusActivityService - AmadeusActivityService initialized with activities cache
2025-09-01 14:38:26 [main] INFO  c.p.t.s.config.AsyncExecutorConfig - Creating custom thread pool for trip plan generation: corePoolSize=16, maxPoolSize=16, queueCapacity=100, keepAliveSeconds=60
2025-09-01 14:38:27 [main] INFO  c.p.t.s.c.ParentChildContextConfig - Creating loadedAgentRegistry bean for parent-child context
2025-09-01 14:38:27 [main] INFO  c.p.t.s.c.ParentChildContextConfig - Creating BaseSessionService bean for parent-child context
2025-09-01 14:38:53 [main] INFO  c.p.t.s.s.p.GeneratePlanServiceTest - Starting GeneratePlanServiceTest using Java 21.0.3 with PID 17381 (started by liuyang in /Users/liuyang/ideaProjects/pkfare/trip-scale-lite)
2025-09-01 14:38:53 [main] DEBUG c.p.t.s.s.p.GeneratePlanServiceTest - Running with Spring Boot v3.2.0, Spring v6.1.1
2025-09-01 14:38:53 [main] INFO  c.p.t.s.s.p.GeneratePlanServiceTest - No active profile set, falling back to 1 default profile: "default"
2025-09-01 14:38:55 [main] INFO  c.p.trip.scale.config.CacheConfig - Creating flight dates cache with expireAfterWrite: 120 minutes, maximumSize: 1000, initialCapacity: 100
2025-09-01 14:38:56 [main] INFO  c.p.trip.scale.config.CacheConfig - Creating flight offers cache with expireAfterWrite: 120 minutes, maximumSize: 1000, initialCapacity: 100
2025-09-01 14:38:56 [main] INFO  c.p.t.s.s.e.a.AmadeusFlightService - AmadeusFlightService initialized with flight dates and flight offers cache
2025-09-01 14:38:56 [main] INFO  c.p.trip.scale.config.CacheConfig - Creating hotel offers cache with expireAfterWrite: 120 minutes, maximumSize: 1000, initialCapacity: 100
2025-09-01 14:38:56 [main] INFO  c.p.t.s.s.e.a.AmadeusHotelService - AmadeusHotelService initialized with hotel offers cache
2025-09-01 14:38:56 [main] INFO  c.p.trip.scale.config.CacheConfig - Creating activities cache with expireAfterWrite: 120 minutes, maximumSize: 1000, initialCapacity: 100
2025-09-01 14:38:56 [main] INFO  c.p.t.s.s.e.a.AmadeusActivityService - AmadeusActivityService initialized with activities cache
2025-09-01 14:38:56 [main] INFO  c.p.t.s.config.AsyncExecutorConfig - Creating custom thread pool for trip plan generation: corePoolSize=16, maxPoolSize=16, queueCapacity=100, keepAliveSeconds=60
2025-09-01 14:38:56 [main] INFO  c.p.t.s.c.ParentChildContextConfig - Creating loadedAgentRegistry bean for parent-child context
2025-09-01 14:38:56 [main] INFO  c.p.t.s.c.ParentChildContextConfig - Creating BaseSessionService bean for parent-child context
2025-09-01 14:39:02 [main] INFO  c.p.t.s.s.p.GeneratePlanServiceTest - Started GeneratePlanServiceTest in 9.674 seconds (process running for 10.535)
2025-09-01 14:39:07 [main] INFO  c.p.t.s.p.s.GeneratePlanService - Starting concurrent trip plan generation for origin: FLR, destinations: 3
2025-09-01 14:39:07 [main] DEBUG c.p.t.s.p.s.GeneratePlanService - Validating parameters
2025-09-01 14:39:07 [main] DEBUG c.p.t.s.p.s.GeneratePlanService - Precise travel calculation: daysBetween=7, tripDays=7, preciseTravel=true
2025-09-01 14:39:07 [main] DEBUG c.p.t.s.p.s.GeneratePlanService - Round trip calculation: first=FCO, last=ORY, roundTrip=false
2025-09-01 14:39:07 [main] INFO  c.p.t.s.p.s.GeneratePlanService - Trip configuration: preciseTravel=true, roundTrip=false
2025-09-01 14:39:07 [main] DEBUG c.p.t.s.p.s.GeneratePlanService - Thread Pool Status - Active: 0, Pool Size: 0, Queue Size: 0, Completed Tasks: 0, Total Tasks: 0
2025-09-01 14:39:13 [main] INFO  c.p.t.s.p.s.GeneratePlanService - Starting concurrent searches with 16 threads
2025-09-01 14:39:13 [TripPlan-1] INFO  c.p.t.s.s.plan.FlightSearchService - Searching flight offers
2025-09-01 14:39:13 [TripPlan-2] INFO  c.p.t.s.s.plan.HotelSearchService - Getting hotels by city for 3 routes
2025-09-01 14:39:13 [TripPlan-3] INFO  c.p.t.s.s.plan.LocationSearchService - Searching city locations for 3 cities: [Rome, Ostia, Paris]
2025-09-01 14:39:15 [TripPlan-3] DEBUG c.p.t.s.s.plan.LocationSearchService - Processed city list: 3 unique cities
2025-09-01 14:39:15 [TripPlan-3] DEBUG c.p.t.s.s.plan.LocationSearchService - Cache miss for city: Rome
2025-09-01 14:39:15 [TripPlan-3] DEBUG c.p.t.s.s.plan.LocationSearchService - Cache miss for city: Ostia
2025-09-01 14:39:15 [TripPlan-3] DEBUG c.p.t.s.s.plan.LocationSearchService - Cache miss for city: Paris
2025-09-01 14:39:15 [TripPlan-3] INFO  c.p.t.s.s.plan.LocationSearchService - Cache statistics - hits: 0, misses: 3, total: 3
2025-09-01 14:39:15 [TripPlan-3] INFO  c.p.t.s.s.plan.LocationSearchService - Querying 3 cities from API: [Rome, Ostia, Paris]
2025-09-01 14:39:15 [TripPlan-3] DEBUG c.p.t.s.s.plan.LocationSearchService - Searching location for city from API: Ostia
2025-09-01 14:39:15 [ForkJoinPool.commonPool-worker-3] DEBUG c.p.t.s.s.plan.LocationSearchService - Searching location for city from API: Rome
2025-09-01 14:39:15 [ForkJoinPool.commonPool-worker-4] DEBUG c.p.t.s.s.plan.LocationSearchService - Searching location for city from API: Paris
2025-09-01 14:39:15 [TripPlan-1] INFO  c.p.t.s.s.e.a.AmadeusFlightService - Searching flight offers with request: FlightOffersSearchRequest(origin=FLR, destination=FCO, departureDate=2025-10-01, returnDate=null, adults=1, children=1, infants=0, nonStop=true, currency=CNY, maxPrice=25000, max=50)
2025-09-01 14:39:13 [TripPlan-2] INFO  c.p.t.s.s.e.a.AmadeusHotelService - Searching hotels by city with request: QueryHotelByCityRequest(cityCode=OST, radius=10, radiusUnit=KM, amenities=null, ratings=[1, 2, 3, 4, 5])
2025-09-01 14:39:13 [ForkJoinPool.commonPool-worker-2] INFO  c.p.t.s.s.e.a.AmadeusHotelService - Searching hotels by city with request: QueryHotelByCityRequest(cityCode=ORY, radius=10, radiusUnit=KM, amenities=null, ratings=[1, 2, 3, 4, 5])
2025-09-01 14:39:13 [ForkJoinPool.commonPool-worker-1] INFO  c.p.t.s.s.e.a.AmadeusHotelService - Searching hotels by city with request: QueryHotelByCityRequest(cityCode=FCO, radius=10, radiusUnit=KM, amenities=null, ratings=[1, 2, 3, 4, 5])
2025-09-01 14:39:15 [TripPlan-1] DEBUG c.p.trip.scale.util.CacheKeyUtil - Generated cache key: fo_67f5ebfe070594ca53f807e5e020f89a for request: flight_offers|FLR|FCO|2025-10-01||1|1|0|true|CNY|25000|50
2025-09-01 14:39:15 [TripPlan-1] DEBUG c.p.t.s.s.e.a.AmadeusFlightService - Cache miss for key: fo_67f5ebfe070594ca53f807e5e020f89a
2025-09-01 14:39:15 [TripPlan-1] INFO  c.p.t.s.s.e.a.AmadeusFlightService - Cache miss for key: fo_67f5ebfe070594ca53f807e5e020f89a, calling API
2025-09-01 14:39:20 [ForkJoinPool.commonPool-worker-3] INFO  c.p.t.s.s.plan.LocationSearchService - Successfully found and cached location for city Rome: lat=41.8967068, lng=12.4822025
2025-09-01 14:39:20 [ForkJoinPool.commonPool-worker-4] INFO  c.p.t.s.s.plan.LocationSearchService - Successfully found and cached location for city Paris: lat=48.8575475, lng=2.3513765
2025-09-01 14:39:20 [TripPlan-3] INFO  c.p.t.s.s.plan.LocationSearchService - Successfully found and cached location for city Ostia: lat=41.7311182, lng=12.2862694
2025-09-01 14:39:20 [TripPlan-3] INFO  c.p.t.s.s.plan.LocationSearchService - API query completed, found 3 out of 3 cities
2025-09-01 14:39:20 [TripPlan-3] INFO  c.p.t.s.s.plan.LocationSearchService - Successfully found locations for 3 out of 3 cities (cached: 0, api: 3)
2025-09-01 14:39:20 [TripPlan-3] INFO  c.p.t.s.p.s.GeneratePlanService - [TripPlan-3] City locations search completed in 6926 ms, found 3 locations
2025-09-01 14:39:20 [ForkJoinPool.commonPool-worker-1] INFO  c.p.t.s.s.e.a.AmadeusHotelService - Hotels by city search completed, found 11 results
2025-09-01 14:39:20 [ForkJoinPool.commonPool-worker-1] INFO  c.p.t.s.s.plan.HotelSearchService - Found 11 hotels in city FCO
2025-09-01 14:39:20 [TripPlan-2] INFO  c.p.t.s.s.e.a.AmadeusHotelService - Hotels by city search completed, found 8 results
2025-09-01 14:39:20 [TripPlan-2] INFO  c.p.t.s.s.plan.HotelSearchService - Found 8 hotels in city OST
2025-09-01 14:39:21 [ForkJoinPool.commonPool-worker-2] INFO  c.p.t.s.s.e.a.AmadeusHotelService - Hotels by city search completed, found 43 results
2025-09-01 14:39:21 [ForkJoinPool.commonPool-worker-2] INFO  c.p.t.s.s.plan.HotelSearchService - Found 43 hotels in city ORY
2025-09-01 14:39:21 [TripPlan-2] INFO  c.p.t.s.p.s.GeneratePlanService - [TripPlan-2] Hotel IDs search completed in 8584 ms, found 3 cities
2025-09-01 14:39:21 [TripPlan-1] DEBUG c.p.t.s.s.e.a.AmadeusFlightService - API call completed, found 4 results
2025-09-01 14:39:21 [TripPlan-1] DEBUG c.p.t.s.s.e.a.AmadeusFlightService - Cached 4 flight offers for key: fo_67f5ebfe070594ca53f807e5e020f89a
2025-09-01 14:39:21 [TripPlan-1] INFO  c.p.t.s.s.e.a.AmadeusFlightService - API result cached successfully - 4 flight offers for key: fo_67f5ebfe070594ca53f807e5e020f89a
2025-09-01 14:39:21 [TripPlan-1] DEBUG c.p.t.s.s.e.a.AmadeusFlightService - Flight offers cache stats - size: 1, hitRate: {:.2f}%, evictionCount: 0.0
2025-09-01 14:39:21 [TripPlan-1] INFO  c.p.t.s.s.e.a.AmadeusFlightService - Searching flight offers with request: FlightOffersSearchRequest(origin=ORY, destination=FLR, departureDate=2025-10-07, returnDate=null, adults=1, children=1, infants=0, nonStop=true, currency=CNY, maxPrice=25000, max=50)
2025-09-01 14:39:21 [TripPlan-1] DEBUG c.p.trip.scale.util.CacheKeyUtil - Generated cache key: fo_999021c45cb45939bab7a098937da645 for request: flight_offers|ORY|FLR|2025-10-07||1|1|0|true|CNY|25000|50
2025-09-01 14:39:21 [TripPlan-1] DEBUG c.p.t.s.s.e.a.AmadeusFlightService - Cache miss for key: fo_999021c45cb45939bab7a098937da645
2025-09-01 14:39:21 [TripPlan-1] INFO  c.p.t.s.s.e.a.AmadeusFlightService - Cache miss for key: fo_999021c45cb45939bab7a098937da645, calling API
2025-09-01 14:39:22 [TripPlan-1] DEBUG c.p.t.s.s.e.a.AmadeusFlightService - API call completed, found 4 results
2025-09-01 14:39:22 [TripPlan-1] DEBUG c.p.t.s.s.e.a.AmadeusFlightService - Cached 4 flight offers for key: fo_999021c45cb45939bab7a098937da645
2025-09-01 14:39:22 [TripPlan-1] INFO  c.p.t.s.s.e.a.AmadeusFlightService - API result cached successfully - 4 flight offers for key: fo_999021c45cb45939bab7a098937da645
2025-09-01 14:39:22 [TripPlan-1] DEBUG c.p.t.s.s.e.a.AmadeusFlightService - Flight offers cache stats - size: 2, hitRate: {:.2f}%, evictionCount: 0.0
2025-09-01 14:39:22 [TripPlan-1] INFO  c.p.t.s.s.plan.FlightSearchService - Extracted airport codes: [FCO, ORY, FLR]
2025-09-01 14:39:22 [TripPlan-1] DEBUG c.p.t.s.s.plan.FlightSearchService - Converted location for airport FCO: lat=41.79362, lng=12.2525
2025-09-01 14:39:23 [TripPlan-1] DEBUG c.p.t.s.s.plan.FlightSearchService - Converted location for airport ORY: lat=48.72528, lng=2.35945
2025-09-01 14:39:23 [TripPlan-1] DEBUG c.p.t.s.s.plan.FlightSearchService - Converted location for airport FLR: lat=43.81, lng=11.205
2025-09-01 14:39:23 [TripPlan-1] INFO  c.p.t.s.s.plan.FlightSearchService - Successfully queried 3 flight locations
2025-09-01 14:39:23 [TripPlan-1] DEBUG c.p.t.s.s.plan.FlightSearchService - Added airport FCO to location map: lat=41.79362, lng=12.2525
2025-09-01 14:39:23 [TripPlan-1] DEBUG c.p.t.s.s.plan.FlightSearchService - Added airport ORY to location map: lat=48.72528, lng=2.35945
2025-09-01 14:39:23 [TripPlan-1] DEBUG c.p.t.s.s.plan.FlightSearchService - Added airport FLR to location map: lat=43.81, lng=11.205
2025-09-01 14:39:23 [TripPlan-1] INFO  c.p.t.s.s.plan.FlightSearchService - Created airport location map with 3 entries
2025-09-01 14:39:23 [TripPlan-1] DEBUG c.p.t.s.s.plan.FlightSearchService - Supplemented departure geo for airport: FLR
2025-09-01 14:39:23 [TripPlan-1] DEBUG c.p.t.s.s.plan.FlightSearchService - Supplemented arrival geo for airport: FCO
2025-09-01 14:39:23 [TripPlan-1] DEBUG c.p.t.s.s.plan.FlightSearchService - Supplemented departure geo for airport: FLR
2025-09-01 14:39:23 [TripPlan-1] DEBUG c.p.t.s.s.plan.FlightSearchService - Supplemented arrival geo for airport: FCO
2025-09-01 14:39:23 [TripPlan-1] DEBUG c.p.t.s.s.plan.FlightSearchService - Supplemented departure geo for airport: FLR
2025-09-01 14:39:23 [TripPlan-1] DEBUG c.p.t.s.s.plan.FlightSearchService - Supplemented arrival geo for airport: FCO
2025-09-01 14:39:23 [TripPlan-1] DEBUG c.p.t.s.s.plan.FlightSearchService - Supplemented departure geo for airport: ORY
2025-09-01 14:39:23 [TripPlan-1] DEBUG c.p.t.s.s.plan.FlightSearchService - Supplemented arrival geo for airport: FLR
2025-09-01 14:39:23 [TripPlan-1] DEBUG c.p.t.s.s.plan.FlightSearchService - Supplemented departure geo for airport: ORY
2025-09-01 14:39:23 [TripPlan-1] DEBUG c.p.t.s.s.plan.FlightSearchService - Supplemented arrival geo for airport: FLR
2025-09-01 14:39:23 [TripPlan-1] DEBUG c.p.t.s.s.plan.FlightSearchService - Supplemented departure geo for airport: ORY
2025-09-01 14:39:23 [TripPlan-1] DEBUG c.p.t.s.s.plan.FlightSearchService - Supplemented arrival geo for airport: FLR
2025-09-01 14:39:23 [TripPlan-1] INFO  c.p.t.s.s.plan.FlightSearchService - Successfully supplemented location information for 6 flights
2025-09-01 14:39:23 [TripPlan-1] DEBUG c.p.t.s.s.plan.FlightSearchService - Supplemented departure geo for airport: FLR
2025-09-01 14:39:23 [TripPlan-1] DEBUG c.p.t.s.s.plan.FlightSearchService - Supplemented arrival geo for airport: FCO
2025-09-01 14:39:23 [TripPlan-1] DEBUG c.p.t.s.s.plan.FlightSearchService - Supplemented departure geo for airport: ORY
2025-09-01 14:39:23 [TripPlan-1] DEBUG c.p.t.s.s.plan.FlightSearchService - Supplemented arrival geo for airport: FLR
2025-09-01 14:39:23 [TripPlan-1] INFO  c.p.t.s.s.plan.FlightSearchService - Successfully supplemented location information for 2 flights
2025-09-01 14:39:23 [TripPlan-1] INFO  c.p.t.s.p.s.GeneratePlanService - [TripPlan-1] Flight search completed in 10282 ms, found 2 flights
2025-09-01 14:39:31 [main] INFO  c.p.t.s.p.s.GeneratePlanService - All concurrent searches completed in 20050 ms
2025-09-01 14:39:34 [TripPlan-4] INFO  c.p.t.s.s.plan.HotelSearchService - Searching hotels for 3 routes
2025-09-01 14:39:34 [TripPlan-5] INFO  c.p.t.s.s.plan.ActivitySearchService - Searching activities for 3 cityLocationInfos
2025-09-01 14:39:34 [TripPlan-4] INFO  c.p.t.s.s.plan.HotelSearchService - City FCO: CheckIn=2025-10-01, CheckOut=2025-10-03
2025-09-01 14:39:34 [TripPlan-5] DEBUG c.p.t.s.s.plan.ActivitySearchService - hotelCity Rome location: lat=41.8967068, lon=12.4822025
2025-09-01 14:39:34 [TripPlan-4] INFO  c.p.t.s.s.plan.HotelSearchService - City OST: CheckIn=2025-10-03, CheckOut=2025-10-05
2025-09-01 14:39:34 [TripPlan-5] DEBUG c.p.t.s.s.plan.ActivitySearchService - hotelCity Ostia location: lat=41.7311182, lon=12.2862694
2025-09-01 14:39:34 [TripPlan-4] INFO  c.p.t.s.s.plan.HotelSearchService - City ORY: CheckIn=2025-10-05, CheckOut=2025-10-08
2025-09-01 14:39:34 [TripPlan-5] DEBUG c.p.t.s.s.plan.ActivitySearchService - hotelCity Paris location: lat=48.8575475, lon=2.3513765
2025-09-01 14:39:36 [TripPlan-4] INFO  c.p.t.s.s.plan.HotelSearchService - Searching hotel offers for city OST with 8 hotels
2025-09-01 14:39:36 [ForkJoinPool.commonPool-worker-3] INFO  c.p.t.s.s.plan.HotelSearchService - Searching hotel offers for city ORY with 20 hotels
2025-09-01 14:39:36 [ForkJoinPool.commonPool-worker-4] INFO  c.p.t.s.s.plan.HotelSearchService - Searching hotel offers for city FCO with 11 hotels
2025-09-01 14:39:36 [ForkJoinPool.commonPool-worker-2] INFO  c.p.t.s.s.plan.ActivitySearchService - Searching activities for city Rome ，location HotelLocationInfo(latitude=41.8967068, longitude=12.4822025)
2025-09-01 14:39:36 [ForkJoinPool.commonPool-worker-1] INFO  c.p.t.s.s.plan.ActivitySearchService - Searching activities for city Paris ，location HotelLocationInfo(latitude=48.8575475, longitude=2.3513765)
2025-09-01 14:39:36 [TripPlan-5] INFO  c.p.t.s.s.plan.ActivitySearchService - Searching activities for city Ostia ，location HotelLocationInfo(latitude=41.7311182, longitude=12.2862694)
2025-09-01 14:39:36 [TripPlan-5] INFO  c.p.t.s.s.e.a.AmadeusActivityService - Searching activities with request: ActivitiesSearchRequest(latitude=41.7311182, longitude=12.2862694, radius=20)
2025-09-01 14:39:36 [ForkJoinPool.commonPool-worker-1] INFO  c.p.t.s.s.e.a.AmadeusActivityService - Searching activities with request: ActivitiesSearchRequest(latitude=48.8575475, longitude=2.3513765, radius=20)
2025-09-01 14:39:36 [ForkJoinPool.commonPool-worker-2] INFO  c.p.t.s.s.e.a.AmadeusActivityService - Searching activities with request: ActivitiesSearchRequest(latitude=41.8967068, longitude=12.4822025, radius=20)
2025-09-01 14:39:36 [ForkJoinPool.commonPool-worker-1] DEBUG c.p.trip.scale.util.CacheKeyUtil - Generated cache key: ac_373944abba1f88ac302d46a6ba91e657 for request: activities|48.8575475|2.3513765|20
2025-09-01 14:39:36 [ForkJoinPool.commonPool-worker-2] DEBUG c.p.trip.scale.util.CacheKeyUtil - Generated cache key: ac_4924dd02687f3f173ef1ef8466affe9a for request: activities|41.8967068|12.4822025|20
2025-09-01 14:39:36 [TripPlan-5] DEBUG c.p.trip.scale.util.CacheKeyUtil - Generated cache key: ac_e77ad97ab0bb34ea534de26358049c1b for request: activities|41.7311182|12.2862694|20
2025-09-01 14:39:36 [ForkJoinPool.commonPool-worker-1] DEBUG c.p.t.s.s.e.a.AmadeusActivityService - Cache miss for key: ac_373944abba1f88ac302d46a6ba91e657
2025-09-01 14:39:36 [ForkJoinPool.commonPool-worker-2] DEBUG c.p.t.s.s.e.a.AmadeusActivityService - Cache miss for key: ac_4924dd02687f3f173ef1ef8466affe9a
2025-09-01 14:39:36 [TripPlan-5] DEBUG c.p.t.s.s.e.a.AmadeusActivityService - Cache miss for key: ac_e77ad97ab0bb34ea534de26358049c1b
2025-09-01 14:39:36 [ForkJoinPool.commonPool-worker-1] INFO  c.p.t.s.s.e.a.AmadeusActivityService - Cache miss for key: ac_373944abba1f88ac302d46a6ba91e657, calling API
2025-09-01 14:39:36 [ForkJoinPool.commonPool-worker-2] INFO  c.p.t.s.s.e.a.AmadeusActivityService - Cache miss for key: ac_4924dd02687f3f173ef1ef8466affe9a, calling API
2025-09-01 14:39:36 [TripPlan-5] INFO  c.p.t.s.s.e.a.AmadeusActivityService - Cache miss for key: ac_e77ad97ab0bb34ea534de26358049c1b, calling API
2025-09-01 14:39:36 [ForkJoinPool.commonPool-worker-4] INFO  c.p.t.s.s.e.a.AmadeusHotelService - Searching hotel offers with request: HotelOffersSearchRequest(hotelIds=[BWFCO336, YXROMSEC, YXROMDLI, YXROMTIB, CIFCO058, WVFCO548, BWFCO270, BNROMABH, ONROMBEL, OIROMBLV, YXFCOLCH], adults=2, checkInDate=2025-10-01, checkOutDate=2025-10-03, countryOfResidence=IT, roomQuantity=1, priceRange=10-5000, currency=CNY, paymentPolicy=NONE, bestRateOnly=true)
2025-09-01 14:39:36 [TripPlan-4] INFO  c.p.t.s.s.e.a.AmadeusHotelService - Searching hotel offers with request: HotelOffersSearchRequest(hotelIds=[HSOSTAAO, CHOSTVEL, HSOSTAAF, CHOSTBER, HSOSTAAY, YXOSTTPA, HSOSTAEL, HSOSTAAE], adults=2, checkInDate=2025-10-03, checkOutDate=2025-10-05, countryOfResidence=IT, roomQuantity=1, priceRange=10-5000, currency=CNY, paymentPolicy=NONE, bestRateOnly=true)
2025-09-01 14:39:36 [ForkJoinPool.commonPool-worker-3] INFO  c.p.t.s.s.e.a.AmadeusHotelService - Searching hotel offers with request: HotelOffersSearchRequest(hotelIds=[HLORY208, RTORYORY, HSORYAFI, HSPARCCP, RTORYALT, NNPARC16, BWORY780, RTORYRUN, HSORYAEA, HSPARCDM, NNPARC49, CIORY405, WVPARCCL, NNPARP20, NNPARP25, RTORYCHE, CIORY384, CIORY336, FGORYI7Y, HSPARCDA], adults=2, checkInDate=2025-10-05, checkOutDate=2025-10-08, countryOfResidence=FR, roomQuantity=1, priceRange=10-5000, currency=CNY, paymentPolicy=NONE, bestRateOnly=true)
2025-09-01 14:39:36 [TripPlan-4] DEBUG c.p.trip.scale.util.CacheKeyUtil - Generated cache key: ho_0fc10ffdb39e87f6575bf279f0ca6653 for request: hotel_offers|CHOSTBER,CHOSTVEL,HSOSTAAE,HSOSTAAF,HSOSTAAO,HSOSTAAY,HSOSTAEL,YXOSTTPA|2|2025-10-03|2025-10-05|IT|1|10-5000|CNY|NONE|true
2025-09-01 14:39:36 [ForkJoinPool.commonPool-worker-3] DEBUG c.p.trip.scale.util.CacheKeyUtil - Generated cache key: ho_6d0dcec90bf5a2319e9fb9879d595241 for request: hotel_offers|BWORY780,CIORY336,CIORY384,CIORY405,FGORYI7Y,HLORY208,HSORYAEA,HSORYAFI,HSPARCCP,HSPARCDA,HSPARCDM,NNPARC16,NNPARC49,NNPARP20,NNPARP25,RTORYALT,RTORYCHE,RTORYORY,RTORYRUN,WVPARCCL|2|2025-10-05|2025-10-08|FR|1|10-5000|CNY|NONE|true
2025-09-01 14:39:36 [ForkJoinPool.commonPool-worker-4] DEBUG c.p.trip.scale.util.CacheKeyUtil - Generated cache key: ho_c2263665d33f32a2abc4c9554c9ce6ff for request: hotel_offers|BNROMABH,BWFCO270,BWFCO336,CIFCO058,OIROMBLV,ONROMBEL,WVFCO548,YXFCOLCH,YXROMDLI,YXROMSEC,YXROMTIB|2|2025-10-01|2025-10-03|IT|1|10-5000|CNY|NONE|true
2025-09-01 14:39:36 [TripPlan-4] DEBUG c.p.t.s.s.e.a.AmadeusHotelService - Cache miss for key: ho_0fc10ffdb39e87f6575bf279f0ca6653
2025-09-01 14:39:36 [ForkJoinPool.commonPool-worker-3] DEBUG c.p.t.s.s.e.a.AmadeusHotelService - Cache miss for key: ho_6d0dcec90bf5a2319e9fb9879d595241
2025-09-01 14:39:36 [ForkJoinPool.commonPool-worker-4] DEBUG c.p.t.s.s.e.a.AmadeusHotelService - Cache miss for key: ho_c2263665d33f32a2abc4c9554c9ce6ff
2025-09-01 14:39:36 [TripPlan-4] INFO  c.p.t.s.s.e.a.AmadeusHotelService - Cache miss for key: ho_0fc10ffdb39e87f6575bf279f0ca6653, calling API
2025-09-01 14:39:36 [ForkJoinPool.commonPool-worker-3] INFO  c.p.t.s.s.e.a.AmadeusHotelService - Cache miss for key: ho_6d0dcec90bf5a2319e9fb9879d595241, calling API
2025-09-01 14:39:36 [ForkJoinPool.commonPool-worker-4] INFO  c.p.t.s.s.e.a.AmadeusHotelService - Cache miss for key: ho_c2263665d33f32a2abc4c9554c9ce6ff, calling API
2025-09-01 14:39:36 [ForkJoinPool.commonPool-worker-2] ERROR c.p.t.s.a.a.a.AmadeusActivitiesSearchApi - call AmadeusActivitiesSearchApi failed
com.amadeus.exceptions.ClientException: [429]
The network rate limit is exceeded, please try again later
	at com.amadeus.Response.detectError(Response.java:78)
	at com.amadeus.HTTPClient.execute(HTTPClient.java:361)
	at com.amadeus.HTTPClient.unauthenticatedRequest(HTTPClient.java:253)
	at com.amadeus.HTTPClient.request(HTTPClient.java:339)
	at com.amadeus.HTTPClient.get(HTTPClient.java:67)
	at com.amadeus.shopping.Activities.get(Activities.java:62)
	at com.pkfare.trip.scale.api.amadeus.activities.AmadeusActivitiesSearchApi.searchActivities(AmadeusActivitiesSearchApi.java:22)
	at com.pkfare.trip.scale.service.external.amadeus.AmadeusActivityService.lambda$searchActivitiesWithoutCache$0(AmadeusActivityService.java:128)
	at com.pkfare.trip.scale.service.external.amadeus.AmadeusActivityService.retryApiCall(AmadeusActivityService.java:207)
	at com.pkfare.trip.scale.service.external.amadeus.AmadeusActivityService.searchActivitiesWithoutCache(AmadeusActivityService.java:126)
	at com.pkfare.trip.scale.service.external.amadeus.AmadeusActivityService.searchActivities(AmadeusActivityService.java:64)
	at com.pkfare.trip.scale.service.plan.ActivitySearchService.searchActivitiesForCity(ActivitySearchService.java:120)
	at com.pkfare.trip.scale.service.plan.ActivitySearchService.lambda$searchActivities$0(ActivitySearchService.java:59)
	at java.base/java.util.stream.ForEachOps$ForEachOp$OfRef.accept(ForEachOps.java:184)
	at java.base/java.util.ArrayList$ArrayListSpliterator.forEachRemaining(ArrayList.java:1708)
	at java.base/java.util.stream.AbstractPipeline.copyInto(AbstractPipeline.java:509)
	at java.base/java.util.stream.ForEachOps$ForEachTask.compute(ForEachOps.java:291)
	at java.base/java.util.concurrent.CountedCompleter.exec(CountedCompleter.java:754)
	at java.base/java.util.concurrent.ForkJoinTask.doExec$$$capture(ForkJoinTask.java:387)
	at java.base/java.util.concurrent.ForkJoinTask.doExec(ForkJoinTask.java)
	at java.base/java.util.concurrent.ForkJoinPool$WorkQueue.topLevelExec(ForkJoinPool.java:1312)
	at java.base/java.util.concurrent.ForkJoinPool.scan(ForkJoinPool.java:1843)
	at java.base/java.util.concurrent.ForkJoinPool.runWorker(ForkJoinPool.java:1808)
	at java.base/java.util.concurrent.ForkJoinWorkerThread.run(ForkJoinWorkerThread.java:188)
2025-09-01 14:39:36 [ForkJoinPool.commonPool-worker-2] ERROR c.p.t.s.s.e.a.AmadeusActivityService - Failed to search activities via API
com.pkfare.trip.scale.api.amadeus.exception.AmadeusApiException: null
	at com.pkfare.trip.scale.api.amadeus.activities.AmadeusActivitiesSearchApi.searchActivities(AmadeusActivitiesSearchApi.java:34)
	at com.pkfare.trip.scale.service.external.amadeus.AmadeusActivityService.lambda$searchActivitiesWithoutCache$0(AmadeusActivityService.java:128)
	at com.pkfare.trip.scale.service.external.amadeus.AmadeusActivityService.retryApiCall(AmadeusActivityService.java:207)
	at com.pkfare.trip.scale.service.external.amadeus.AmadeusActivityService.searchActivitiesWithoutCache(AmadeusActivityService.java:126)
	at com.pkfare.trip.scale.service.external.amadeus.AmadeusActivityService.searchActivities(AmadeusActivityService.java:64)
	at com.pkfare.trip.scale.service.plan.ActivitySearchService.searchActivitiesForCity(ActivitySearchService.java:120)
	at com.pkfare.trip.scale.service.plan.ActivitySearchService.lambda$searchActivities$0(ActivitySearchService.java:59)
	at java.base/java.util.stream.ForEachOps$ForEachOp$OfRef.accept(ForEachOps.java:184)
	at java.base/java.util.ArrayList$ArrayListSpliterator.forEachRemaining(ArrayList.java:1708)
	at java.base/java.util.stream.AbstractPipeline.copyInto(AbstractPipeline.java:509)
	at java.base/java.util.stream.ForEachOps$ForEachTask.compute(ForEachOps.java:291)
	at java.base/java.util.concurrent.CountedCompleter.exec(CountedCompleter.java:754)
	at java.base/java.util.concurrent.ForkJoinTask.doExec$$$capture(ForkJoinTask.java:387)
	at java.base/java.util.concurrent.ForkJoinTask.doExec(ForkJoinTask.java)
	at java.base/java.util.concurrent.ForkJoinPool$WorkQueue.topLevelExec(ForkJoinPool.java:1312)
	at java.base/java.util.concurrent.ForkJoinPool.scan(ForkJoinPool.java:1843)
	at java.base/java.util.concurrent.ForkJoinPool.runWorker(ForkJoinPool.java:1808)
	at java.base/java.util.concurrent.ForkJoinWorkerThread.run(ForkJoinWorkerThread.java:188)
2025-09-01 14:39:36 [ForkJoinPool.commonPool-worker-2] WARN  c.p.t.s.s.e.a.AmadeusActivityService - API call attempt 1 failed: Failed to search activities: null
2025-09-01 14:39:37 [TripPlan-5] DEBUG c.p.t.s.s.e.a.AmadeusActivityService - API call completed, found 27 results
2025-09-01 14:39:37 [TripPlan-5] DEBUG c.p.t.s.s.e.a.AmadeusActivityService - Cached 27 activities for key: ac_e77ad97ab0bb34ea534de26358049c1b
2025-09-01 14:39:37 [TripPlan-5] INFO  c.p.t.s.s.e.a.AmadeusActivityService - API result cached successfully - 27 activities for key: ac_e77ad97ab0bb34ea534de26358049c1b
2025-09-01 14:39:37 [TripPlan-5] DEBUG c.p.t.s.s.e.a.AmadeusActivityService - Activities cache stats - size: 1, hitRate: {:.2f}%, evictionCount: 0.0
2025-09-01 14:39:37 [TripPlan-5] INFO  c.p.t.s.s.plan.ActivitySearchService - Found 27 activities for city Ostia, filtered to 6 top activities
2025-09-01 14:39:37 [TripPlan-4] DEBUG c.p.t.s.s.e.a.AmadeusHotelService - API call completed, found 1 results
2025-09-01 14:39:37 [TripPlan-4] DEBUG c.p.t.s.s.e.a.AmadeusHotelService - Cached 1 hotel offers for key: ho_0fc10ffdb39e87f6575bf279f0ca6653
2025-09-01 14:39:37 [TripPlan-4] INFO  c.p.t.s.s.e.a.AmadeusHotelService - API result cached successfully - 1 hotel offers for key: ho_0fc10ffdb39e87f6575bf279f0ca6653
2025-09-01 14:39:37 [TripPlan-4] DEBUG c.p.t.s.s.e.a.AmadeusHotelService - Hotel offers cache stats - size: 1, hitRate: {:.2f}%, evictionCount: 0.0
2025-09-01 14:39:37 [TripPlan-4] INFO  c.p.t.s.s.plan.HotelSearchService - Found 1 hotel offers for city OST
2025-09-01 14:39:37 [TripPlan-4] DEBUG c.p.t.s.s.plan.HotelSearchService - Found 1 hotels for route OST
2025-09-01 14:39:41 [ForkJoinPool.commonPool-worker-4] DEBUG c.p.t.s.s.e.a.AmadeusHotelService - API call completed, found 1 results
2025-09-01 14:39:41 [ForkJoinPool.commonPool-worker-4] DEBUG c.p.t.s.s.e.a.AmadeusHotelService - Cached 1 hotel offers for key: ho_c2263665d33f32a2abc4c9554c9ce6ff
2025-09-01 14:39:41 [ForkJoinPool.commonPool-worker-4] INFO  c.p.t.s.s.e.a.AmadeusHotelService - API result cached successfully - 1 hotel offers for key: ho_c2263665d33f32a2abc4c9554c9ce6ff
2025-09-01 14:39:41 [ForkJoinPool.commonPool-worker-4] DEBUG c.p.t.s.s.e.a.AmadeusHotelService - Hotel offers cache stats - size: 2, hitRate: {:.2f}%, evictionCount: 0.0
2025-09-01 14:39:41 [ForkJoinPool.commonPool-worker-4] INFO  c.p.t.s.s.plan.HotelSearchService - Found 1 hotel offers for city FCO
2025-09-01 14:39:41 [ForkJoinPool.commonPool-worker-4] DEBUG c.p.t.s.s.plan.HotelSearchService - Found 1 hotels for route FCO
2025-09-01 14:39:43 [ForkJoinPool.commonPool-worker-3] DEBUG c.p.t.s.s.e.a.AmadeusHotelService - API call completed, found 3 results
2025-09-01 14:39:43 [ForkJoinPool.commonPool-worker-3] DEBUG c.p.t.s.s.e.a.AmadeusHotelService - Cached 3 hotel offers for key: ho_6d0dcec90bf5a2319e9fb9879d595241
2025-09-01 14:39:43 [ForkJoinPool.commonPool-worker-3] INFO  c.p.t.s.s.e.a.AmadeusHotelService - API result cached successfully - 3 hotel offers for key: ho_6d0dcec90bf5a2319e9fb9879d595241
2025-09-01 14:39:43 [ForkJoinPool.commonPool-worker-3] DEBUG c.p.t.s.s.e.a.AmadeusHotelService - Hotel offers cache stats - size: 3, hitRate: {:.2f}%, evictionCount: 0.0
2025-09-01 14:39:43 [ForkJoinPool.commonPool-worker-3] INFO  c.p.t.s.s.plan.HotelSearchService - Found 1 hotel offers for city ORY
2025-09-01 14:39:43 [ForkJoinPool.commonPool-worker-3] DEBUG c.p.t.s.s.plan.HotelSearchService - Found 1 hotels for route ORY
2025-09-01 14:39:43 [TripPlan-4] INFO  c.p.t.s.s.plan.HotelSearchService - Found 3 hotels in total
2025-09-01 14:39:43 [TripPlan-4] INFO  c.p.t.s.p.s.GeneratePlanService - [TripPlan-4] Hotel details search completed in 9118 ms, found 3 hotels
2025-09-01 14:39:47 [ForkJoinPool.commonPool-worker-2] DEBUG c.p.t.s.s.e.a.AmadeusActivityService - API call completed, found 1244 results
2025-09-01 14:39:47 [ForkJoinPool.commonPool-worker-2] DEBUG c.p.t.s.s.e.a.AmadeusActivityService - Cached 1244 activities for key: ac_4924dd02687f3f173ef1ef8466affe9a
2025-09-01 14:39:47 [ForkJoinPool.commonPool-worker-2] INFO  c.p.t.s.s.e.a.AmadeusActivityService - API result cached successfully - 1244 activities for key: ac_4924dd02687f3f173ef1ef8466affe9a
2025-09-01 14:39:47 [ForkJoinPool.commonPool-worker-2] DEBUG c.p.t.s.s.e.a.AmadeusActivityService - Activities cache stats - size: 2, hitRate: {:.2f}%, evictionCount: 0.0
2025-09-01 14:39:47 [ForkJoinPool.commonPool-worker-2] INFO  c.p.t.s.s.plan.ActivitySearchService - Found 1244 activities for city Rome, filtered to 6 top activities
2025-09-01 14:40:05 [ForkJoinPool.commonPool-worker-1] DEBUG c.p.t.s.s.e.a.AmadeusActivityService - API call completed, found 956 results
2025-09-01 14:40:05 [ForkJoinPool.commonPool-worker-1] DEBUG c.p.t.s.s.e.a.AmadeusActivityService - Cached 956 activities for key: ac_373944abba1f88ac302d46a6ba91e657
2025-09-01 14:40:05 [ForkJoinPool.commonPool-worker-1] INFO  c.p.t.s.s.e.a.AmadeusActivityService - API result cached successfully - 956 activities for key: ac_373944abba1f88ac302d46a6ba91e657
2025-09-01 14:40:05 [ForkJoinPool.commonPool-worker-1] DEBUG c.p.t.s.s.e.a.AmadeusActivityService - Activities cache stats - size: 3, hitRate: {:.2f}%, evictionCount: 0.0
2025-09-01 14:40:05 [ForkJoinPool.commonPool-worker-1] INFO  c.p.t.s.s.plan.ActivitySearchService - Found 956 activities for city Paris, filtered to 9 top activities
2025-09-01 14:40:05 [TripPlan-5] INFO  c.p.t.s.s.plan.ActivitySearchService - Found 21 activities in total
2025-09-01 14:40:05 [TripPlan-5] INFO  c.p.t.s.p.s.GeneratePlanService - [TripPlan-5] Activities search completed in 30995 ms, found 21 activities
2025-09-01 14:40:08 [main] INFO  c.p.t.s.p.s.GeneratePlanService - Dependent searches completed in 35062 ms
2025-09-01 14:40:35 [main] INFO  c.p.t.s.s.e.ai.GoogleAiService - Starting daily route planning generation
2025-09-01 14:42:01 [main] INFO  c.p.t.s.s.p.GeneratePlanServiceTest - Starting GeneratePlanServiceTest using Java 21.0.3 with PID 17524 (started by liuyang in /Users/liuyang/ideaProjects/pkfare/trip-scale-lite)
2025-09-01 14:42:01 [main] DEBUG c.p.t.s.s.p.GeneratePlanServiceTest - Running with Spring Boot v3.2.0, Spring v6.1.1
2025-09-01 14:42:01 [main] INFO  c.p.t.s.s.p.GeneratePlanServiceTest - No active profile set, falling back to 1 default profile: "default"
2025-09-01 14:42:04 [main] INFO  c.p.trip.scale.config.CacheConfig - Creating flight dates cache with expireAfterWrite: 120 minutes, maximumSize: 1000, initialCapacity: 100
2025-09-01 14:42:04 [main] INFO  c.p.trip.scale.config.CacheConfig - Creating flight offers cache with expireAfterWrite: 120 minutes, maximumSize: 1000, initialCapacity: 100
2025-09-01 14:42:04 [main] INFO  c.p.t.s.s.e.a.AmadeusFlightService - AmadeusFlightService initialized with flight dates and flight offers cache
2025-09-01 14:42:04 [main] INFO  c.p.trip.scale.config.CacheConfig - Creating hotel offers cache with expireAfterWrite: 120 minutes, maximumSize: 1000, initialCapacity: 100
2025-09-01 14:42:04 [main] INFO  c.p.t.s.s.e.a.AmadeusHotelService - AmadeusHotelService initialized with hotel offers cache
2025-09-01 14:42:04 [main] INFO  c.p.trip.scale.config.CacheConfig - Creating activities cache with expireAfterWrite: 120 minutes, maximumSize: 1000, initialCapacity: 100
2025-09-01 14:42:04 [main] INFO  c.p.t.s.s.e.a.AmadeusActivityService - AmadeusActivityService initialized with activities cache
2025-09-01 14:42:04 [main] INFO  c.p.t.s.config.AsyncExecutorConfig - Creating custom thread pool for trip plan generation: corePoolSize=16, maxPoolSize=16, queueCapacity=100, keepAliveSeconds=60
2025-09-01 14:42:05 [main] INFO  c.p.t.s.c.ParentChildContextConfig - Creating loadedAgentRegistry bean for parent-child context
2025-09-01 14:42:05 [main] INFO  c.p.t.s.c.ParentChildContextConfig - Creating BaseSessionService bean for parent-child context
2025-09-01 14:42:11 [main] INFO  c.p.t.s.s.p.GeneratePlanServiceTest - Started GeneratePlanServiceTest in 9.819 seconds (process running for 10.762)
2025-09-01 14:42:15 [main] INFO  c.p.t.s.p.s.GeneratePlanService - Starting concurrent trip plan generation for origin: FLR, destinations: 3
2025-09-01 14:42:15 [main] DEBUG c.p.t.s.p.s.GeneratePlanService - Validating parameters
2025-09-01 14:42:15 [main] DEBUG c.p.t.s.p.s.GeneratePlanService - Precise travel calculation: daysBetween=7, tripDays=7, preciseTravel=true
2025-09-01 14:42:15 [main] DEBUG c.p.t.s.p.s.GeneratePlanService - Round trip calculation: first=FCO, last=ORY, roundTrip=false
2025-09-01 14:42:15 [main] INFO  c.p.t.s.p.s.GeneratePlanService - Trip configuration: preciseTravel=true, roundTrip=false
2025-09-01 14:42:15 [main] DEBUG c.p.t.s.p.s.GeneratePlanService - Thread Pool Status - Active: 0, Pool Size: 0, Queue Size: 0, Completed Tasks: 0, Total Tasks: 0
2025-09-01 14:42:23 [main] INFO  c.p.t.s.p.s.GeneratePlanService - Starting concurrent searches with 16 threads
2025-09-01 14:42:37 [TripPlan-1] INFO  c.p.t.s.s.plan.FlightSearchService - Searching flight offers
2025-09-01 14:42:39 [TripPlan-2] INFO  c.p.t.s.s.plan.HotelSearchService - Getting hotels by city for 3 routes
2025-09-01 14:42:40 [TripPlan-3] INFO  c.p.t.s.s.plan.LocationSearchService - Searching city locations for 3 cities: [Rome, Ostia, Paris]
2025-09-01 14:42:42 [TripPlan-3] DEBUG c.p.t.s.s.plan.LocationSearchService - Processed city list: 3 unique cities
2025-09-01 14:42:42 [TripPlan-3] DEBUG c.p.t.s.s.plan.LocationSearchService - Cache miss for city: Rome
2025-09-01 14:42:42 [TripPlan-3] DEBUG c.p.t.s.s.plan.LocationSearchService - Cache miss for city: Ostia
2025-09-01 14:42:42 [TripPlan-3] DEBUG c.p.t.s.s.plan.LocationSearchService - Cache miss for city: Paris
2025-09-01 14:42:42 [TripPlan-3] INFO  c.p.t.s.s.plan.LocationSearchService - Cache statistics - hits: 0, misses: 3, total: 3
2025-09-01 14:42:42 [TripPlan-3] INFO  c.p.t.s.s.plan.LocationSearchService - Querying 3 cities from API: [Rome, Ostia, Paris]
2025-09-01 14:42:44 [ForkJoinPool.commonPool-worker-3] DEBUG c.p.t.s.s.plan.LocationSearchService - Searching location for city from API: Rome
2025-09-01 14:42:44 [TripPlan-3] DEBUG c.p.t.s.s.plan.LocationSearchService - Searching location for city from API: Ostia
2025-09-01 14:42:44 [ForkJoinPool.commonPool-worker-4] DEBUG c.p.t.s.s.plan.LocationSearchService - Searching location for city from API: Paris
2025-09-01 14:42:44 [TripPlan-1] INFO  c.p.t.s.s.e.a.AmadeusFlightService - Searching flight offers with request: FlightOffersSearchRequest(origin=FLR, destination=FCO, departureDate=2025-10-01, returnDate=null, adults=1, children=1, infants=0, nonStop=true, currency=CNY, maxPrice=25000, max=50)
2025-09-01 14:42:44 [TripPlan-1] DEBUG c.p.trip.scale.util.CacheKeyUtil - Generated cache key: fo_67f5ebfe070594ca53f807e5e020f89a for request: flight_offers|FLR|FCO|2025-10-01||1|1|0|true|CNY|25000|50
2025-09-01 14:42:44 [TripPlan-1] DEBUG c.p.t.s.s.e.a.AmadeusFlightService - Cache miss for key: fo_67f5ebfe070594ca53f807e5e020f89a
2025-09-01 14:42:40 [TripPlan-2] INFO  c.p.t.s.s.e.a.AmadeusHotelService - Searching hotels by city with request: QueryHotelByCityRequest(cityCode=OST, radius=10, radiusUnit=KM, amenities=null, ratings=[1, 2, 3, 4, 5])
2025-09-01 14:42:40 [ForkJoinPool.commonPool-worker-2] INFO  c.p.t.s.s.e.a.AmadeusHotelService - Searching hotels by city with request: QueryHotelByCityRequest(cityCode=ORY, radius=10, radiusUnit=KM, amenities=null, ratings=[1, 2, 3, 4, 5])
2025-09-01 14:42:44 [TripPlan-1] INFO  c.p.t.s.s.e.a.AmadeusFlightService - Cache miss for key: fo_67f5ebfe070594ca53f807e5e020f89a, calling API
2025-09-01 14:42:40 [ForkJoinPool.commonPool-worker-1] INFO  c.p.t.s.s.e.a.AmadeusHotelService - Searching hotels by city with request: QueryHotelByCityRequest(cityCode=FCO, radius=10, radiusUnit=KM, amenities=null, ratings=[1, 2, 3, 4, 5])
2025-09-01 14:42:47 [ForkJoinPool.commonPool-worker-4] INFO  c.p.t.s.s.plan.LocationSearchService - Successfully found and cached location for city Paris: lat=48.8575475, lng=2.3513765
2025-09-01 14:42:47 [ForkJoinPool.commonPool-worker-3] INFO  c.p.t.s.s.plan.LocationSearchService - Successfully found and cached location for city Rome: lat=41.8967068, lng=12.4822025
2025-09-01 14:42:47 [TripPlan-3] INFO  c.p.t.s.s.plan.LocationSearchService - Successfully found and cached location for city Ostia: lat=41.7311182, lng=12.2862694
2025-09-01 14:42:47 [TripPlan-3] INFO  c.p.t.s.s.plan.LocationSearchService - API query completed, found 3 out of 3 cities
2025-09-01 14:42:47 [TripPlan-3] INFO  c.p.t.s.s.plan.LocationSearchService - Successfully found locations for 3 out of 3 cities (cached: 0, api: 3)
2025-09-01 14:42:47 [TripPlan-3] INFO  c.p.t.s.p.s.GeneratePlanService - [TripPlan-3] City locations search completed in 7560 ms, found 3 locations
2025-09-01 14:42:48 [TripPlan-2] INFO  c.p.t.s.s.e.a.AmadeusHotelService - Hotels by city search completed, found 8 results
2025-09-01 14:42:48 [TripPlan-2] INFO  c.p.t.s.s.plan.HotelSearchService - Found 8 hotels in city OST
2025-09-01 14:42:49 [TripPlan-1] DEBUG c.p.t.s.s.e.a.AmadeusFlightService - API call completed, found 4 results
2025-09-01 14:42:49 [TripPlan-1] DEBUG c.p.t.s.s.e.a.AmadeusFlightService - Cached 4 flight offers for key: fo_67f5ebfe070594ca53f807e5e020f89a
2025-09-01 14:42:49 [TripPlan-1] INFO  c.p.t.s.s.e.a.AmadeusFlightService - API result cached successfully - 4 flight offers for key: fo_67f5ebfe070594ca53f807e5e020f89a
2025-09-01 14:42:49 [TripPlan-1] DEBUG c.p.t.s.s.e.a.AmadeusFlightService - Flight offers cache stats - size: 1, hitRate: {:.2f}%, evictionCount: 0.0
2025-09-01 14:42:49 [TripPlan-1] INFO  c.p.t.s.s.e.a.AmadeusFlightService - Searching flight offers with request: FlightOffersSearchRequest(origin=ORY, destination=FLR, departureDate=2025-10-07, returnDate=null, adults=1, children=1, infants=0, nonStop=true, currency=CNY, maxPrice=25000, max=50)
2025-09-01 14:42:49 [TripPlan-1] DEBUG c.p.trip.scale.util.CacheKeyUtil - Generated cache key: fo_999021c45cb45939bab7a098937da645 for request: flight_offers|ORY|FLR|2025-10-07||1|1|0|true|CNY|25000|50
2025-09-01 14:42:49 [TripPlan-1] DEBUG c.p.t.s.s.e.a.AmadeusFlightService - Cache miss for key: fo_999021c45cb45939bab7a098937da645
2025-09-01 14:42:49 [TripPlan-1] INFO  c.p.t.s.s.e.a.AmadeusFlightService - Cache miss for key: fo_999021c45cb45939bab7a098937da645, calling API
2025-09-01 14:42:50 [ForkJoinPool.commonPool-worker-1] INFO  c.p.t.s.s.e.a.AmadeusHotelService - Hotels by city search completed, found 11 results
2025-09-01 14:42:50 [ForkJoinPool.commonPool-worker-1] INFO  c.p.t.s.s.plan.HotelSearchService - Found 11 hotels in city FCO
2025-09-01 14:42:50 [TripPlan-1] DEBUG c.p.t.s.s.e.a.AmadeusFlightService - API call completed, found 4 results
2025-09-01 14:42:50 [TripPlan-1] DEBUG c.p.t.s.s.e.a.AmadeusFlightService - Cached 4 flight offers for key: fo_999021c45cb45939bab7a098937da645
2025-09-01 14:42:50 [TripPlan-1] INFO  c.p.t.s.s.e.a.AmadeusFlightService - API result cached successfully - 4 flight offers for key: fo_999021c45cb45939bab7a098937da645
2025-09-01 14:42:50 [TripPlan-1] DEBUG c.p.t.s.s.e.a.AmadeusFlightService - Flight offers cache stats - size: 2, hitRate: {:.2f}%, evictionCount: 0.0
2025-09-01 14:42:50 [TripPlan-1] INFO  c.p.t.s.s.plan.FlightSearchService - Extracted airport codes: [FCO, ORY, FLR]
2025-09-01 14:42:50 [TripPlan-1] DEBUG c.p.t.s.s.plan.FlightSearchService - Converted location for airport FCO: lat=41.79362, lng=12.2525
2025-09-01 14:42:51 [ForkJoinPool.commonPool-worker-2] INFO  c.p.t.s.s.e.a.AmadeusHotelService - Hotels by city search completed, found 43 results
2025-09-01 14:42:51 [ForkJoinPool.commonPool-worker-2] INFO  c.p.t.s.s.plan.HotelSearchService - Found 43 hotels in city ORY
2025-09-01 14:42:51 [TripPlan-2] INFO  c.p.t.s.p.s.GeneratePlanService - [TripPlan-2] Hotel IDs search completed in 12367 ms, found 3 cities
2025-09-01 14:42:51 [TripPlan-1] DEBUG c.p.t.s.s.plan.FlightSearchService - Converted location for airport ORY: lat=48.72528, lng=2.35945
2025-09-01 14:42:51 [TripPlan-1] ERROR c.p.t.s.a.a.a.AmadeusFlightAirportLocationSearchAPI - call AmadeusFlightAirportLocationSearchAPI failed
com.amadeus.exceptions.ClientException: [429]
The network rate limit is exceeded, please try again later
	at com.amadeus.Response.detectError(Response.java:78)
	at com.amadeus.HTTPClient.execute(HTTPClient.java:361)
	at com.amadeus.HTTPClient.unauthenticatedRequest(HTTPClient.java:253)
	at com.amadeus.HTTPClient.request(HTTPClient.java:339)
	at com.amadeus.HTTPClient.get(HTTPClient.java:67)
	at com.amadeus.referencedata.Locations.get(Locations.java:114)
	at com.pkfare.trip.scale.api.amadeus.airportlocations.AmadeusFlightAirportLocationSearchAPI.queryFlightLocation(AmadeusFlightAirportLocationSearchAPI.java:22)
	at com.pkfare.trip.scale.service.plan.FlightSearchService.queryFlightLocations(FlightSearchService.java:83)
	at com.pkfare.trip.scale.service.plan.FlightSearchService.searchFlightOffers(FlightSearchService.java:355)
	at com.pkfare.trip.scale.plan.service.GeneratePlanService.lambda$executeConcurrentSearches$0(GeneratePlanService.java:198)
	at java.base/java.util.concurrent.CompletableFuture$AsyncSupply.run$$$capture(CompletableFuture.java:1768)
	at java.base/java.util.concurrent.CompletableFuture$AsyncSupply.run(CompletableFuture.java)
	at java.base/java.util.concurrent.ThreadPoolExecutor.runWorker(ThreadPoolExecutor.java:1144)
	at java.base/java.util.concurrent.ThreadPoolExecutor$Worker.run(ThreadPoolExecutor.java:642)
	at java.base/java.lang.Thread.run(Thread.java:1583)
2025-09-01 14:42:51 [TripPlan-1] ERROR c.p.t.s.s.plan.FlightSearchService - Failed to query location for airport code: FLR
com.pkfare.trip.scale.api.amadeus.exception.AmadeusApiException: null
	at com.pkfare.trip.scale.api.amadeus.airportlocations.AmadeusFlightAirportLocationSearchAPI.queryFlightLocation(AmadeusFlightAirportLocationSearchAPI.java:34)
	at com.pkfare.trip.scale.service.plan.FlightSearchService.queryFlightLocations(FlightSearchService.java:83)
	at com.pkfare.trip.scale.service.plan.FlightSearchService.searchFlightOffers(FlightSearchService.java:355)
	at com.pkfare.trip.scale.plan.service.GeneratePlanService.lambda$executeConcurrentSearches$0(GeneratePlanService.java:198)
	at java.base/java.util.concurrent.CompletableFuture$AsyncSupply.run$$$capture(CompletableFuture.java:1768)
	at java.base/java.util.concurrent.CompletableFuture$AsyncSupply.run(CompletableFuture.java)
	at java.base/java.util.concurrent.ThreadPoolExecutor.runWorker(ThreadPoolExecutor.java:1144)
	at java.base/java.util.concurrent.ThreadPoolExecutor$Worker.run(ThreadPoolExecutor.java:642)
	at java.base/java.lang.Thread.run(Thread.java:1583)
2025-09-01 14:42:51 [TripPlan-1] INFO  c.p.t.s.s.plan.FlightSearchService - Successfully queried 2 flight locations
2025-09-01 14:42:51 [TripPlan-1] DEBUG c.p.t.s.s.plan.FlightSearchService - Added airport FCO to location map: lat=41.79362, lng=12.2525
2025-09-01 14:42:51 [TripPlan-1] DEBUG c.p.t.s.s.plan.FlightSearchService - Added airport ORY to location map: lat=48.72528, lng=2.35945
2025-09-01 14:42:51 [TripPlan-1] INFO  c.p.t.s.s.plan.FlightSearchService - Created airport location map with 2 entries
2025-09-01 14:42:51 [TripPlan-1] DEBUG c.p.t.s.s.plan.FlightSearchService - Supplemented arrival geo for airport: FCO
2025-09-01 14:42:51 [TripPlan-1] DEBUG c.p.t.s.s.plan.FlightSearchService - Supplemented arrival geo for airport: FCO
2025-09-01 14:42:51 [TripPlan-1] DEBUG c.p.t.s.s.plan.FlightSearchService - Supplemented arrival geo for airport: FCO
2025-09-01 14:42:51 [TripPlan-1] DEBUG c.p.t.s.s.plan.FlightSearchService - Supplemented departure geo for airport: ORY
2025-09-01 14:42:51 [TripPlan-1] DEBUG c.p.t.s.s.plan.FlightSearchService - Supplemented departure geo for airport: ORY
2025-09-01 14:42:51 [TripPlan-1] DEBUG c.p.t.s.s.plan.FlightSearchService - Supplemented departure geo for airport: ORY
2025-09-01 14:42:51 [TripPlan-1] INFO  c.p.t.s.s.plan.FlightSearchService - Successfully supplemented location information for 6 flights
2025-09-01 14:42:51 [TripPlan-1] DEBUG c.p.t.s.s.plan.FlightSearchService - Supplemented arrival geo for airport: FCO
2025-09-01 14:42:51 [TripPlan-1] DEBUG c.p.t.s.s.plan.FlightSearchService - Supplemented departure geo for airport: ORY
2025-09-01 14:42:51 [TripPlan-1] INFO  c.p.t.s.s.plan.FlightSearchService - Successfully supplemented location information for 2 flights
2025-09-01 14:42:51 [TripPlan-1] INFO  c.p.t.s.p.s.GeneratePlanService - [TripPlan-1] Flight search completed in 13702 ms, found 2 flights
2025-09-01 14:43:31 [main] INFO  c.p.t.s.p.s.GeneratePlanService - All concurrent searches completed in 73433 ms
2025-09-01 14:43:31 [TripPlan-4] INFO  c.p.t.s.s.plan.HotelSearchService - Searching hotels for 3 routes
2025-09-01 14:43:31 [TripPlan-4] INFO  c.p.t.s.s.plan.HotelSearchService - City FCO: CheckIn=2025-10-01, CheckOut=2025-10-03
2025-09-01 14:43:31 [TripPlan-4] INFO  c.p.t.s.s.plan.HotelSearchService - City OST: CheckIn=2025-10-03, CheckOut=2025-10-05
2025-09-01 14:43:31 [TripPlan-4] INFO  c.p.t.s.s.plan.HotelSearchService - City ORY: CheckIn=2025-10-05, CheckOut=2025-10-08
2025-09-01 14:43:31 [TripPlan-5] INFO  c.p.t.s.s.plan.ActivitySearchService - Searching activities for 3 cityLocationInfos
2025-09-01 14:43:31 [TripPlan-5] DEBUG c.p.t.s.s.plan.ActivitySearchService - hotelCity Rome location: lat=41.8967068, lon=12.4822025
2025-09-01 14:43:31 [TripPlan-5] DEBUG c.p.t.s.s.plan.ActivitySearchService - hotelCity Ostia location: lat=41.7311182, lon=12.2862694
2025-09-01 14:43:31 [TripPlan-5] DEBUG c.p.t.s.s.plan.ActivitySearchService - hotelCity Paris location: lat=48.8575475, lon=2.3513765
2025-09-01 14:43:31 [TripPlan-4] INFO  c.p.t.s.s.plan.HotelSearchService - Searching hotel offers for city OST with 8 hotels
2025-09-01 14:43:31 [ForkJoinPool.commonPool-worker-2] INFO  c.p.t.s.s.plan.HotelSearchService - Searching hotel offers for city FCO with 11 hotels
2025-09-01 14:43:31 [ForkJoinPool.commonPool-worker-1] INFO  c.p.t.s.s.plan.HotelSearchService - Searching hotel offers for city ORY with 20 hotels
2025-09-01 14:43:31 [TripPlan-5] INFO  c.p.t.s.s.plan.ActivitySearchService - Searching activities for city Ostia ，location HotelLocationInfo(latitude=41.7311182, longitude=12.2862694)
2025-09-01 14:43:31 [ForkJoinPool.commonPool-worker-4] INFO  c.p.t.s.s.plan.ActivitySearchService - Searching activities for city Paris ，location HotelLocationInfo(latitude=48.8575475, longitude=2.3513765)
2025-09-01 14:43:31 [ForkJoinPool.commonPool-worker-3] INFO  c.p.t.s.s.plan.ActivitySearchService - Searching activities for city Rome ，location HotelLocationInfo(latitude=41.8967068, longitude=12.4822025)
2025-09-01 14:43:31 [TripPlan-4] INFO  c.p.t.s.s.e.a.AmadeusHotelService - Searching hotel offers with request: HotelOffersSearchRequest(hotelIds=[HSOSTAAO, CHOSTVEL, HSOSTAAF, CHOSTBER, HSOSTAAY, YXOSTTPA, HSOSTAEL, HSOSTAAE], adults=2, checkInDate=2025-10-03, checkOutDate=2025-10-05, countryOfResidence=IT, roomQuantity=1, priceRange=10-5000, currency=CNY, paymentPolicy=NONE, bestRateOnly=true)
2025-09-01 14:43:31 [ForkJoinPool.commonPool-worker-2] INFO  c.p.t.s.s.e.a.AmadeusHotelService - Searching hotel offers with request: HotelOffersSearchRequest(hotelIds=[BWFCO336, YXROMSEC, YXROMDLI, YXROMTIB, CIFCO058, WVFCO548, BWFCO270, BNROMABH, ONROMBEL, OIROMBLV, YXFCOLCH], adults=2, checkInDate=2025-10-01, checkOutDate=2025-10-03, countryOfResidence=IT, roomQuantity=1, priceRange=10-5000, currency=CNY, paymentPolicy=NONE, bestRateOnly=true)
2025-09-01 14:43:31 [ForkJoinPool.commonPool-worker-3] INFO  c.p.t.s.s.e.a.AmadeusActivityService - Searching activities with request: ActivitiesSearchRequest(latitude=41.8967068, longitude=12.4822025, radius=20)
2025-09-01 14:43:31 [TripPlan-5] INFO  c.p.t.s.s.e.a.AmadeusActivityService - Searching activities with request: ActivitiesSearchRequest(latitude=41.7311182, longitude=12.2862694, radius=20)
2025-09-01 14:43:31 [ForkJoinPool.commonPool-worker-1] INFO  c.p.t.s.s.e.a.AmadeusHotelService - Searching hotel offers with request: HotelOffersSearchRequest(hotelIds=[HLORY208, RTORYORY, HSORYAFI, HSPARCCP, RTORYALT, NNPARC16, BWORY780, RTORYRUN, HSORYAEA, HSPARCDM, NNPARC49, CIORY405, WVPARCCL, NNPARP20, NNPARP25, RTORYCHE, CIORY336, CIORY384, FGORYI7Y, HSPARCDA], adults=2, checkInDate=2025-10-05, checkOutDate=2025-10-08, countryOfResidence=FR, roomQuantity=1, priceRange=10-5000, currency=CNY, paymentPolicy=NONE, bestRateOnly=true)
2025-09-01 14:43:31 [ForkJoinPool.commonPool-worker-4] INFO  c.p.t.s.s.e.a.AmadeusActivityService - Searching activities with request: ActivitiesSearchRequest(latitude=48.8575475, longitude=2.3513765, radius=20)
2025-09-01 14:43:31 [ForkJoinPool.commonPool-worker-4] DEBUG c.p.trip.scale.util.CacheKeyUtil - Generated cache key: ac_373944abba1f88ac302d46a6ba91e657 for request: activities|48.8575475|2.3513765|20
2025-09-01 14:43:31 [ForkJoinPool.commonPool-worker-1] DEBUG c.p.trip.scale.util.CacheKeyUtil - Generated cache key: ho_6d0dcec90bf5a2319e9fb9879d595241 for request: hotel_offers|BWORY780,CIORY336,CIORY384,CIORY405,FGORYI7Y,HLORY208,HSORYAEA,HSORYAFI,HSPARCCP,HSPARCDA,HSPARCDM,NNPARC16,NNPARC49,NNPARP20,NNPARP25,RTORYALT,RTORYCHE,RTORYORY,RTORYRUN,WVPARCCL|2|2025-10-05|2025-10-08|FR|1|10-5000|CNY|NONE|true
2025-09-01 14:43:31 [ForkJoinPool.commonPool-worker-2] DEBUG c.p.trip.scale.util.CacheKeyUtil - Generated cache key: ho_c2263665d33f32a2abc4c9554c9ce6ff for request: hotel_offers|BNROMABH,BWFCO270,BWFCO336,CIFCO058,OIROMBLV,ONROMBEL,WVFCO548,YXFCOLCH,YXROMDLI,YXROMSEC,YXROMTIB|2|2025-10-01|2025-10-03|IT|1|10-5000|CNY|NONE|true
2025-09-01 14:43:31 [ForkJoinPool.commonPool-worker-1] DEBUG c.p.t.s.s.e.a.AmadeusHotelService - Cache miss for key: ho_6d0dcec90bf5a2319e9fb9879d595241
2025-09-01 14:43:31 [ForkJoinPool.commonPool-worker-1] INFO  c.p.t.s.s.e.a.AmadeusHotelService - Cache miss for key: ho_6d0dcec90bf5a2319e9fb9879d595241, calling API
2025-09-01 14:43:31 [TripPlan-4] DEBUG c.p.trip.scale.util.CacheKeyUtil - Generated cache key: ho_0fc10ffdb39e87f6575bf279f0ca6653 for request: hotel_offers|CHOSTBER,CHOSTVEL,HSOSTAAE,HSOSTAAF,HSOSTAAO,HSOSTAAY,HSOSTAEL,YXOSTTPA|2|2025-10-03|2025-10-05|IT|1|10-5000|CNY|NONE|true
2025-09-01 14:43:31 [TripPlan-4] DEBUG c.p.t.s.s.e.a.AmadeusHotelService - Cache miss for key: ho_0fc10ffdb39e87f6575bf279f0ca6653
2025-09-01 14:43:31 [TripPlan-4] INFO  c.p.t.s.s.e.a.AmadeusHotelService - Cache miss for key: ho_0fc10ffdb39e87f6575bf279f0ca6653, calling API
2025-09-01 14:43:31 [ForkJoinPool.commonPool-worker-2] DEBUG c.p.t.s.s.e.a.AmadeusHotelService - Cache miss for key: ho_c2263665d33f32a2abc4c9554c9ce6ff
2025-09-01 14:43:31 [TripPlan-5] DEBUG c.p.trip.scale.util.CacheKeyUtil - Generated cache key: ac_e77ad97ab0bb34ea534de26358049c1b for request: activities|41.7311182|12.2862694|20
2025-09-01 14:43:31 [ForkJoinPool.commonPool-worker-2] INFO  c.p.t.s.s.e.a.AmadeusHotelService - Cache miss for key: ho_c2263665d33f32a2abc4c9554c9ce6ff, calling API
2025-09-01 14:43:31 [TripPlan-5] DEBUG c.p.t.s.s.e.a.AmadeusActivityService - Cache miss for key: ac_e77ad97ab0bb34ea534de26358049c1b
2025-09-01 14:43:31 [ForkJoinPool.commonPool-worker-3] DEBUG c.p.trip.scale.util.CacheKeyUtil - Generated cache key: ac_4924dd02687f3f173ef1ef8466affe9a for request: activities|41.8967068|12.4822025|20
2025-09-01 14:43:31 [TripPlan-5] INFO  c.p.t.s.s.e.a.AmadeusActivityService - Cache miss for key: ac_e77ad97ab0bb34ea534de26358049c1b, calling API
2025-09-01 14:43:31 [ForkJoinPool.commonPool-worker-3] DEBUG c.p.t.s.s.e.a.AmadeusActivityService - Cache miss for key: ac_4924dd02687f3f173ef1ef8466affe9a
2025-09-01 14:43:31 [ForkJoinPool.commonPool-worker-4] DEBUG c.p.t.s.s.e.a.AmadeusActivityService - Cache miss for key: ac_373944abba1f88ac302d46a6ba91e657
2025-09-01 14:43:31 [ForkJoinPool.commonPool-worker-4] INFO  c.p.t.s.s.e.a.AmadeusActivityService - Cache miss for key: ac_373944abba1f88ac302d46a6ba91e657, calling API
2025-09-01 14:43:31 [ForkJoinPool.commonPool-worker-3] INFO  c.p.t.s.s.e.a.AmadeusActivityService - Cache miss for key: ac_4924dd02687f3f173ef1ef8466affe9a, calling API
2025-09-01 15:08:16 [main] INFO  c.p.trip.scale.TripScaleApplication - Starting TripScaleApplication using Java 21.0.3 with PID 18182 (/Users/liuyang/ideaProjects/pkfare/trip-scale-lite/target/classes started by liuyang in /Users/liuyang/ideaProjects/pkfare/trip-scale-lite)
2025-09-01 15:08:16 [main] DEBUG c.p.trip.scale.TripScaleApplication - Running with Spring Boot v3.2.0, Spring v6.1.1
2025-09-01 15:08:16 [main] INFO  c.p.trip.scale.TripScaleApplication - No active profile set, falling back to 1 default profile: "default"
2025-09-01 15:08:17 [main] INFO  c.p.trip.scale.config.CacheConfig - Creating flight dates cache with expireAfterWrite: 120 minutes, maximumSize: 1000, initialCapacity: 100
2025-09-01 15:08:17 [main] INFO  c.p.trip.scale.config.CacheConfig - Creating flight offers cache with expireAfterWrite: 120 minutes, maximumSize: 1000, initialCapacity: 100
2025-09-01 15:08:17 [main] INFO  c.p.t.s.s.e.a.AmadeusFlightService - AmadeusFlightService initialized with flight dates and flight offers cache
2025-09-01 15:08:17 [main] INFO  c.p.trip.scale.config.CacheConfig - Creating hotel offers cache with expireAfterWrite: 120 minutes, maximumSize: 1000, initialCapacity: 100
2025-09-01 15:08:17 [main] INFO  c.p.t.s.s.e.a.AmadeusHotelService - AmadeusHotelService initialized with hotel offers cache
2025-09-01 15:08:17 [main] INFO  c.p.trip.scale.config.CacheConfig - Creating activities cache with expireAfterWrite: 120 minutes, maximumSize: 1000, initialCapacity: 100
2025-09-01 15:08:17 [main] INFO  c.p.t.s.s.e.a.AmadeusActivityService - AmadeusActivityService initialized with activities cache
2025-09-01 15:08:17 [main] INFO  c.p.t.s.config.AsyncExecutorConfig - Creating custom thread pool for trip plan generation: corePoolSize=16, maxPoolSize=16, queueCapacity=100, keepAliveSeconds=60
2025-09-01 15:08:17 [main] INFO  c.p.t.s.c.ParentChildContextConfig - Creating loadedAgentRegistry bean for parent-child context
2025-09-01 15:08:17 [main] INFO  c.p.t.s.c.ParentChildContextConfig - Creating BaseSessionService bean for parent-child context
2025-09-01 15:08:19 [main] INFO  c.p.trip.scale.TripScaleApplication - Started TripScaleApplication in 3.561 seconds (process running for 9.762)
2025-09-01 15:08:19 [main] INFO  c.p.trip.scale.TripScaleApplication - Parent context created with 130 beans
2025-09-01 15:08:20 [main] INFO  c.p.trip.scale.TripScaleApplication - No active profile set, falling back to 1 default profile: "default"
2025-09-01 15:08:24 [main] INFO  o.s.b.w.e.tomcat.TomcatWebServer - Tomcat initialized with port 8080 (http)
2025-09-01 15:08:24 [main] INFO  o.a.catalina.core.StandardService - Starting service [Tomcat]
2025-09-01 15:08:24 [main] INFO  o.a.catalina.core.StandardEngine - Starting Servlet engine: [Apache Tomcat/10.1.16]
2025-09-01 15:08:25 [main] INFO  o.a.c.c.C.[Tomcat].[localhost].[/] - Initializing Spring embedded WebApplicationContext
2025-09-01 15:08:25 [main] INFO  o.s.b.w.s.c.ServletWebServerApplicationContext - Root WebApplicationContext: initialization completed in 5287 ms
2025-09-01 15:08:25 [main] WARN  c.google.adk.web.AgentCompilerLoader - No classpath entries derived from classloader hierarchy. Falling back to System.getProperty("java.class.path").
2025-09-01 15:09:27 [main] ERROR c.google.adk.web.AgentCompilerLoader - ECJ Compilation failed. See console output for details.
2025-09-01 15:09:27 [main] ERROR c.google.adk.web.AgentCompilerLoader - Compilation failed for agent unit: com
2025-09-01 15:09:27 [main] INFO  com.google.adk.web.AdkWebServer - Loaded 0 dynamic agent(s): []
2025-09-01 15:09:27 [main] INFO  com.google.adk.web.AdkWebServer - Using InMemorySessionService
2025-09-01 15:09:27 [main] INFO  com.google.adk.web.AdkWebServer - Using InMemoryArtifactService
2025-09-01 15:09:27 [main] INFO  c.g.a.w.AdkWebServer$AgentController - AgentController initialized with 1 dynamic agents: [Coordinator]
2025-09-01 15:09:31 [main] INFO  o.s.b.w.e.tomcat.TomcatWebServer - Tomcat started on port 8080 (http) with context path ''
2025-09-01 15:09:31 [main] INFO  c.p.trip.scale.TripScaleApplication - Started TripScaleApplication in 71.5 seconds (process running for 81.284)
2025-09-01 15:09:31 [main] INFO  c.p.trip.scale.TripScaleApplication - Child context created with 154 beans
2025-09-01 15:09:41 [http-nio-8080-exec-1] INFO  o.a.c.c.C.[Tomcat].[localhost].[/] - Initializing Spring DispatcherServlet 'dispatcherServlet'
2025-09-01 15:09:41 [http-nio-8080-exec-1] INFO  o.s.web.servlet.DispatcherServlet - Initializing Servlet 'dispatcherServlet'
2025-09-01 15:09:41 [http-nio-8080-exec-1] INFO  o.s.web.servlet.DispatcherServlet - Completed initialization in 22 ms
2025-09-01 15:09:42 [http-nio-8080-exec-10] INFO  c.g.a.w.AdkWebServer$AgentController - Listing apps from dynamic registry. Found: [Coordinator]
2025-09-01 15:09:42 [http-nio-8080-exec-6] WARN  c.g.a.w.AdkWebServer$AgentController - Endpoint /apps/Coordinator/eval_results (GET) is not implemented
2025-09-01 15:09:42 [http-nio-8080-exec-3] WARN  c.g.a.w.AdkWebServer$AgentController - Endpoint /apps/Coordinator/eval_sets (GET) is not implemented
2025-09-01 15:09:42 [http-nio-8080-exec-2] INFO  c.g.a.w.AdkWebServer$AgentController - Request received for POST /apps/Coordinator/users/user/sessions (service generates ID) with state: null
2025-09-01 15:09:42 [http-nio-8080-exec-2] INFO  c.g.a.w.AdkWebServer$AgentController - Session created successfully with generated id: bf2d18df-7d85-428f-88c8-2e5150a1080a
2025-09-01 15:09:43 [http-nio-8080-exec-4] INFO  c.g.a.w.AdkWebServer$AgentController - Request received for GET /apps/Coordinator/users/user/sessions
2025-09-01 15:09:43 [http-nio-8080-exec-4] INFO  c.g.a.w.AdkWebServer$AgentController - Found 1 non-evaluation sessions for app=Coordinator, user=user
2025-09-01 15:09:43 [http-nio-8080-exec-7] INFO  c.g.a.w.AdkWebServer$AgentController - Request received for GET /apps/Coordinator/users/user/sessions
2025-09-01 15:09:43 [http-nio-8080-exec-7] INFO  c.g.a.w.AdkWebServer$AgentController - Found 1 non-evaluation sessions for app=Coordinator, user=user
2025-09-01 15:09:55 [http-nio-8080-exec-2] INFO  c.g.a.w.AdkWebServer$AgentController - Listing apps from dynamic registry. Found: [Coordinator]
2025-09-01 15:09:55 [http-nio-8080-exec-7] INFO  c.g.a.w.AdkWebServer$AgentController - Request received for POST /apps/Coordinator/users/user/sessions (service generates ID) with state: null
2025-09-01 15:09:55 [http-nio-8080-exec-5] WARN  c.g.a.w.AdkWebServer$AgentController - Endpoint /apps/Coordinator/eval_sets (GET) is not implemented
2025-09-01 15:09:55 [http-nio-8080-exec-8] WARN  c.g.a.w.AdkWebServer$AgentController - Endpoint /apps/Coordinator/eval_results (GET) is not implemented
2025-09-01 15:09:55 [http-nio-8080-exec-7] INFO  c.g.a.w.AdkWebServer$AgentController - Session created successfully with generated id: 03472e55-f1ba-4044-ad7d-c1c4137ff23c
2025-09-01 15:09:55 [http-nio-8080-exec-6] INFO  c.g.a.w.AdkWebServer$AgentController - Request received for GET /apps/Coordinator/users/user/sessions
2025-09-01 15:09:55 [http-nio-8080-exec-6] INFO  c.g.a.w.AdkWebServer$AgentController - Found 2 non-evaluation sessions for app=Coordinator, user=user
2025-09-01 15:09:55 [http-nio-8080-exec-9] INFO  c.g.a.w.AdkWebServer$AgentController - Request received for GET /apps/Coordinator/users/user/sessions
2025-09-01 15:09:55 [http-nio-8080-exec-9] INFO  c.g.a.w.AdkWebServer$AgentController - Found 2 non-evaluation sessions for app=Coordinator, user=user
2025-09-01 15:10:14 [http-nio-8080-exec-1] INFO  c.g.a.w.AdkWebServer$AgentController - SseEmitter Request received for POST /run_sse_emitter for session: 03472e55-f1ba-4044-ad7d-c1c4137ff23c
2025-09-01 15:10:14 [pool-2-thread-1] INFO  c.g.a.web.AdkWebServer$RunnerService - RunnerService: Creating Runner for appName: Coordinator, using agent definition: Coordinator
2025-09-01 15:10:19 [pool-2-thread-1] INFO  c.p.t.s.a.o.AnotherRootAgent - error com.google.gson.JsonSyntaxException: com.google.gson.stream.MalformedJsonException: Use JsonReader.setLenient(true) to accept malformed JSON at line 1 column 9 path $
	at com.google.gson.JsonParser.parseReader(JsonParser.java:76)
	at com.google.gson.JsonParser.parseString(JsonParser.java:51)
	at com.pkfare.trip.scale.agent.orchestration.AnotherRootAgent.stageTransition(AnotherRootAgent.java:107)
	at com.pkfare.trip.scale.agent.orchestration.AnotherRootAgent.lambda$runAsyncImpl$0(AnotherRootAgent.java:88)
	at io.reactivex.rxjava3.internal.operators.flowable.FlowableDoOnEach$DoOnEachSubscriber.onNext(FlowableDoOnEach.java:86)
	at io.reactivex.rxjava3.internal.operators.flowable.FlowableDoFinally$DoFinallySubscriber.onNext(FlowableDoFinally.java:85)
	at io.reactivex.rxjava3.internal.operators.single.SingleFlatMapPublisher$SingleFlatMapPublisherObserver.onNext(SingleFlatMapPublisher.java:107)
	at io.reactivex.rxjava3.internal.operators.flowable.FlowableConcatArray$ConcatArraySubscriber.onNext(FlowableConcatArray.java:78)
	at io.reactivex.rxjava3.internal.operators.flowable.FlowableDoOnEach$DoOnEachSubscriber.onNext(FlowableDoOnEach.java:92)
	at io.reactivex.rxjava3.internal.operators.flowable.FlowableConcatArray$ConcatArraySubscriber.onNext(FlowableConcatArray.java:78)
	at io.reactivex.rxjava3.internal.operators.flowable.FlowableCache.replay(FlowableCache.java:272)
	at io.reactivex.rxjava3.internal.operators.flowable.FlowableCache.onNext(FlowableCache.java:317)
	at io.reactivex.rxjava3.internal.operators.single.SingleFlatMapPublisher$SingleFlatMapPublisherObserver.onNext(SingleFlatMapPublisher.java:107)
	at io.reactivex.rxjava3.internal.operators.flowable.FlowableConcatArray$ConcatArraySubscriber.onNext(FlowableConcatArray.java:78)
	at io.reactivex.rxjava3.internal.util.HalfSerializer.onNext(HalfSerializer.java:46)
	at io.reactivex.rxjava3.internal.operators.flowable.FlowableConcatMap$ConcatMapImmediate.innerNext(FlowableConcatMap.java:206)
	at io.reactivex.rxjava3.internal.operators.flowable.FlowableConcatMap$ConcatMapInner.onNext(FlowableConcatMap.java:563)
	at io.reactivex.rxjava3.internal.operators.flowable.FlowableFromIterable$IteratorSubscription.fastPath(FlowableFromIterable.java:185)
	at io.reactivex.rxjava3.internal.operators.flowable.FlowableFromIterable$BaseRangeSubscription.request(FlowableFromIterable.java:129)
	at io.reactivex.rxjava3.internal.subscriptions.SubscriptionArbiter.setSubscription(SubscriptionArbiter.java:87)
	at io.reactivex.rxjava3.internal.operators.flowable.FlowableConcatMap$ConcatMapInner.onSubscribe(FlowableConcatMap.java:556)
	at io.reactivex.rxjava3.internal.operators.flowable.FlowableFromIterable.subscribe(FlowableFromIterable.java:69)
	at io.reactivex.rxjava3.internal.operators.flowable.FlowableFromIterable.subscribeActual(FlowableFromIterable.java:47)
	at io.reactivex.rxjava3.core.Flowable.subscribe(Flowable.java:15917)
	at io.reactivex.rxjava3.core.Flowable.subscribe(Flowable.java:15863)
	at io.reactivex.rxjava3.internal.operators.flowable.FlowableConcatMap$ConcatMapImmediate.drain(FlowableConcatMap.java:318)
	at io.reactivex.rxjava3.internal.operators.flowable.FlowableConcatMap$BaseConcatMapSubscriber.onNext(FlowableConcatMap.java:159)
	at io.reactivex.rxjava3.internal.util.HalfSerializer.onNext(HalfSerializer.java:46)
	at io.reactivex.rxjava3.internal.operators.flowable.FlowableConcatMap$ConcatMapImmediate.innerNext(FlowableConcatMap.java:206)
	at io.reactivex.rxjava3.internal.operators.flowable.FlowableConcatMap$ConcatMapInner.onNext(FlowableConcatMap.java:563)
	at io.reactivex.rxjava3.internal.subscriptions.DeferredScalarSubscription.complete(DeferredScalarSubscription.java:133)
	at io.reactivex.rxjava3.internal.operators.single.SingleToFlowable$SingleToFlowableObserver.onSuccess(SingleToFlowable.java:63)
	at io.reactivex.rxjava3.internal.operators.single.SingleDoOnSuccess$DoOnSuccess.onSuccess(SingleDoOnSuccess.java:60)
	at io.reactivex.rxjava3.internal.operators.single.SingleFlatMap$SingleFlatMapCallback$FlatMapSingleObserver.onSuccess(SingleFlatMap.java:112)
	at io.reactivex.rxjava3.internal.operators.single.SingleMap$MapSingleObserver.onSuccess(SingleMap.java:65)
	at io.reactivex.rxjava3.internal.operators.maybe.MaybeToSingle$ToSingleMaybeSubscriber.onComplete(MaybeToSingle.java:96)
	at io.reactivex.rxjava3.internal.operators.maybe.MaybeMap$MapMaybeObserver.onComplete(MaybeMap.java:100)
	at io.reactivex.rxjava3.internal.disposables.EmptyDisposable.complete(EmptyDisposable.java:58)
	at io.reactivex.rxjava3.internal.operators.maybe.MaybeEmpty.subscribeActual(MaybeEmpty.java:29)
	at io.reactivex.rxjava3.core.Maybe.subscribe(Maybe.java:5375)
	at io.reactivex.rxjava3.internal.operators.maybe.MaybeMap.subscribeActual(MaybeMap.java:41)
	at io.reactivex.rxjava3.core.Maybe.subscribe(Maybe.java:5375)
	at io.reactivex.rxjava3.internal.operators.maybe.MaybeToSingle.subscribeActual(MaybeToSingle.java:46)
	at io.reactivex.rxjava3.core.Single.subscribe(Single.java:4855)
	at io.reactivex.rxjava3.internal.operators.single.SingleMap.subscribeActual(SingleMap.java:35)
	at io.reactivex.rxjava3.core.Single.subscribe(Single.java:4855)
	at io.reactivex.rxjava3.internal.operators.single.SingleFlatMap$SingleFlatMapCallback.onSuccess(SingleFlatMap.java:85)
	at io.reactivex.rxjava3.internal.operators.single.SingleJust.subscribeActual(SingleJust.java:30)
	at io.reactivex.rxjava3.core.Single.subscribe(Single.java:4855)
	at io.reactivex.rxjava3.internal.operators.single.SingleFlatMap.subscribeActual(SingleFlatMap.java:37)
	at io.reactivex.rxjava3.core.Single.subscribe(Single.java:4855)
	at io.reactivex.rxjava3.internal.operators.single.SingleDoOnSuccess.subscribeActual(SingleDoOnSuccess.java:35)
	at io.reactivex.rxjava3.core.Single.subscribe(Single.java:4855)
	at io.reactivex.rxjava3.internal.operators.single.SingleToFlowable.subscribeActual(SingleToFlowable.java:38)
	at io.reactivex.rxjava3.core.Flowable.subscribe(Flowable.java:15917)
	at io.reactivex.rxjava3.core.Flowable.subscribe(Flowable.java:15863)
	at io.reactivex.rxjava3.internal.operators.flowable.FlowableConcatMap$ConcatMapImmediate.drain(FlowableConcatMap.java:318)
	at io.reactivex.rxjava3.internal.operators.flowable.FlowableConcatMap$BaseConcatMapSubscriber.onNext(FlowableConcatMap.java:159)
	at io.reactivex.rxjava3.internal.operators.single.SingleFlatMapPublisher$SingleFlatMapPublisherObserver.onNext(SingleFlatMapPublisher.java:107)
	at io.reactivex.rxjava3.internal.util.HalfSerializer.onNext(HalfSerializer.java:46)
	at io.reactivex.rxjava3.internal.operators.flowable.FlowableConcatMap$ConcatMapImmediate.innerNext(FlowableConcatMap.java:206)
	at io.reactivex.rxjava3.internal.operators.flowable.FlowableConcatMap$ConcatMapInner.onNext(FlowableConcatMap.java:563)
	at io.reactivex.rxjava3.internal.subscriptions.DeferredScalarSubscription.complete(DeferredScalarSubscription.java:133)
	at io.reactivex.rxjava3.internal.operators.single.SingleToFlowable$SingleToFlowableObserver.onSuccess(SingleToFlowable.java:63)
	at io.reactivex.rxjava3.internal.operators.single.SingleJust.subscribeActual(SingleJust.java:30)
	at io.reactivex.rxjava3.core.Single.subscribe(Single.java:4855)
	at io.reactivex.rxjava3.internal.operators.single.SingleToFlowable.subscribeActual(SingleToFlowable.java:38)
	at io.reactivex.rxjava3.core.Flowable.subscribe(Flowable.java:15917)
	at io.reactivex.rxjava3.core.Flowable.subscribe(Flowable.java:15863)
	at io.reactivex.rxjava3.internal.operators.flowable.FlowableConcatMap$ConcatMapImmediate.drain(FlowableConcatMap.java:318)
	at io.reactivex.rxjava3.internal.operators.flowable.FlowableConcatMap$BaseConcatMapSubscriber.onNext(FlowableConcatMap.java:159)
	at io.reactivex.rxjava3.internal.operators.flowable.FlowableDoFinally$DoFinallySubscriber.onNext(FlowableDoFinally.java:85)
	at io.reactivex.rxjava3.internal.operators.flowable.FlowableDoOnEach$DoOnEachSubscriber.onNext(FlowableDoOnEach.java:92)
	at io.reactivex.rxjava3.internal.operators.flowable.FlowableDoOnEach$DoOnEachSubscriber.onNext(FlowableDoOnEach.java:92)
	at io.reactivex.rxjava3.internal.subscriptions.DeferredScalarSubscription.complete(DeferredScalarSubscription.java:133)
	at io.reactivex.rxjava3.internal.operators.flowable.FlowableFromFuture.subscribeActual(FlowableFromFuture.java:54)
	at io.reactivex.rxjava3.core.Flowable.subscribe(Flowable.java:15917)
	at io.reactivex.rxjava3.internal.operators.flowable.FlowableDoOnEach.subscribeActual(FlowableDoOnEach.java:50)
	at io.reactivex.rxjava3.core.Flowable.subscribe(Flowable.java:15917)
	at io.reactivex.rxjava3.internal.operators.flowable.FlowableDoOnEach.subscribeActual(FlowableDoOnEach.java:50)
	at io.reactivex.rxjava3.core.Flowable.subscribe(Flowable.java:15917)
	at io.reactivex.rxjava3.internal.operators.flowable.FlowableDoFinally.subscribeActual(FlowableDoFinally.java:47)
	at io.reactivex.rxjava3.core.Flowable.subscribe(Flowable.java:15917)
	at io.reactivex.rxjava3.core.Flowable.subscribe(Flowable.java:15863)
	at io.reactivex.rxjava3.internal.operators.flowable.FlowableDefer.subscribeActual(FlowableDefer.java:42)
	at io.reactivex.rxjava3.core.Flowable.subscribe(Flowable.java:15917)
	at io.reactivex.rxjava3.core.Flowable.subscribe(Flowable.java:15863)
	at io.reactivex.rxjava3.internal.operators.flowable.FlowableConcatMap.subscribeActual(FlowableConcatMap.java:66)
	at io.reactivex.rxjava3.core.Flowable.subscribe(Flowable.java:15917)
	at io.reactivex.rxjava3.core.Flowable.subscribe(Flowable.java:15863)
	at io.reactivex.rxjava3.internal.operators.single.SingleFlatMapPublisher$SingleFlatMapPublisherObserver.onSuccess(SingleFlatMapPublisher.java:96)
	at io.reactivex.rxjava3.internal.operators.single.SingleJust.subscribeActual(SingleJust.java:30)
	at io.reactivex.rxjava3.core.Single.subscribe(Single.java:4855)
	at io.reactivex.rxjava3.internal.operators.single.SingleFlatMapPublisher.subscribeActual(SingleFlatMapPublisher.java:59)
	at io.reactivex.rxjava3.core.Flowable.subscribe(Flowable.java:15917)
	at io.reactivex.rxjava3.core.Flowable.subscribe(Flowable.java:15863)
	at io.reactivex.rxjava3.internal.operators.flowable.FlowableConcatMap.subscribeActual(FlowableConcatMap.java:66)
	at io.reactivex.rxjava3.core.Flowable.subscribe(Flowable.java:15917)
	at io.reactivex.rxjava3.core.Flowable.subscribe(Flowable.java:15863)
	at io.reactivex.rxjava3.internal.operators.flowable.FlowableConcatMap.subscribeActual(FlowableConcatMap.java:66)
	at io.reactivex.rxjava3.core.Flowable.subscribe(Flowable.java:15917)
	at io.reactivex.rxjava3.core.Flowable.subscribe(Flowable.java:15863)
	at io.reactivex.rxjava3.internal.operators.flowable.FlowableConcatArray$ConcatArraySubscriber.onComplete(FlowableConcatArray.java:141)
	at io.reactivex.rxjava3.internal.operators.flowable.FlowableConcatArray.subscribeActual(FlowableConcatArray.java:41)
	at io.reactivex.rxjava3.core.Flowable.subscribe(Flowable.java:15917)
	at io.reactivex.rxjava3.core.Flowable.subscribe(Flowable.java:15863)
	at io.reactivex.rxjava3.internal.operators.single.SingleFlatMapPublisher$SingleFlatMapPublisherObserver.onSuccess(SingleFlatMapPublisher.java:96)
	at io.reactivex.rxjava3.internal.operators.single.SingleFlatMap$SingleFlatMapCallback$FlatMapSingleObserver.onSuccess(SingleFlatMap.java:112)
	at io.reactivex.rxjava3.internal.observers.ResumeSingleObserver.onSuccess(ResumeSingleObserver.java:46)
	at io.reactivex.rxjava3.internal.operators.single.SingleFromCallable.subscribeActual(SingleFromCallable.java:55)
	at io.reactivex.rxjava3.core.Single.subscribe(Single.java:4855)
	at io.reactivex.rxjava3.internal.operators.single.SingleDelayWithCompletable$OtherObserver.onComplete(SingleDelayWithCompletable.java:69)
	at io.reactivex.rxjava3.internal.util.AtomicThrowable.tryTerminateConsumer(AtomicThrowable.java:154)
	at io.reactivex.rxjava3.internal.operators.mixed.FlowableConcatMapCompletable$ConcatMapCompletableObserver.drain(FlowableConcatMapCompletable.java:166)
	at io.reactivex.rxjava3.internal.operators.mixed.ConcatMapXMainSubscriber.onComplete(ConcatMapXMainSubscriber.java:123)
	at io.reactivex.rxjava3.internal.subscriptions.EmptySubscription.complete(EmptySubscription.java:69)
	at io.reactivex.rxjava3.internal.operators.flowable.FlowableFromIterable.subscribe(FlowableFromIterable.java:61)
	at io.reactivex.rxjava3.internal.operators.flowable.FlowableFromIterable.subscribeActual(FlowableFromIterable.java:47)
	at io.reactivex.rxjava3.core.Flowable.subscribe(Flowable.java:15917)
	at io.reactivex.rxjava3.internal.operators.mixed.FlowableConcatMapCompletable.subscribeActual(FlowableConcatMapCompletable.java:56)
	at io.reactivex.rxjava3.core.Completable.subscribe(Completable.java:2859)
	at io.reactivex.rxjava3.internal.operators.single.SingleDelayWithCompletable.subscribeActual(SingleDelayWithCompletable.java:36)
	at io.reactivex.rxjava3.core.Single.subscribe(Single.java:4855)
	at io.reactivex.rxjava3.internal.operators.single.SingleFlatMap$SingleFlatMapCallback.onSuccess(SingleFlatMap.java:85)
	at io.reactivex.rxjava3.internal.operators.single.SingleMap$MapSingleObserver.onSuccess(SingleMap.java:65)
	at io.reactivex.rxjava3.internal.operators.single.SingleDoOnSuccess$DoOnSuccess.onSuccess(SingleDoOnSuccess.java:60)
	at io.reactivex.rxjava3.internal.operators.single.SingleFlatMap$SingleFlatMapCallback$FlatMapSingleObserver.onSuccess(SingleFlatMap.java:112)
	at io.reactivex.rxjava3.internal.operators.single.SingleJust.subscribeActual(SingleJust.java:30)
	at io.reactivex.rxjava3.core.Single.subscribe(Single.java:4855)
	at io.reactivex.rxjava3.internal.operators.single.SingleFlatMap$SingleFlatMapCallback.onSuccess(SingleFlatMap.java:85)
	at io.reactivex.rxjava3.internal.operators.single.SingleMap$MapSingleObserver.onSuccess(SingleMap.java:65)
	at io.reactivex.rxjava3.internal.operators.single.SingleDoOnSuccess$DoOnSuccess.onSuccess(SingleDoOnSuccess.java:60)
	at io.reactivex.rxjava3.internal.operators.single.SingleFlatMap$SingleFlatMapCallback$FlatMapSingleObserver.onSuccess(SingleFlatMap.java:112)
	at io.reactivex.rxjava3.internal.operators.single.SingleJust.subscribeActual(SingleJust.java:30)
	at io.reactivex.rxjava3.core.Single.subscribe(Single.java:4855)
	at io.reactivex.rxjava3.internal.operators.single.SingleFlatMap$SingleFlatMapCallback.onSuccess(SingleFlatMap.java:85)
	at io.reactivex.rxjava3.internal.operators.single.SingleMap$MapSingleObserver.onSuccess(SingleMap.java:65)
	at io.reactivex.rxjava3.internal.operators.single.SingleDoOnSuccess$DoOnSuccess.onSuccess(SingleDoOnSuccess.java:60)
	at io.reactivex.rxjava3.internal.operators.single.SingleFlatMap$SingleFlatMapCallback$FlatMapSingleObserver.onSuccess(SingleFlatMap.java:112)
	at io.reactivex.rxjava3.internal.operators.single.SingleJust.subscribeActual(SingleJust.java:30)
	at io.reactivex.rxjava3.core.Single.subscribe(Single.java:4855)
	at io.reactivex.rxjava3.internal.operators.single.SingleFlatMap$SingleFlatMapCallback.onSuccess(SingleFlatMap.java:85)
	at io.reactivex.rxjava3.internal.operators.single.SingleMap$MapSingleObserver.onSuccess(SingleMap.java:65)
	at io.reactivex.rxjava3.internal.operators.single.SingleDoOnSuccess$DoOnSuccess.onSuccess(SingleDoOnSuccess.java:60)
	at io.reactivex.rxjava3.internal.operators.single.SingleFlatMap$SingleFlatMapCallback$FlatMapSingleObserver.onSuccess(SingleFlatMap.java:112)
	at io.reactivex.rxjava3.internal.operators.single.SingleJust.subscribeActual(SingleJust.java:30)
	at io.reactivex.rxjava3.core.Single.subscribe(Single.java:4855)
	at io.reactivex.rxjava3.internal.operators.single.SingleFlatMap$SingleFlatMapCallback.onSuccess(SingleFlatMap.java:85)
	at io.reactivex.rxjava3.internal.operators.single.SingleMap$MapSingleObserver.onSuccess(SingleMap.java:65)
	at io.reactivex.rxjava3.internal.operators.single.SingleDoOnSuccess$DoOnSuccess.onSuccess(SingleDoOnSuccess.java:60)
	at io.reactivex.rxjava3.internal.operators.single.SingleFlatMap$SingleFlatMapCallback$FlatMapSingleObserver.onSuccess(SingleFlatMap.java:112)
	at io.reactivex.rxjava3.internal.operators.single.SingleMap$MapSingleObserver.onSuccess(SingleMap.java:65)
	at io.reactivex.rxjava3.internal.operators.single.SingleFlatMap$SingleFlatMapCallback$FlatMapSingleObserver.onSuccess(SingleFlatMap.java:112)
	at io.reactivex.rxjava3.internal.operators.single.SingleFlatMap$SingleFlatMapCallback$FlatMapSingleObserver.onSuccess(SingleFlatMap.java:112)
	at io.reactivex.rxjava3.internal.operators.single.SingleMap$MapSingleObserver.onSuccess(SingleMap.java:65)
	at io.reactivex.rxjava3.internal.operators.single.SingleZipArray$ZipCoordinator.innerSuccess(SingleZipArray.java:126)
	at io.reactivex.rxjava3.internal.operators.single.SingleZipArray$ZipSingleObserver.onSuccess(SingleZipArray.java:178)
	at io.reactivex.rxjava3.internal.operators.single.SingleJust.subscribeActual(SingleJust.java:30)
	at io.reactivex.rxjava3.core.Single.subscribe(Single.java:4855)
	at io.reactivex.rxjava3.internal.operators.single.SingleZipIterable.subscribeActual(SingleZipIterable.java:77)
	at io.reactivex.rxjava3.core.Single.subscribe(Single.java:4855)
	at io.reactivex.rxjava3.internal.operators.single.SingleMap.subscribeActual(SingleMap.java:35)
	at io.reactivex.rxjava3.core.Single.subscribe(Single.java:4855)
	at io.reactivex.rxjava3.internal.operators.single.SingleFlatMap$SingleFlatMapCallback.onSuccess(SingleFlatMap.java:85)
	at io.reactivex.rxjava3.internal.operators.single.SingleJust.subscribeActual(SingleJust.java:30)
	at io.reactivex.rxjava3.core.Single.subscribe(Single.java:4855)
	at io.reactivex.rxjava3.internal.operators.single.SingleFlatMap.subscribeActual(SingleFlatMap.java:37)
	at io.reactivex.rxjava3.core.Single.subscribe(Single.java:4855)
	at io.reactivex.rxjava3.internal.operators.single.SingleFlatMap$SingleFlatMapCallback.onSuccess(SingleFlatMap.java:85)
	at io.reactivex.rxjava3.internal.operators.single.SingleJust.subscribeActual(SingleJust.java:30)
	at io.reactivex.rxjava3.core.Single.subscribe(Single.java:4855)
	at io.reactivex.rxjava3.internal.operators.single.SingleFlatMap.subscribeActual(SingleFlatMap.java:37)
	at io.reactivex.rxjava3.core.Single.subscribe(Single.java:4855)
	at io.reactivex.rxjava3.internal.operators.single.SingleMap.subscribeActual(SingleMap.java:35)
	at io.reactivex.rxjava3.core.Single.subscribe(Single.java:4855)
	at io.reactivex.rxjava3.internal.operators.single.SingleFlatMap$SingleFlatMapCallback.onSuccess(SingleFlatMap.java:85)
	at io.reactivex.rxjava3.internal.operators.single.SingleMap$MapSingleObserver.onSuccess(SingleMap.java:65)
	at io.reactivex.rxjava3.internal.operators.single.SingleDoOnSuccess$DoOnSuccess.onSuccess(SingleDoOnSuccess.java:60)
	at io.reactivex.rxjava3.internal.operators.single.SingleFlatMap$SingleFlatMapCallback$FlatMapSingleObserver.onSuccess(SingleFlatMap.java:112)
	at io.reactivex.rxjava3.internal.operators.single.SingleJust.subscribeActual(SingleJust.java:30)
	at io.reactivex.rxjava3.core.Single.subscribe(Single.java:4855)
	at io.reactivex.rxjava3.internal.operators.single.SingleFlatMap$SingleFlatMapCallback.onSuccess(SingleFlatMap.java:85)
	at io.reactivex.rxjava3.internal.operators.single.SingleJust.subscribeActual(SingleJust.java:30)
	at io.reactivex.rxjava3.core.Single.subscribe(Single.java:4855)
	at io.reactivex.rxjava3.internal.operators.single.SingleFlatMap.subscribeActual(SingleFlatMap.java:37)
	at io.reactivex.rxjava3.core.Single.subscribe(Single.java:4855)
	at io.reactivex.rxjava3.internal.operators.single.SingleDoOnSuccess.subscribeActual(SingleDoOnSuccess.java:35)
	at io.reactivex.rxjava3.core.Single.subscribe(Single.java:4855)
	at io.reactivex.rxjava3.internal.operators.single.SingleMap.subscribeActual(SingleMap.java:35)
	at io.reactivex.rxjava3.core.Single.subscribe(Single.java:4855)
	at io.reactivex.rxjava3.internal.operators.single.SingleFlatMap.subscribeActual(SingleFlatMap.java:37)
	at io.reactivex.rxjava3.core.Single.subscribe(Single.java:4855)
	at io.reactivex.rxjava3.internal.operators.single.SingleDoOnSuccess.subscribeActual(SingleDoOnSuccess.java:35)
	at io.reactivex.rxjava3.core.Single.subscribe(Single.java:4855)
	at io.reactivex.rxjava3.internal.operators.single.SingleMap.subscribeActual(SingleMap.java:35)
	at io.reactivex.rxjava3.core.Single.subscribe(Single.java:4855)
	at io.reactivex.rxjava3.internal.operators.single.SingleFlatMap.subscribeActual(SingleFlatMap.java:37)
	at io.reactivex.rxjava3.core.Single.subscribe(Single.java:4855)
	at io.reactivex.rxjava3.internal.operators.single.SingleDoOnSuccess.subscribeActual(SingleDoOnSuccess.java:35)
	at io.reactivex.rxjava3.core.Single.subscribe(Single.java:4855)
	at io.reactivex.rxjava3.internal.operators.single.SingleMap.subscribeActual(SingleMap.java:35)
	at io.reactivex.rxjava3.core.Single.subscribe(Single.java:4855)
	at io.reactivex.rxjava3.internal.operators.single.SingleFlatMap.subscribeActual(SingleFlatMap.java:37)
	at io.reactivex.rxjava3.core.Single.subscribe(Single.java:4855)
	at io.reactivex.rxjava3.internal.operators.single.SingleDoOnSuccess.subscribeActual(SingleDoOnSuccess.java:35)
	at io.reactivex.rxjava3.core.Single.subscribe(Single.java:4855)
	at io.reactivex.rxjava3.internal.operators.single.SingleMap.subscribeActual(SingleMap.java:35)
	at io.reactivex.rxjava3.core.Single.subscribe(Single.java:4855)
	at io.reactivex.rxjava3.internal.operators.single.SingleFlatMap.subscribeActual(SingleFlatMap.java:37)
	at io.reactivex.rxjava3.core.Single.subscribe(Single.java:4855)
	at io.reactivex.rxjava3.internal.operators.single.SingleDoOnSuccess.subscribeActual(SingleDoOnSuccess.java:35)
	at io.reactivex.rxjava3.core.Single.subscribe(Single.java:4855)
	at io.reactivex.rxjava3.internal.operators.single.SingleMap.subscribeActual(SingleMap.java:35)
	at io.reactivex.rxjava3.core.Single.subscribe(Single.java:4855)
	at io.reactivex.rxjava3.internal.operators.single.SingleFlatMap.subscribeActual(SingleFlatMap.java:37)
	at io.reactivex.rxjava3.core.Single.subscribe(Single.java:4855)
	at io.reactivex.rxjava3.internal.operators.single.SingleDoOnSuccess.subscribeActual(SingleDoOnSuccess.java:35)
	at io.reactivex.rxjava3.core.Single.subscribe(Single.java:4855)
	at io.reactivex.rxjava3.internal.operators.single.SingleMap.subscribeActual(SingleMap.java:35)
	at io.reactivex.rxjava3.core.Single.subscribe(Single.java:4855)
	at io.reactivex.rxjava3.internal.operators.single.SingleFlatMap.subscribeActual(SingleFlatMap.java:37)
	at io.reactivex.rxjava3.core.Single.subscribe(Single.java:4855)
	at io.reactivex.rxjava3.internal.operators.single.SingleFlatMapPublisher.subscribeActual(SingleFlatMapPublisher.java:59)
	at io.reactivex.rxjava3.core.Flowable.subscribe(Flowable.java:15917)
	at io.reactivex.rxjava3.internal.operators.flowable.FlowableCache.subscribeActual(FlowableCache.java:115)
	at io.reactivex.rxjava3.core.Flowable.subscribe(Flowable.java:15917)
	at io.reactivex.rxjava3.core.Flowable.subscribe(Flowable.java:15863)
	at io.reactivex.rxjava3.internal.operators.flowable.FlowableConcatArray$ConcatArraySubscriber.onComplete(FlowableConcatArray.java:141)
	at io.reactivex.rxjava3.internal.operators.flowable.FlowableConcatArray.subscribeActual(FlowableConcatArray.java:41)
	at io.reactivex.rxjava3.core.Flowable.subscribe(Flowable.java:15917)
	at io.reactivex.rxjava3.internal.operators.flowable.FlowableDoOnEach.subscribeActual(FlowableDoOnEach.java:50)
	at io.reactivex.rxjava3.core.Flowable.subscribe(Flowable.java:15917)
	at io.reactivex.rxjava3.core.Flowable.subscribe(Flowable.java:15863)
	at io.reactivex.rxjava3.internal.operators.flowable.FlowableDefer.subscribeActual(FlowableDefer.java:42)
	at io.reactivex.rxjava3.core.Flowable.subscribe(Flowable.java:15917)
	at io.reactivex.rxjava3.core.Flowable.subscribe(Flowable.java:15863)
	at io.reactivex.rxjava3.internal.operators.flowable.FlowableConcatArray$ConcatArraySubscriber.onComplete(FlowableConcatArray.java:141)
	at io.reactivex.rxjava3.internal.operators.flowable.FlowableConcatArray.subscribeActual(FlowableConcatArray.java:41)
	at io.reactivex.rxjava3.core.Flowable.subscribe(Flowable.java:15917)
	at io.reactivex.rxjava3.core.Flowable.subscribe(Flowable.java:15863)
	at io.reactivex.rxjava3.internal.operators.single.SingleFlatMapPublisher$SingleFlatMapPublisherObserver.onSuccess(SingleFlatMapPublisher.java:96)
	at io.reactivex.rxjava3.internal.operators.single.SingleJust.subscribeActual(SingleJust.java:30)
	at io.reactivex.rxjava3.core.Single.subscribe(Single.java:4855)
	at io.reactivex.rxjava3.internal.operators.single.SingleFlatMapPublisher.subscribeActual(SingleFlatMapPublisher.java:59)
	at io.reactivex.rxjava3.core.Flowable.subscribe(Flowable.java:15917)
	at io.reactivex.rxjava3.internal.operators.flowable.FlowableDoFinally.subscribeActual(FlowableDoFinally.java:47)
	at io.reactivex.rxjava3.core.Flowable.subscribe(Flowable.java:15917)
	at io.reactivex.rxjava3.core.Flowable.subscribe(Flowable.java:15863)
	at io.reactivex.rxjava3.internal.operators.flowable.FlowableDefer.subscribeActual(FlowableDefer.java:42)
	at io.reactivex.rxjava3.core.Flowable.subscribe(Flowable.java:15917)
	at io.reactivex.rxjava3.internal.operators.flowable.FlowableDoOnEach.subscribeActual(FlowableDoOnEach.java:50)
	at io.reactivex.rxjava3.core.Flowable.subscribe(Flowable.java:15917)
	at io.reactivex.rxjava3.core.Flowable.subscribe(Flowable.java:15863)
	at io.reactivex.rxjava3.internal.operators.flowable.FlowableDefer.subscribeActual(FlowableDefer.java:42)
	at io.reactivex.rxjava3.core.Flowable.subscribe(Flowable.java:15917)
	at io.reactivex.rxjava3.core.Flowable.subscribe(Flowable.java:15863)
	at io.reactivex.rxjava3.internal.operators.flowable.FlowableConcatArray$ConcatArraySubscriber.onComplete(FlowableConcatArray.java:141)
	at io.reactivex.rxjava3.internal.operators.flowable.FlowableConcatArray.subscribeActual(FlowableConcatArray.java:41)
	at io.reactivex.rxjava3.core.Flowable.subscribe(Flowable.java:15917)
	at io.reactivex.rxjava3.core.Flowable.subscribe(Flowable.java:15863)
	at io.reactivex.rxjava3.internal.operators.single.SingleFlatMapPublisher$SingleFlatMapPublisherObserver.onSuccess(SingleFlatMapPublisher.java:96)
	at io.reactivex.rxjava3.internal.operators.single.SingleJust.subscribeActual(SingleJust.java:30)
	at io.reactivex.rxjava3.core.Single.subscribe(Single.java:4855)
	at io.reactivex.rxjava3.internal.operators.single.SingleFlatMapPublisher.subscribeActual(SingleFlatMapPublisher.java:59)
	at io.reactivex.rxjava3.core.Flowable.subscribe(Flowable.java:15917)
	at io.reactivex.rxjava3.internal.operators.flowable.FlowableDoFinally.subscribeActual(FlowableDoFinally.java:47)
	at io.reactivex.rxjava3.core.Flowable.subscribe(Flowable.java:15917)
	at io.reactivex.rxjava3.core.Flowable.subscribe(Flowable.java:15863)
	at io.reactivex.rxjava3.internal.operators.flowable.FlowableDefer.subscribeActual(FlowableDefer.java:42)
	at io.reactivex.rxjava3.core.Flowable.subscribe(Flowable.java:15917)
	at io.reactivex.rxjava3.internal.operators.flowable.FlowableDoOnEach.subscribeActual(FlowableDoOnEach.java:50)
	at io.reactivex.rxjava3.core.Flowable.subscribe(Flowable.java:15917)
	at io.reactivex.rxjava3.core.Flowable.subscribe(Flowable.java:15863)
	at io.reactivex.rxjava3.internal.operators.flowable.FlowableScalarXMap$ScalarXMapFlowable.subscribeActual(FlowableScalarXMap.java:160)
	at io.reactivex.rxjava3.core.Flowable.subscribe(Flowable.java:15917)
	at io.reactivex.rxjava3.internal.operators.flowable.FlowableDoOnEach.subscribeActual(FlowableDoOnEach.java:50)
	at io.reactivex.rxjava3.core.Flowable.subscribe(Flowable.java:15917)
	at io.reactivex.rxjava3.internal.operators.flowable.FlowableDoFinally.subscribeActual(FlowableDoFinally.java:47)
	at io.reactivex.rxjava3.core.Flowable.subscribe(Flowable.java:15917)
	at io.reactivex.rxjava3.core.Flowable.subscribe(Flowable.java:15863)
	at io.reactivex.rxjava3.internal.operators.single.SingleFlatMapPublisher$SingleFlatMapPublisherObserver.onSuccess(SingleFlatMapPublisher.java:96)
	at io.reactivex.rxjava3.internal.operators.maybe.MaybeSwitchIfEmptySingle$SwitchIfEmptyMaybeObserver.onSuccess(MaybeSwitchIfEmptySingle.java:82)
	at io.reactivex.rxjava3.internal.operators.maybe.MaybeJust.subscribeActual(MaybeJust.java:36)
	at io.reactivex.rxjava3.core.Maybe.subscribe(Maybe.java:5375)
	at io.reactivex.rxjava3.internal.operators.maybe.MaybeSwitchIfEmptySingle.subscribeActual(MaybeSwitchIfEmptySingle.java:45)
	at io.reactivex.rxjava3.core.Single.subscribe(Single.java:4855)
	at io.reactivex.rxjava3.internal.operators.single.SingleFlatMapPublisher.subscribeActual(SingleFlatMapPublisher.java:59)
	at io.reactivex.rxjava3.core.Flowable.subscribe(Flowable.java:15917)
	at io.reactivex.rxjava3.internal.operators.flowable.FlowableObserveOn.subscribeActual(FlowableObserveOn.java:58)
	at io.reactivex.rxjava3.core.Flowable.subscribe(Flowable.java:15917)
	at io.reactivex.rxjava3.core.Flowable.subscribe(Flowable.java:15808)
	at com.google.adk.web.AdkWebServer$AgentController.lambda$agentRunSse$0(AdkWebServer.java:1241)
	at java.base/java.util.concurrent.ThreadPoolExecutor.runWorker(ThreadPoolExecutor.java:1144)
	at java.base/java.util.concurrent.ThreadPoolExecutor$Worker.run(ThreadPoolExecutor.java:642)
	at java.base/java.lang.Thread.run(Thread.java:1583)
Caused by: com.google.gson.stream.MalformedJsonException: Use JsonReader.setLenient(true) to accept malformed JSON at line 1 column 9 path $
	at com.google.gson.stream.JsonReader.syntaxError(JsonReader.java:1659)
	at com.google.gson.stream.JsonReader.checkLenient(JsonReader.java:1465)
	at com.google.gson.stream.JsonReader.doPeek(JsonReader.java:551)
	at com.google.gson.stream.JsonReader.peek(JsonReader.java:433)
	at com.google.gson.JsonParser.parseReader(JsonParser.java:71)
	... 294 more

2025-09-01 15:10:19 [http-nio-8080-exec-4] INFO  c.g.a.w.AdkWebServer$AgentController - Request received for GET /debug/trace/session/03472e55-f1ba-4044-ad7d-c1c4137ff23c
2025-09-01 15:10:19 [http-nio-8080-exec-4] INFO  c.g.a.w.AdkWebServer$AgentController - Returning 1 spans for session ID: 03472e55-f1ba-4044-ad7d-c1c4137ff23c
2025-09-01 15:10:19 [http-nio-8080-exec-3] INFO  c.g.a.w.AdkWebServer$AgentController - Request received for GET /apps/Coordinator/users/user/sessions/03472e55-f1ba-4044-ad7d-c1c4137ff23c
2025-09-01 15:10:21 [http-nio-8080-exec-2] INFO  c.g.a.w.AdkWebServer$AgentController - SseEmitter Request received for POST /run_sse_emitter for session: 03472e55-f1ba-4044-ad7d-c1c4137ff23c
2025-09-01 15:10:23 [pool-2-thread-1] INFO  c.p.t.s.a.o.AnotherRootAgent - error com.google.gson.JsonSyntaxException: com.google.gson.stream.MalformedJsonException: Use JsonReader.setLenient(true) to accept malformed JSON at line 1 column 8 path $
	at com.google.gson.JsonParser.parseReader(JsonParser.java:76)
	at com.google.gson.JsonParser.parseString(JsonParser.java:51)
	at com.pkfare.trip.scale.agent.orchestration.AnotherRootAgent.stageTransition(AnotherRootAgent.java:107)
	at com.pkfare.trip.scale.agent.orchestration.AnotherRootAgent.lambda$runAsyncImpl$0(AnotherRootAgent.java:88)
	at io.reactivex.rxjava3.internal.operators.flowable.FlowableDoOnEach$DoOnEachSubscriber.onNext(FlowableDoOnEach.java:86)
	at io.reactivex.rxjava3.internal.operators.flowable.FlowableDoFinally$DoFinallySubscriber.onNext(FlowableDoFinally.java:85)
	at io.reactivex.rxjava3.internal.operators.single.SingleFlatMapPublisher$SingleFlatMapPublisherObserver.onNext(SingleFlatMapPublisher.java:107)
	at io.reactivex.rxjava3.internal.operators.flowable.FlowableConcatArray$ConcatArraySubscriber.onNext(FlowableConcatArray.java:78)
	at io.reactivex.rxjava3.internal.operators.flowable.FlowableDoOnEach$DoOnEachSubscriber.onNext(FlowableDoOnEach.java:92)
	at io.reactivex.rxjava3.internal.operators.flowable.FlowableConcatArray$ConcatArraySubscriber.onNext(FlowableConcatArray.java:78)
	at io.reactivex.rxjava3.internal.operators.flowable.FlowableCache.replay(FlowableCache.java:272)
	at io.reactivex.rxjava3.internal.operators.flowable.FlowableCache.onNext(FlowableCache.java:317)
	at io.reactivex.rxjava3.internal.operators.single.SingleFlatMapPublisher$SingleFlatMapPublisherObserver.onNext(SingleFlatMapPublisher.java:107)
	at io.reactivex.rxjava3.internal.operators.flowable.FlowableConcatArray$ConcatArraySubscriber.onNext(FlowableConcatArray.java:78)
	at io.reactivex.rxjava3.internal.util.HalfSerializer.onNext(HalfSerializer.java:46)
	at io.reactivex.rxjava3.internal.operators.flowable.FlowableConcatMap$ConcatMapImmediate.innerNext(FlowableConcatMap.java:206)
	at io.reactivex.rxjava3.internal.operators.flowable.FlowableConcatMap$ConcatMapInner.onNext(FlowableConcatMap.java:563)
	at io.reactivex.rxjava3.internal.operators.flowable.FlowableFromIterable$IteratorSubscription.fastPath(FlowableFromIterable.java:185)
	at io.reactivex.rxjava3.internal.operators.flowable.FlowableFromIterable$BaseRangeSubscription.request(FlowableFromIterable.java:129)
	at io.reactivex.rxjava3.internal.subscriptions.SubscriptionArbiter.setSubscription(SubscriptionArbiter.java:87)
	at io.reactivex.rxjava3.internal.operators.flowable.FlowableConcatMap$ConcatMapInner.onSubscribe(FlowableConcatMap.java:556)
	at io.reactivex.rxjava3.internal.operators.flowable.FlowableFromIterable.subscribe(FlowableFromIterable.java:69)
	at io.reactivex.rxjava3.internal.operators.flowable.FlowableFromIterable.subscribeActual(FlowableFromIterable.java:47)
	at io.reactivex.rxjava3.core.Flowable.subscribe(Flowable.java:15917)
	at io.reactivex.rxjava3.core.Flowable.subscribe(Flowable.java:15863)
	at io.reactivex.rxjava3.internal.operators.flowable.FlowableConcatMap$ConcatMapImmediate.drain(FlowableConcatMap.java:318)
	at io.reactivex.rxjava3.internal.operators.flowable.FlowableConcatMap$BaseConcatMapSubscriber.onNext(FlowableConcatMap.java:159)
	at io.reactivex.rxjava3.internal.util.HalfSerializer.onNext(HalfSerializer.java:46)
	at io.reactivex.rxjava3.internal.operators.flowable.FlowableConcatMap$ConcatMapImmediate.innerNext(FlowableConcatMap.java:206)
	at io.reactivex.rxjava3.internal.operators.flowable.FlowableConcatMap$ConcatMapInner.onNext(FlowableConcatMap.java:563)
	at io.reactivex.rxjava3.internal.subscriptions.DeferredScalarSubscription.complete(DeferredScalarSubscription.java:133)
	at io.reactivex.rxjava3.internal.operators.single.SingleToFlowable$SingleToFlowableObserver.onSuccess(SingleToFlowable.java:63)
	at io.reactivex.rxjava3.internal.operators.single.SingleDoOnSuccess$DoOnSuccess.onSuccess(SingleDoOnSuccess.java:60)
	at io.reactivex.rxjava3.internal.operators.single.SingleFlatMap$SingleFlatMapCallback$FlatMapSingleObserver.onSuccess(SingleFlatMap.java:112)
	at io.reactivex.rxjava3.internal.operators.single.SingleMap$MapSingleObserver.onSuccess(SingleMap.java:65)
	at io.reactivex.rxjava3.internal.operators.maybe.MaybeToSingle$ToSingleMaybeSubscriber.onComplete(MaybeToSingle.java:96)
	at io.reactivex.rxjava3.internal.operators.maybe.MaybeMap$MapMaybeObserver.onComplete(MaybeMap.java:100)
	at io.reactivex.rxjava3.internal.disposables.EmptyDisposable.complete(EmptyDisposable.java:58)
	at io.reactivex.rxjava3.internal.operators.maybe.MaybeEmpty.subscribeActual(MaybeEmpty.java:29)
	at io.reactivex.rxjava3.core.Maybe.subscribe(Maybe.java:5375)
	at io.reactivex.rxjava3.internal.operators.maybe.MaybeMap.subscribeActual(MaybeMap.java:41)
	at io.reactivex.rxjava3.core.Maybe.subscribe(Maybe.java:5375)
	at io.reactivex.rxjava3.internal.operators.maybe.MaybeToSingle.subscribeActual(MaybeToSingle.java:46)
	at io.reactivex.rxjava3.core.Single.subscribe(Single.java:4855)
	at io.reactivex.rxjava3.internal.operators.single.SingleMap.subscribeActual(SingleMap.java:35)
	at io.reactivex.rxjava3.core.Single.subscribe(Single.java:4855)
	at io.reactivex.rxjava3.internal.operators.single.SingleFlatMap$SingleFlatMapCallback.onSuccess(SingleFlatMap.java:85)
	at io.reactivex.rxjava3.internal.operators.single.SingleJust.subscribeActual(SingleJust.java:30)
	at io.reactivex.rxjava3.core.Single.subscribe(Single.java:4855)
	at io.reactivex.rxjava3.internal.operators.single.SingleFlatMap.subscribeActual(SingleFlatMap.java:37)
	at io.reactivex.rxjava3.core.Single.subscribe(Single.java:4855)
	at io.reactivex.rxjava3.internal.operators.single.SingleDoOnSuccess.subscribeActual(SingleDoOnSuccess.java:35)
	at io.reactivex.rxjava3.core.Single.subscribe(Single.java:4855)
	at io.reactivex.rxjava3.internal.operators.single.SingleToFlowable.subscribeActual(SingleToFlowable.java:38)
	at io.reactivex.rxjava3.core.Flowable.subscribe(Flowable.java:15917)
	at io.reactivex.rxjava3.core.Flowable.subscribe(Flowable.java:15863)
	at io.reactivex.rxjava3.internal.operators.flowable.FlowableConcatMap$ConcatMapImmediate.drain(FlowableConcatMap.java:318)
	at io.reactivex.rxjava3.internal.operators.flowable.FlowableConcatMap$BaseConcatMapSubscriber.onNext(FlowableConcatMap.java:159)
	at io.reactivex.rxjava3.internal.operators.single.SingleFlatMapPublisher$SingleFlatMapPublisherObserver.onNext(SingleFlatMapPublisher.java:107)
	at io.reactivex.rxjava3.internal.util.HalfSerializer.onNext(HalfSerializer.java:46)
	at io.reactivex.rxjava3.internal.operators.flowable.FlowableConcatMap$ConcatMapImmediate.innerNext(FlowableConcatMap.java:206)
	at io.reactivex.rxjava3.internal.operators.flowable.FlowableConcatMap$ConcatMapInner.onNext(FlowableConcatMap.java:563)
	at io.reactivex.rxjava3.internal.subscriptions.DeferredScalarSubscription.complete(DeferredScalarSubscription.java:133)
	at io.reactivex.rxjava3.internal.operators.single.SingleToFlowable$SingleToFlowableObserver.onSuccess(SingleToFlowable.java:63)
	at io.reactivex.rxjava3.internal.operators.single.SingleJust.subscribeActual(SingleJust.java:30)
	at io.reactivex.rxjava3.core.Single.subscribe(Single.java:4855)
	at io.reactivex.rxjava3.internal.operators.single.SingleToFlowable.subscribeActual(SingleToFlowable.java:38)
	at io.reactivex.rxjava3.core.Flowable.subscribe(Flowable.java:15917)
	at io.reactivex.rxjava3.core.Flowable.subscribe(Flowable.java:15863)
	at io.reactivex.rxjava3.internal.operators.flowable.FlowableConcatMap$ConcatMapImmediate.drain(FlowableConcatMap.java:318)
	at io.reactivex.rxjava3.internal.operators.flowable.FlowableConcatMap$BaseConcatMapSubscriber.onNext(FlowableConcatMap.java:159)
	at io.reactivex.rxjava3.internal.operators.flowable.FlowableDoFinally$DoFinallySubscriber.onNext(FlowableDoFinally.java:85)
	at io.reactivex.rxjava3.internal.operators.flowable.FlowableDoOnEach$DoOnEachSubscriber.onNext(FlowableDoOnEach.java:92)
	at io.reactivex.rxjava3.internal.operators.flowable.FlowableDoOnEach$DoOnEachSubscriber.onNext(FlowableDoOnEach.java:92)
	at io.reactivex.rxjava3.internal.subscriptions.DeferredScalarSubscription.complete(DeferredScalarSubscription.java:133)
	at io.reactivex.rxjava3.internal.operators.flowable.FlowableFromFuture.subscribeActual(FlowableFromFuture.java:54)
	at io.reactivex.rxjava3.core.Flowable.subscribe(Flowable.java:15917)
	at io.reactivex.rxjava3.internal.operators.flowable.FlowableDoOnEach.subscribeActual(FlowableDoOnEach.java:50)
	at io.reactivex.rxjava3.core.Flowable.subscribe(Flowable.java:15917)
	at io.reactivex.rxjava3.internal.operators.flowable.FlowableDoOnEach.subscribeActual(FlowableDoOnEach.java:50)
	at io.reactivex.rxjava3.core.Flowable.subscribe(Flowable.java:15917)
	at io.reactivex.rxjava3.internal.operators.flowable.FlowableDoFinally.subscribeActual(FlowableDoFinally.java:47)
	at io.reactivex.rxjava3.core.Flowable.subscribe(Flowable.java:15917)
	at io.reactivex.rxjava3.core.Flowable.subscribe(Flowable.java:15863)
	at io.reactivex.rxjava3.internal.operators.flowable.FlowableDefer.subscribeActual(FlowableDefer.java:42)
	at io.reactivex.rxjava3.core.Flowable.subscribe(Flowable.java:15917)
	at io.reactivex.rxjava3.core.Flowable.subscribe(Flowable.java:15863)
	at io.reactivex.rxjava3.internal.operators.flowable.FlowableConcatMap.subscribeActual(FlowableConcatMap.java:66)
	at io.reactivex.rxjava3.core.Flowable.subscribe(Flowable.java:15917)
	at io.reactivex.rxjava3.core.Flowable.subscribe(Flowable.java:15863)
	at io.reactivex.rxjava3.internal.operators.single.SingleFlatMapPublisher$SingleFlatMapPublisherObserver.onSuccess(SingleFlatMapPublisher.java:96)
	at io.reactivex.rxjava3.internal.operators.single.SingleJust.subscribeActual(SingleJust.java:30)
	at io.reactivex.rxjava3.core.Single.subscribe(Single.java:4855)
	at io.reactivex.rxjava3.internal.operators.single.SingleFlatMapPublisher.subscribeActual(SingleFlatMapPublisher.java:59)
	at io.reactivex.rxjava3.core.Flowable.subscribe(Flowable.java:15917)
	at io.reactivex.rxjava3.core.Flowable.subscribe(Flowable.java:15863)
	at io.reactivex.rxjava3.internal.operators.flowable.FlowableConcatMap.subscribeActual(FlowableConcatMap.java:66)
	at io.reactivex.rxjava3.core.Flowable.subscribe(Flowable.java:15917)
	at io.reactivex.rxjava3.core.Flowable.subscribe(Flowable.java:15863)
	at io.reactivex.rxjava3.internal.operators.flowable.FlowableConcatMap.subscribeActual(FlowableConcatMap.java:66)
	at io.reactivex.rxjava3.core.Flowable.subscribe(Flowable.java:15917)
	at io.reactivex.rxjava3.core.Flowable.subscribe(Flowable.java:15863)
	at io.reactivex.rxjava3.internal.operators.flowable.FlowableConcatArray$ConcatArraySubscriber.onComplete(FlowableConcatArray.java:141)
	at io.reactivex.rxjava3.internal.operators.flowable.FlowableConcatArray.subscribeActual(FlowableConcatArray.java:41)
	at io.reactivex.rxjava3.core.Flowable.subscribe(Flowable.java:15917)
	at io.reactivex.rxjava3.core.Flowable.subscribe(Flowable.java:15863)
	at io.reactivex.rxjava3.internal.operators.single.SingleFlatMapPublisher$SingleFlatMapPublisherObserver.onSuccess(SingleFlatMapPublisher.java:96)
	at io.reactivex.rxjava3.internal.operators.single.SingleFlatMap$SingleFlatMapCallback$FlatMapSingleObserver.onSuccess(SingleFlatMap.java:112)
	at io.reactivex.rxjava3.internal.observers.ResumeSingleObserver.onSuccess(ResumeSingleObserver.java:46)
	at io.reactivex.rxjava3.internal.operators.single.SingleFromCallable.subscribeActual(SingleFromCallable.java:55)
	at io.reactivex.rxjava3.core.Single.subscribe(Single.java:4855)
	at io.reactivex.rxjava3.internal.operators.single.SingleDelayWithCompletable$OtherObserver.onComplete(SingleDelayWithCompletable.java:69)
	at io.reactivex.rxjava3.internal.util.AtomicThrowable.tryTerminateConsumer(AtomicThrowable.java:154)
	at io.reactivex.rxjava3.internal.operators.mixed.FlowableConcatMapCompletable$ConcatMapCompletableObserver.drain(FlowableConcatMapCompletable.java:166)
	at io.reactivex.rxjava3.internal.operators.mixed.ConcatMapXMainSubscriber.onComplete(ConcatMapXMainSubscriber.java:123)
	at io.reactivex.rxjava3.internal.subscriptions.EmptySubscription.complete(EmptySubscription.java:69)
	at io.reactivex.rxjava3.internal.operators.flowable.FlowableFromIterable.subscribe(FlowableFromIterable.java:61)
	at io.reactivex.rxjava3.internal.operators.flowable.FlowableFromIterable.subscribeActual(FlowableFromIterable.java:47)
	at io.reactivex.rxjava3.core.Flowable.subscribe(Flowable.java:15917)
	at io.reactivex.rxjava3.internal.operators.mixed.FlowableConcatMapCompletable.subscribeActual(FlowableConcatMapCompletable.java:56)
	at io.reactivex.rxjava3.core.Completable.subscribe(Completable.java:2859)
	at io.reactivex.rxjava3.internal.operators.single.SingleDelayWithCompletable.subscribeActual(SingleDelayWithCompletable.java:36)
	at io.reactivex.rxjava3.core.Single.subscribe(Single.java:4855)
	at io.reactivex.rxjava3.internal.operators.single.SingleFlatMap$SingleFlatMapCallback.onSuccess(SingleFlatMap.java:85)
	at io.reactivex.rxjava3.internal.operators.single.SingleMap$MapSingleObserver.onSuccess(SingleMap.java:65)
	at io.reactivex.rxjava3.internal.operators.single.SingleDoOnSuccess$DoOnSuccess.onSuccess(SingleDoOnSuccess.java:60)
	at io.reactivex.rxjava3.internal.operators.single.SingleFlatMap$SingleFlatMapCallback$FlatMapSingleObserver.onSuccess(SingleFlatMap.java:112)
	at io.reactivex.rxjava3.internal.operators.single.SingleJust.subscribeActual(SingleJust.java:30)
	at io.reactivex.rxjava3.core.Single.subscribe(Single.java:4855)
	at io.reactivex.rxjava3.internal.operators.single.SingleFlatMap$SingleFlatMapCallback.onSuccess(SingleFlatMap.java:85)
	at io.reactivex.rxjava3.internal.operators.single.SingleMap$MapSingleObserver.onSuccess(SingleMap.java:65)
	at io.reactivex.rxjava3.internal.operators.single.SingleDoOnSuccess$DoOnSuccess.onSuccess(SingleDoOnSuccess.java:60)
	at io.reactivex.rxjava3.internal.operators.single.SingleFlatMap$SingleFlatMapCallback$FlatMapSingleObserver.onSuccess(SingleFlatMap.java:112)
	at io.reactivex.rxjava3.internal.operators.single.SingleJust.subscribeActual(SingleJust.java:30)
	at io.reactivex.rxjava3.core.Single.subscribe(Single.java:4855)
	at io.reactivex.rxjava3.internal.operators.single.SingleFlatMap$SingleFlatMapCallback.onSuccess(SingleFlatMap.java:85)
	at io.reactivex.rxjava3.internal.operators.single.SingleMap$MapSingleObserver.onSuccess(SingleMap.java:65)
	at io.reactivex.rxjava3.internal.operators.single.SingleDoOnSuccess$DoOnSuccess.onSuccess(SingleDoOnSuccess.java:60)
	at io.reactivex.rxjava3.internal.operators.single.SingleFlatMap$SingleFlatMapCallback$FlatMapSingleObserver.onSuccess(SingleFlatMap.java:112)
	at io.reactivex.rxjava3.internal.operators.single.SingleJust.subscribeActual(SingleJust.java:30)
	at io.reactivex.rxjava3.core.Single.subscribe(Single.java:4855)
	at io.reactivex.rxjava3.internal.operators.single.SingleFlatMap$SingleFlatMapCallback.onSuccess(SingleFlatMap.java:85)
	at io.reactivex.rxjava3.internal.operators.single.SingleMap$MapSingleObserver.onSuccess(SingleMap.java:65)
	at io.reactivex.rxjava3.internal.operators.single.SingleDoOnSuccess$DoOnSuccess.onSuccess(SingleDoOnSuccess.java:60)
	at io.reactivex.rxjava3.internal.operators.single.SingleFlatMap$SingleFlatMapCallback$FlatMapSingleObserver.onSuccess(SingleFlatMap.java:112)
	at io.reactivex.rxjava3.internal.operators.single.SingleJust.subscribeActual(SingleJust.java:30)
	at io.reactivex.rxjava3.core.Single.subscribe(Single.java:4855)
	at io.reactivex.rxjava3.internal.operators.single.SingleFlatMap$SingleFlatMapCallback.onSuccess(SingleFlatMap.java:85)
	at io.reactivex.rxjava3.internal.operators.single.SingleMap$MapSingleObserver.onSuccess(SingleMap.java:65)
	at io.reactivex.rxjava3.internal.operators.single.SingleDoOnSuccess$DoOnSuccess.onSuccess(SingleDoOnSuccess.java:60)
	at io.reactivex.rxjava3.internal.operators.single.SingleFlatMap$SingleFlatMapCallback$FlatMapSingleObserver.onSuccess(SingleFlatMap.java:112)
	at io.reactivex.rxjava3.internal.operators.single.SingleMap$MapSingleObserver.onSuccess(SingleMap.java:65)
	at io.reactivex.rxjava3.internal.operators.single.SingleFlatMap$SingleFlatMapCallback$FlatMapSingleObserver.onSuccess(SingleFlatMap.java:112)
	at io.reactivex.rxjava3.internal.operators.single.SingleFlatMap$SingleFlatMapCallback$FlatMapSingleObserver.onSuccess(SingleFlatMap.java:112)
	at io.reactivex.rxjava3.internal.operators.single.SingleMap$MapSingleObserver.onSuccess(SingleMap.java:65)
	at io.reactivex.rxjava3.internal.operators.single.SingleZipArray$ZipCoordinator.innerSuccess(SingleZipArray.java:126)
	at io.reactivex.rxjava3.internal.operators.single.SingleZipArray$ZipSingleObserver.onSuccess(SingleZipArray.java:178)
	at io.reactivex.rxjava3.internal.operators.single.SingleJust.subscribeActual(SingleJust.java:30)
	at io.reactivex.rxjava3.core.Single.subscribe(Single.java:4855)
	at io.reactivex.rxjava3.internal.operators.single.SingleZipIterable.subscribeActual(SingleZipIterable.java:77)
	at io.reactivex.rxjava3.core.Single.subscribe(Single.java:4855)
	at io.reactivex.rxjava3.internal.operators.single.SingleMap.subscribeActual(SingleMap.java:35)
	at io.reactivex.rxjava3.core.Single.subscribe(Single.java:4855)
	at io.reactivex.rxjava3.internal.operators.single.SingleFlatMap$SingleFlatMapCallback.onSuccess(SingleFlatMap.java:85)
	at io.reactivex.rxjava3.internal.operators.single.SingleJust.subscribeActual(SingleJust.java:30)
	at io.reactivex.rxjava3.core.Single.subscribe(Single.java:4855)
	at io.reactivex.rxjava3.internal.operators.single.SingleFlatMap.subscribeActual(SingleFlatMap.java:37)
	at io.reactivex.rxjava3.core.Single.subscribe(Single.java:4855)
	at io.reactivex.rxjava3.internal.operators.single.SingleFlatMap$SingleFlatMapCallback.onSuccess(SingleFlatMap.java:85)
	at io.reactivex.rxjava3.internal.operators.single.SingleJust.subscribeActual(SingleJust.java:30)
	at io.reactivex.rxjava3.core.Single.subscribe(Single.java:4855)
	at io.reactivex.rxjava3.internal.operators.single.SingleFlatMap.subscribeActual(SingleFlatMap.java:37)
	at io.reactivex.rxjava3.core.Single.subscribe(Single.java:4855)
	at io.reactivex.rxjava3.internal.operators.single.SingleMap.subscribeActual(SingleMap.java:35)
	at io.reactivex.rxjava3.core.Single.subscribe(Single.java:4855)
	at io.reactivex.rxjava3.internal.operators.single.SingleFlatMap$SingleFlatMapCallback.onSuccess(SingleFlatMap.java:85)
	at io.reactivex.rxjava3.internal.operators.single.SingleMap$MapSingleObserver.onSuccess(SingleMap.java:65)
	at io.reactivex.rxjava3.internal.operators.single.SingleDoOnSuccess$DoOnSuccess.onSuccess(SingleDoOnSuccess.java:60)
	at io.reactivex.rxjava3.internal.operators.single.SingleFlatMap$SingleFlatMapCallback$FlatMapSingleObserver.onSuccess(SingleFlatMap.java:112)
	at io.reactivex.rxjava3.internal.operators.single.SingleJust.subscribeActual(SingleJust.java:30)
	at io.reactivex.rxjava3.core.Single.subscribe(Single.java:4855)
	at io.reactivex.rxjava3.internal.operators.single.SingleFlatMap$SingleFlatMapCallback.onSuccess(SingleFlatMap.java:85)
	at io.reactivex.rxjava3.internal.operators.single.SingleJust.subscribeActual(SingleJust.java:30)
	at io.reactivex.rxjava3.core.Single.subscribe(Single.java:4855)
	at io.reactivex.rxjava3.internal.operators.single.SingleFlatMap.subscribeActual(SingleFlatMap.java:37)
	at io.reactivex.rxjava3.core.Single.subscribe(Single.java:4855)
	at io.reactivex.rxjava3.internal.operators.single.SingleDoOnSuccess.subscribeActual(SingleDoOnSuccess.java:35)
	at io.reactivex.rxjava3.core.Single.subscribe(Single.java:4855)
	at io.reactivex.rxjava3.internal.operators.single.SingleMap.subscribeActual(SingleMap.java:35)
	at io.reactivex.rxjava3.core.Single.subscribe(Single.java:4855)
	at io.reactivex.rxjava3.internal.operators.single.SingleFlatMap.subscribeActual(SingleFlatMap.java:37)
	at io.reactivex.rxjava3.core.Single.subscribe(Single.java:4855)
	at io.reactivex.rxjava3.internal.operators.single.SingleDoOnSuccess.subscribeActual(SingleDoOnSuccess.java:35)
	at io.reactivex.rxjava3.core.Single.subscribe(Single.java:4855)
	at io.reactivex.rxjava3.internal.operators.single.SingleMap.subscribeActual(SingleMap.java:35)
	at io.reactivex.rxjava3.core.Single.subscribe(Single.java:4855)
	at io.reactivex.rxjava3.internal.operators.single.SingleFlatMap.subscribeActual(SingleFlatMap.java:37)
	at io.reactivex.rxjava3.core.Single.subscribe(Single.java:4855)
	at io.reactivex.rxjava3.internal.operators.single.SingleDoOnSuccess.subscribeActual(SingleDoOnSuccess.java:35)
	at io.reactivex.rxjava3.core.Single.subscribe(Single.java:4855)
	at io.reactivex.rxjava3.internal.operators.single.SingleMap.subscribeActual(SingleMap.java:35)
	at io.reactivex.rxjava3.core.Single.subscribe(Single.java:4855)
	at io.reactivex.rxjava3.internal.operators.single.SingleFlatMap.subscribeActual(SingleFlatMap.java:37)
	at io.reactivex.rxjava3.core.Single.subscribe(Single.java:4855)
	at io.reactivex.rxjava3.internal.operators.single.SingleDoOnSuccess.subscribeActual(SingleDoOnSuccess.java:35)
	at io.reactivex.rxjava3.core.Single.subscribe(Single.java:4855)
	at io.reactivex.rxjava3.internal.operators.single.SingleMap.subscribeActual(SingleMap.java:35)
	at io.reactivex.rxjava3.core.Single.subscribe(Single.java:4855)
	at io.reactivex.rxjava3.internal.operators.single.SingleFlatMap.subscribeActual(SingleFlatMap.java:37)
	at io.reactivex.rxjava3.core.Single.subscribe(Single.java:4855)
	at io.reactivex.rxjava3.internal.operators.single.SingleDoOnSuccess.subscribeActual(SingleDoOnSuccess.java:35)
	at io.reactivex.rxjava3.core.Single.subscribe(Single.java:4855)
	at io.reactivex.rxjava3.internal.operators.single.SingleMap.subscribeActual(SingleMap.java:35)
	at io.reactivex.rxjava3.core.Single.subscribe(Single.java:4855)
	at io.reactivex.rxjava3.internal.operators.single.SingleFlatMap.subscribeActual(SingleFlatMap.java:37)
	at io.reactivex.rxjava3.core.Single.subscribe(Single.java:4855)
	at io.reactivex.rxjava3.internal.operators.single.SingleDoOnSuccess.subscribeActual(SingleDoOnSuccess.java:35)
	at io.reactivex.rxjava3.core.Single.subscribe(Single.java:4855)
	at io.reactivex.rxjava3.internal.operators.single.SingleMap.subscribeActual(SingleMap.java:35)
	at io.reactivex.rxjava3.core.Single.subscribe(Single.java:4855)
	at io.reactivex.rxjava3.internal.operators.single.SingleFlatMap.subscribeActual(SingleFlatMap.java:37)
	at io.reactivex.rxjava3.core.Single.subscribe(Single.java:4855)
	at io.reactivex.rxjava3.internal.operators.single.SingleFlatMapPublisher.subscribeActual(SingleFlatMapPublisher.java:59)
	at io.reactivex.rxjava3.core.Flowable.subscribe(Flowable.java:15917)
	at io.reactivex.rxjava3.internal.operators.flowable.FlowableCache.subscribeActual(FlowableCache.java:115)
	at io.reactivex.rxjava3.core.Flowable.subscribe(Flowable.java:15917)
	at io.reactivex.rxjava3.core.Flowable.subscribe(Flowable.java:15863)
	at io.reactivex.rxjava3.internal.operators.flowable.FlowableConcatArray$ConcatArraySubscriber.onComplete(FlowableConcatArray.java:141)
	at io.reactivex.rxjava3.internal.operators.flowable.FlowableConcatArray.subscribeActual(FlowableConcatArray.java:41)
	at io.reactivex.rxjava3.core.Flowable.subscribe(Flowable.java:15917)
	at io.reactivex.rxjava3.internal.operators.flowable.FlowableDoOnEach.subscribeActual(FlowableDoOnEach.java:50)
	at io.reactivex.rxjava3.core.Flowable.subscribe(Flowable.java:15917)
	at io.reactivex.rxjava3.core.Flowable.subscribe(Flowable.java:15863)
	at io.reactivex.rxjava3.internal.operators.flowable.FlowableDefer.subscribeActual(FlowableDefer.java:42)
	at io.reactivex.rxjava3.core.Flowable.subscribe(Flowable.java:15917)
	at io.reactivex.rxjava3.core.Flowable.subscribe(Flowable.java:15863)
	at io.reactivex.rxjava3.internal.operators.flowable.FlowableConcatArray$ConcatArraySubscriber.onComplete(FlowableConcatArray.java:141)
	at io.reactivex.rxjava3.internal.operators.flowable.FlowableConcatArray.subscribeActual(FlowableConcatArray.java:41)
	at io.reactivex.rxjava3.core.Flowable.subscribe(Flowable.java:15917)
	at io.reactivex.rxjava3.core.Flowable.subscribe(Flowable.java:15863)
	at io.reactivex.rxjava3.internal.operators.single.SingleFlatMapPublisher$SingleFlatMapPublisherObserver.onSuccess(SingleFlatMapPublisher.java:96)
	at io.reactivex.rxjava3.internal.operators.single.SingleJust.subscribeActual(SingleJust.java:30)
	at io.reactivex.rxjava3.core.Single.subscribe(Single.java:4855)
	at io.reactivex.rxjava3.internal.operators.single.SingleFlatMapPublisher.subscribeActual(SingleFlatMapPublisher.java:59)
	at io.reactivex.rxjava3.core.Flowable.subscribe(Flowable.java:15917)
	at io.reactivex.rxjava3.internal.operators.flowable.FlowableDoFinally.subscribeActual(FlowableDoFinally.java:47)
	at io.reactivex.rxjava3.core.Flowable.subscribe(Flowable.java:15917)
	at io.reactivex.rxjava3.core.Flowable.subscribe(Flowable.java:15863)
	at io.reactivex.rxjava3.internal.operators.flowable.FlowableDefer.subscribeActual(FlowableDefer.java:42)
	at io.reactivex.rxjava3.core.Flowable.subscribe(Flowable.java:15917)
	at io.reactivex.rxjava3.internal.operators.flowable.FlowableDoOnEach.subscribeActual(FlowableDoOnEach.java:50)
	at io.reactivex.rxjava3.core.Flowable.subscribe(Flowable.java:15917)
	at io.reactivex.rxjava3.core.Flowable.subscribe(Flowable.java:15863)
	at io.reactivex.rxjava3.internal.operators.flowable.FlowableDefer.subscribeActual(FlowableDefer.java:42)
	at io.reactivex.rxjava3.core.Flowable.subscribe(Flowable.java:15917)
	at io.reactivex.rxjava3.core.Flowable.subscribe(Flowable.java:15863)
	at io.reactivex.rxjava3.internal.operators.flowable.FlowableConcatArray$ConcatArraySubscriber.onComplete(FlowableConcatArray.java:141)
	at io.reactivex.rxjava3.internal.operators.flowable.FlowableConcatArray.subscribeActual(FlowableConcatArray.java:41)
	at io.reactivex.rxjava3.core.Flowable.subscribe(Flowable.java:15917)
	at io.reactivex.rxjava3.core.Flowable.subscribe(Flowable.java:15863)
	at io.reactivex.rxjava3.internal.operators.single.SingleFlatMapPublisher$SingleFlatMapPublisherObserver.onSuccess(SingleFlatMapPublisher.java:96)
	at io.reactivex.rxjava3.internal.operators.single.SingleJust.subscribeActual(SingleJust.java:30)
	at io.reactivex.rxjava3.core.Single.subscribe(Single.java:4855)
	at io.reactivex.rxjava3.internal.operators.single.SingleFlatMapPublisher.subscribeActual(SingleFlatMapPublisher.java:59)
	at io.reactivex.rxjava3.core.Flowable.subscribe(Flowable.java:15917)
	at io.reactivex.rxjava3.internal.operators.flowable.FlowableDoFinally.subscribeActual(FlowableDoFinally.java:47)
	at io.reactivex.rxjava3.core.Flowable.subscribe(Flowable.java:15917)
	at io.reactivex.rxjava3.core.Flowable.subscribe(Flowable.java:15863)
	at io.reactivex.rxjava3.internal.operators.flowable.FlowableDefer.subscribeActual(FlowableDefer.java:42)
	at io.reactivex.rxjava3.core.Flowable.subscribe(Flowable.java:15917)
	at io.reactivex.rxjava3.internal.operators.flowable.FlowableDoOnEach.subscribeActual(FlowableDoOnEach.java:50)
	at io.reactivex.rxjava3.core.Flowable.subscribe(Flowable.java:15917)
	at io.reactivex.rxjava3.core.Flowable.subscribe(Flowable.java:15863)
	at io.reactivex.rxjava3.internal.operators.flowable.FlowableScalarXMap$ScalarXMapFlowable.subscribeActual(FlowableScalarXMap.java:160)
	at io.reactivex.rxjava3.core.Flowable.subscribe(Flowable.java:15917)
	at io.reactivex.rxjava3.internal.operators.flowable.FlowableDoOnEach.subscribeActual(FlowableDoOnEach.java:50)
	at io.reactivex.rxjava3.core.Flowable.subscribe(Flowable.java:15917)
	at io.reactivex.rxjava3.internal.operators.flowable.FlowableDoFinally.subscribeActual(FlowableDoFinally.java:47)
	at io.reactivex.rxjava3.core.Flowable.subscribe(Flowable.java:15917)
	at io.reactivex.rxjava3.core.Flowable.subscribe(Flowable.java:15863)
	at io.reactivex.rxjava3.internal.operators.single.SingleFlatMapPublisher$SingleFlatMapPublisherObserver.onSuccess(SingleFlatMapPublisher.java:96)
	at io.reactivex.rxjava3.internal.operators.maybe.MaybeSwitchIfEmptySingle$SwitchIfEmptyMaybeObserver.onSuccess(MaybeSwitchIfEmptySingle.java:82)
	at io.reactivex.rxjava3.internal.operators.maybe.MaybeJust.subscribeActual(MaybeJust.java:36)
	at io.reactivex.rxjava3.core.Maybe.subscribe(Maybe.java:5375)
	at io.reactivex.rxjava3.internal.operators.maybe.MaybeSwitchIfEmptySingle.subscribeActual(MaybeSwitchIfEmptySingle.java:45)
	at io.reactivex.rxjava3.core.Single.subscribe(Single.java:4855)
	at io.reactivex.rxjava3.internal.operators.single.SingleFlatMapPublisher.subscribeActual(SingleFlatMapPublisher.java:59)
	at io.reactivex.rxjava3.core.Flowable.subscribe(Flowable.java:15917)
	at io.reactivex.rxjava3.internal.operators.flowable.FlowableObserveOn.subscribeActual(FlowableObserveOn.java:58)
	at io.reactivex.rxjava3.core.Flowable.subscribe(Flowable.java:15917)
	at io.reactivex.rxjava3.core.Flowable.subscribe(Flowable.java:15808)
	at com.google.adk.web.AdkWebServer$AgentController.lambda$agentRunSse$0(AdkWebServer.java:1241)
	at java.base/java.util.concurrent.ThreadPoolExecutor.runWorker(ThreadPoolExecutor.java:1144)
	at java.base/java.util.concurrent.ThreadPoolExecutor$Worker.run(ThreadPoolExecutor.java:642)
	at java.base/java.lang.Thread.run(Thread.java:1583)
Caused by: com.google.gson.stream.MalformedJsonException: Use JsonReader.setLenient(true) to accept malformed JSON at line 1 column 8 path $
	at com.google.gson.stream.JsonReader.syntaxError(JsonReader.java:1659)
	at com.google.gson.stream.JsonReader.checkLenient(JsonReader.java:1465)
	at com.google.gson.stream.JsonReader.doPeek(JsonReader.java:551)
	at com.google.gson.stream.JsonReader.peek(JsonReader.java:433)
	at com.google.gson.JsonParser.parseReader(JsonParser.java:71)
	... 294 more

2025-09-01 15:10:23 [http-nio-8080-exec-7] INFO  c.g.a.w.AdkWebServer$AgentController - Request received for GET /debug/trace/session/03472e55-f1ba-4044-ad7d-c1c4137ff23c
2025-09-01 15:10:23 [http-nio-8080-exec-7] INFO  c.g.a.w.AdkWebServer$AgentController - Returning 2 spans for session ID: 03472e55-f1ba-4044-ad7d-c1c4137ff23c
2025-09-01 15:10:23 [http-nio-8080-exec-5] INFO  c.g.a.w.AdkWebServer$AgentController - Request received for GET /apps/Coordinator/users/user/sessions/03472e55-f1ba-4044-ad7d-c1c4137ff23c
2025-09-01 15:10:35 [http-nio-8080-exec-6] INFO  c.g.a.w.AdkWebServer$AgentController - SseEmitter Request received for POST /run_sse_emitter for session: 03472e55-f1ba-4044-ad7d-c1c4137ff23c
2025-09-01 15:10:36 [pool-2-thread-1] WARN  com.google.genai.types.Content - There are non-text parts functionCall in the content, returning concatenation of all text parts. Please refer to the non text parts for a full response from model.
2025-09-01 15:10:36 [pool-2-thread-1] WARN  com.google.genai.types.Content - There are non-text parts functionResponse in the content, returning concatenation of all text parts. Please refer to the non text parts for a full response from model.
2025-09-01 15:10:38 [pool-2-thread-1] WARN  com.google.genai.types.Content - There are non-text parts functionCall, functionCall in the content, returning concatenation of all text parts. Please refer to the non text parts for a full response from model.
2025-09-01 15:10:38 [pool-2-thread-1] WARN  com.google.genai.types.Content - There are non-text parts functionResponse, functionResponse in the content, returning concatenation of all text parts. Please refer to the non text parts for a full response from model.
2025-09-01 15:10:48 [pool-2-thread-1] INFO  c.p.t.s.a.o.AnotherRootAgent - error com.google.gson.JsonSyntaxException: com.google.gson.stream.MalformedJsonException: Use JsonReader.setLenient(true) to accept malformed JSON at line 1 column 7 path $
	at com.google.gson.JsonParser.parseReader(JsonParser.java:76)
	at com.google.gson.JsonParser.parseString(JsonParser.java:51)
	at com.pkfare.trip.scale.agent.orchestration.AnotherRootAgent.stageTransition(AnotherRootAgent.java:107)
	at com.pkfare.trip.scale.agent.orchestration.AnotherRootAgent.lambda$runAsyncImpl$0(AnotherRootAgent.java:88)
	at io.reactivex.rxjava3.internal.operators.flowable.FlowableDoOnEach$DoOnEachSubscriber.onNext(FlowableDoOnEach.java:86)
	at io.reactivex.rxjava3.internal.operators.flowable.FlowableDoFinally$DoFinallySubscriber.onNext(FlowableDoFinally.java:85)
	at io.reactivex.rxjava3.internal.operators.single.SingleFlatMapPublisher$SingleFlatMapPublisherObserver.onNext(SingleFlatMapPublisher.java:107)
	at io.reactivex.rxjava3.internal.operators.flowable.FlowableConcatArray$ConcatArraySubscriber.onNext(FlowableConcatArray.java:78)
	at io.reactivex.rxjava3.internal.operators.flowable.FlowableDoOnEach$DoOnEachSubscriber.onNext(FlowableDoOnEach.java:92)
	at io.reactivex.rxjava3.internal.operators.flowable.FlowableConcatArray$ConcatArraySubscriber.onNext(FlowableConcatArray.java:78)
	at io.reactivex.rxjava3.internal.operators.flowable.FlowableCache.replay(FlowableCache.java:272)
	at io.reactivex.rxjava3.internal.operators.flowable.FlowableCache.onNext(FlowableCache.java:317)
	at io.reactivex.rxjava3.internal.operators.single.SingleFlatMapPublisher$SingleFlatMapPublisherObserver.onNext(SingleFlatMapPublisher.java:107)
	at io.reactivex.rxjava3.internal.operators.flowable.FlowableConcatArray$ConcatArraySubscriber.onNext(FlowableConcatArray.java:78)
	at io.reactivex.rxjava3.internal.util.HalfSerializer.onNext(HalfSerializer.java:46)
	at io.reactivex.rxjava3.internal.operators.flowable.FlowableConcatMap$ConcatMapImmediate.innerNext(FlowableConcatMap.java:206)
	at io.reactivex.rxjava3.internal.operators.flowable.FlowableConcatMap$ConcatMapInner.onNext(FlowableConcatMap.java:563)
	at io.reactivex.rxjava3.internal.operators.flowable.FlowableConcatArray$ConcatArraySubscriber.onNext(FlowableConcatArray.java:78)
	at io.reactivex.rxjava3.internal.operators.flowable.FlowableDoFinally$DoFinallySubscriber.onNext(FlowableDoFinally.java:85)
	at io.reactivex.rxjava3.internal.operators.single.SingleFlatMapPublisher$SingleFlatMapPublisherObserver.onNext(SingleFlatMapPublisher.java:107)
	at io.reactivex.rxjava3.internal.operators.flowable.FlowableConcatArray$ConcatArraySubscriber.onNext(FlowableConcatArray.java:78)
	at io.reactivex.rxjava3.internal.operators.flowable.FlowableDoOnEach$DoOnEachSubscriber.onNext(FlowableDoOnEach.java:92)
	at io.reactivex.rxjava3.internal.operators.flowable.FlowableConcatArray$ConcatArraySubscriber.onNext(FlowableConcatArray.java:78)
	at io.reactivex.rxjava3.internal.operators.single.SingleFlatMapPublisher$SingleFlatMapPublisherObserver.onNext(SingleFlatMapPublisher.java:107)
	at io.reactivex.rxjava3.internal.operators.flowable.FlowableConcatArray$ConcatArraySubscriber.onNext(FlowableConcatArray.java:78)
	at io.reactivex.rxjava3.internal.operators.flowable.FlowableCache.replay(FlowableCache.java:272)
	at io.reactivex.rxjava3.internal.operators.flowable.FlowableCache.onNext(FlowableCache.java:317)
	at io.reactivex.rxjava3.internal.operators.single.SingleFlatMapPublisher$SingleFlatMapPublisherObserver.onNext(SingleFlatMapPublisher.java:107)
	at io.reactivex.rxjava3.internal.operators.flowable.FlowableConcatArray$ConcatArraySubscriber.onNext(FlowableConcatArray.java:78)
	at io.reactivex.rxjava3.internal.util.HalfSerializer.onNext(HalfSerializer.java:46)
	at io.reactivex.rxjava3.internal.operators.flowable.FlowableConcatMap$ConcatMapImmediate.innerNext(FlowableConcatMap.java:206)
	at io.reactivex.rxjava3.internal.operators.flowable.FlowableConcatMap$ConcatMapInner.onNext(FlowableConcatMap.java:563)
	at io.reactivex.rxjava3.internal.operators.flowable.FlowableFromIterable$IteratorSubscription.fastPath(FlowableFromIterable.java:185)
	at io.reactivex.rxjava3.internal.operators.flowable.FlowableFromIterable$BaseRangeSubscription.request(FlowableFromIterable.java:129)
	at io.reactivex.rxjava3.internal.subscriptions.SubscriptionArbiter.setSubscription(SubscriptionArbiter.java:87)
	at io.reactivex.rxjava3.internal.operators.flowable.FlowableConcatMap$ConcatMapInner.onSubscribe(FlowableConcatMap.java:556)
	at io.reactivex.rxjava3.internal.operators.flowable.FlowableFromIterable.subscribe(FlowableFromIterable.java:69)
	at io.reactivex.rxjava3.internal.operators.flowable.FlowableFromIterable.subscribeActual(FlowableFromIterable.java:47)
	at io.reactivex.rxjava3.core.Flowable.subscribe(Flowable.java:15917)
	at io.reactivex.rxjava3.core.Flowable.subscribe(Flowable.java:15863)
	at io.reactivex.rxjava3.internal.operators.flowable.FlowableConcatMap$ConcatMapImmediate.drain(FlowableConcatMap.java:318)
	at io.reactivex.rxjava3.internal.operators.flowable.FlowableConcatMap$BaseConcatMapSubscriber.onNext(FlowableConcatMap.java:159)
	at io.reactivex.rxjava3.internal.util.HalfSerializer.onNext(HalfSerializer.java:46)
	at io.reactivex.rxjava3.internal.operators.flowable.FlowableConcatMap$ConcatMapImmediate.innerNext(FlowableConcatMap.java:206)
	at io.reactivex.rxjava3.internal.operators.flowable.FlowableConcatMap$ConcatMapInner.onNext(FlowableConcatMap.java:563)
	at io.reactivex.rxjava3.internal.subscriptions.DeferredScalarSubscription.complete(DeferredScalarSubscription.java:133)
	at io.reactivex.rxjava3.internal.operators.single.SingleToFlowable$SingleToFlowableObserver.onSuccess(SingleToFlowable.java:63)
	at io.reactivex.rxjava3.internal.operators.single.SingleDoOnSuccess$DoOnSuccess.onSuccess(SingleDoOnSuccess.java:60)
	at io.reactivex.rxjava3.internal.operators.single.SingleFlatMap$SingleFlatMapCallback$FlatMapSingleObserver.onSuccess(SingleFlatMap.java:112)
	at io.reactivex.rxjava3.internal.operators.single.SingleMap$MapSingleObserver.onSuccess(SingleMap.java:65)
	at io.reactivex.rxjava3.internal.operators.maybe.MaybeToSingle$ToSingleMaybeSubscriber.onComplete(MaybeToSingle.java:96)
	at io.reactivex.rxjava3.internal.operators.maybe.MaybeMap$MapMaybeObserver.onComplete(MaybeMap.java:100)
	at io.reactivex.rxjava3.internal.disposables.EmptyDisposable.complete(EmptyDisposable.java:58)
	at io.reactivex.rxjava3.internal.operators.maybe.MaybeEmpty.subscribeActual(MaybeEmpty.java:29)
	at io.reactivex.rxjava3.core.Maybe.subscribe(Maybe.java:5375)
	at io.reactivex.rxjava3.internal.operators.maybe.MaybeMap.subscribeActual(MaybeMap.java:41)
	at io.reactivex.rxjava3.core.Maybe.subscribe(Maybe.java:5375)
	at io.reactivex.rxjava3.internal.operators.maybe.MaybeToSingle.subscribeActual(MaybeToSingle.java:46)
	at io.reactivex.rxjava3.core.Single.subscribe(Single.java:4855)
	at io.reactivex.rxjava3.internal.operators.single.SingleMap.subscribeActual(SingleMap.java:35)
	at io.reactivex.rxjava3.core.Single.subscribe(Single.java:4855)
	at io.reactivex.rxjava3.internal.operators.single.SingleFlatMap$SingleFlatMapCallback.onSuccess(SingleFlatMap.java:85)
	at io.reactivex.rxjava3.internal.operators.single.SingleJust.subscribeActual(SingleJust.java:30)
	at io.reactivex.rxjava3.core.Single.subscribe(Single.java:4855)
	at io.reactivex.rxjava3.internal.operators.single.SingleFlatMap.subscribeActual(SingleFlatMap.java:37)
	at io.reactivex.rxjava3.core.Single.subscribe(Single.java:4855)
	at io.reactivex.rxjava3.internal.operators.single.SingleDoOnSuccess.subscribeActual(SingleDoOnSuccess.java:35)
	at io.reactivex.rxjava3.core.Single.subscribe(Single.java:4855)
	at io.reactivex.rxjava3.internal.operators.single.SingleToFlowable.subscribeActual(SingleToFlowable.java:38)
	at io.reactivex.rxjava3.core.Flowable.subscribe(Flowable.java:15917)
	at io.reactivex.rxjava3.core.Flowable.subscribe(Flowable.java:15863)
	at io.reactivex.rxjava3.internal.operators.flowable.FlowableConcatMap$ConcatMapImmediate.drain(FlowableConcatMap.java:318)
	at io.reactivex.rxjava3.internal.operators.flowable.FlowableConcatMap$BaseConcatMapSubscriber.onNext(FlowableConcatMap.java:159)
	at io.reactivex.rxjava3.internal.operators.single.SingleFlatMapPublisher$SingleFlatMapPublisherObserver.onNext(SingleFlatMapPublisher.java:107)
	at io.reactivex.rxjava3.internal.util.HalfSerializer.onNext(HalfSerializer.java:46)
	at io.reactivex.rxjava3.internal.operators.flowable.FlowableConcatMap$ConcatMapImmediate.innerNext(FlowableConcatMap.java:206)
	at io.reactivex.rxjava3.internal.operators.flowable.FlowableConcatMap$ConcatMapInner.onNext(FlowableConcatMap.java:563)
	at io.reactivex.rxjava3.internal.subscriptions.DeferredScalarSubscription.complete(DeferredScalarSubscription.java:133)
	at io.reactivex.rxjava3.internal.operators.single.SingleToFlowable$SingleToFlowableObserver.onSuccess(SingleToFlowable.java:63)
	at io.reactivex.rxjava3.internal.operators.single.SingleJust.subscribeActual(SingleJust.java:30)
	at io.reactivex.rxjava3.core.Single.subscribe(Single.java:4855)
	at io.reactivex.rxjava3.internal.operators.single.SingleToFlowable.subscribeActual(SingleToFlowable.java:38)
	at io.reactivex.rxjava3.core.Flowable.subscribe(Flowable.java:15917)
	at io.reactivex.rxjava3.core.Flowable.subscribe(Flowable.java:15863)
	at io.reactivex.rxjava3.internal.operators.flowable.FlowableConcatMap$ConcatMapImmediate.drain(FlowableConcatMap.java:318)
	at io.reactivex.rxjava3.internal.operators.flowable.FlowableConcatMap$BaseConcatMapSubscriber.onNext(FlowableConcatMap.java:159)
	at io.reactivex.rxjava3.internal.operators.flowable.FlowableDoFinally$DoFinallySubscriber.onNext(FlowableDoFinally.java:85)
	at io.reactivex.rxjava3.internal.operators.flowable.FlowableDoOnEach$DoOnEachSubscriber.onNext(FlowableDoOnEach.java:92)
	at io.reactivex.rxjava3.internal.operators.flowable.FlowableDoOnEach$DoOnEachSubscriber.onNext(FlowableDoOnEach.java:92)
	at io.reactivex.rxjava3.internal.subscriptions.DeferredScalarSubscription.complete(DeferredScalarSubscription.java:133)
	at io.reactivex.rxjava3.internal.operators.flowable.FlowableFromFuture.subscribeActual(FlowableFromFuture.java:54)
	at io.reactivex.rxjava3.core.Flowable.subscribe(Flowable.java:15917)
	at io.reactivex.rxjava3.internal.operators.flowable.FlowableDoOnEach.subscribeActual(FlowableDoOnEach.java:50)
	at io.reactivex.rxjava3.core.Flowable.subscribe(Flowable.java:15917)
	at io.reactivex.rxjava3.internal.operators.flowable.FlowableDoOnEach.subscribeActual(FlowableDoOnEach.java:50)
	at io.reactivex.rxjava3.core.Flowable.subscribe(Flowable.java:15917)
	at io.reactivex.rxjava3.internal.operators.flowable.FlowableDoFinally.subscribeActual(FlowableDoFinally.java:47)
	at io.reactivex.rxjava3.core.Flowable.subscribe(Flowable.java:15917)
	at io.reactivex.rxjava3.core.Flowable.subscribe(Flowable.java:15863)
	at io.reactivex.rxjava3.internal.operators.flowable.FlowableDefer.subscribeActual(FlowableDefer.java:42)
	at io.reactivex.rxjava3.core.Flowable.subscribe(Flowable.java:15917)
	at io.reactivex.rxjava3.core.Flowable.subscribe(Flowable.java:15863)
	at io.reactivex.rxjava3.internal.operators.flowable.FlowableConcatMap.subscribeActual(FlowableConcatMap.java:66)
	at io.reactivex.rxjava3.core.Flowable.subscribe(Flowable.java:15917)
	at io.reactivex.rxjava3.core.Flowable.subscribe(Flowable.java:15863)
	at io.reactivex.rxjava3.internal.operators.single.SingleFlatMapPublisher$SingleFlatMapPublisherObserver.onSuccess(SingleFlatMapPublisher.java:96)
	at io.reactivex.rxjava3.internal.operators.single.SingleJust.subscribeActual(SingleJust.java:30)
	at io.reactivex.rxjava3.core.Single.subscribe(Single.java:4855)
	at io.reactivex.rxjava3.internal.operators.single.SingleFlatMapPublisher.subscribeActual(SingleFlatMapPublisher.java:59)
	at io.reactivex.rxjava3.core.Flowable.subscribe(Flowable.java:15917)
	at io.reactivex.rxjava3.core.Flowable.subscribe(Flowable.java:15863)
	at io.reactivex.rxjava3.internal.operators.flowable.FlowableConcatMap.subscribeActual(FlowableConcatMap.java:66)
	at io.reactivex.rxjava3.core.Flowable.subscribe(Flowable.java:15917)
	at io.reactivex.rxjava3.core.Flowable.subscribe(Flowable.java:15863)
	at io.reactivex.rxjava3.internal.operators.flowable.FlowableConcatMap.subscribeActual(FlowableConcatMap.java:66)
	at io.reactivex.rxjava3.core.Flowable.subscribe(Flowable.java:15917)
	at io.reactivex.rxjava3.core.Flowable.subscribe(Flowable.java:15863)
	at io.reactivex.rxjava3.internal.operators.flowable.FlowableConcatArray$ConcatArraySubscriber.onComplete(FlowableConcatArray.java:141)
	at io.reactivex.rxjava3.internal.operators.flowable.FlowableConcatArray.subscribeActual(FlowableConcatArray.java:41)
	at io.reactivex.rxjava3.core.Flowable.subscribe(Flowable.java:15917)
	at io.reactivex.rxjava3.core.Flowable.subscribe(Flowable.java:15863)
	at io.reactivex.rxjava3.internal.operators.single.SingleFlatMapPublisher$SingleFlatMapPublisherObserver.onSuccess(SingleFlatMapPublisher.java:96)
	at io.reactivex.rxjava3.internal.operators.single.SingleFlatMap$SingleFlatMapCallback$FlatMapSingleObserver.onSuccess(SingleFlatMap.java:112)
	at io.reactivex.rxjava3.internal.observers.ResumeSingleObserver.onSuccess(ResumeSingleObserver.java:46)
	at io.reactivex.rxjava3.internal.operators.single.SingleFromCallable.subscribeActual(SingleFromCallable.java:55)
	at io.reactivex.rxjava3.core.Single.subscribe(Single.java:4855)
	at io.reactivex.rxjava3.internal.operators.single.SingleDelayWithCompletable$OtherObserver.onComplete(SingleDelayWithCompletable.java:69)
	at io.reactivex.rxjava3.internal.util.AtomicThrowable.tryTerminateConsumer(AtomicThrowable.java:154)
	at io.reactivex.rxjava3.internal.operators.mixed.FlowableConcatMapCompletable$ConcatMapCompletableObserver.drain(FlowableConcatMapCompletable.java:166)
	at io.reactivex.rxjava3.internal.operators.mixed.ConcatMapXMainSubscriber.onSubscribe(ConcatMapXMainSubscriber.java:77)
	at io.reactivex.rxjava3.internal.operators.flowable.FlowableFromIterable.subscribe(FlowableFromIterable.java:69)
	at io.reactivex.rxjava3.internal.operators.flowable.FlowableFromIterable.subscribeActual(FlowableFromIterable.java:47)
	at io.reactivex.rxjava3.core.Flowable.subscribe(Flowable.java:15917)
	at io.reactivex.rxjava3.internal.operators.mixed.FlowableConcatMapCompletable.subscribeActual(FlowableConcatMapCompletable.java:56)
	at io.reactivex.rxjava3.core.Completable.subscribe(Completable.java:2859)
	at io.reactivex.rxjava3.internal.operators.single.SingleDelayWithCompletable.subscribeActual(SingleDelayWithCompletable.java:36)
	at io.reactivex.rxjava3.core.Single.subscribe(Single.java:4855)
	at io.reactivex.rxjava3.internal.operators.single.SingleFlatMap$SingleFlatMapCallback.onSuccess(SingleFlatMap.java:85)
	at io.reactivex.rxjava3.internal.operators.single.SingleMap$MapSingleObserver.onSuccess(SingleMap.java:65)
	at io.reactivex.rxjava3.internal.operators.single.SingleDoOnSuccess$DoOnSuccess.onSuccess(SingleDoOnSuccess.java:60)
	at io.reactivex.rxjava3.internal.operators.single.SingleFlatMap$SingleFlatMapCallback$FlatMapSingleObserver.onSuccess(SingleFlatMap.java:112)
	at io.reactivex.rxjava3.internal.operators.single.SingleJust.subscribeActual(SingleJust.java:30)
	at io.reactivex.rxjava3.core.Single.subscribe(Single.java:4855)
	at io.reactivex.rxjava3.internal.operators.single.SingleFlatMap$SingleFlatMapCallback.onSuccess(SingleFlatMap.java:85)
	at io.reactivex.rxjava3.internal.operators.single.SingleMap$MapSingleObserver.onSuccess(SingleMap.java:65)
	at io.reactivex.rxjava3.internal.operators.single.SingleDoOnSuccess$DoOnSuccess.onSuccess(SingleDoOnSuccess.java:60)
	at io.reactivex.rxjava3.internal.operators.single.SingleFlatMap$SingleFlatMapCallback$FlatMapSingleObserver.onSuccess(SingleFlatMap.java:112)
	at io.reactivex.rxjava3.internal.operators.single.SingleJust.subscribeActual(SingleJust.java:30)
	at io.reactivex.rxjava3.core.Single.subscribe(Single.java:4855)
	at io.reactivex.rxjava3.internal.operators.single.SingleFlatMap$SingleFlatMapCallback.onSuccess(SingleFlatMap.java:85)
	at io.reactivex.rxjava3.internal.operators.single.SingleMap$MapSingleObserver.onSuccess(SingleMap.java:65)
	at io.reactivex.rxjava3.internal.operators.single.SingleDoOnSuccess$DoOnSuccess.onSuccess(SingleDoOnSuccess.java:60)
	at io.reactivex.rxjava3.internal.operators.single.SingleFlatMap$SingleFlatMapCallback$FlatMapSingleObserver.onSuccess(SingleFlatMap.java:112)
	at io.reactivex.rxjava3.internal.operators.single.SingleJust.subscribeActual(SingleJust.java:30)
	at io.reactivex.rxjava3.core.Single.subscribe(Single.java:4855)
	at io.reactivex.rxjava3.internal.operators.single.SingleFlatMap$SingleFlatMapCallback.onSuccess(SingleFlatMap.java:85)
	at io.reactivex.rxjava3.internal.operators.single.SingleMap$MapSingleObserver.onSuccess(SingleMap.java:65)
	at io.reactivex.rxjava3.internal.operators.single.SingleDoOnSuccess$DoOnSuccess.onSuccess(SingleDoOnSuccess.java:60)
	at io.reactivex.rxjava3.internal.operators.single.SingleFlatMap$SingleFlatMapCallback$FlatMapSingleObserver.onSuccess(SingleFlatMap.java:112)
	at io.reactivex.rxjava3.internal.operators.single.SingleJust.subscribeActual(SingleJust.java:30)
	at io.reactivex.rxjava3.core.Single.subscribe(Single.java:4855)
	at io.reactivex.rxjava3.internal.operators.single.SingleFlatMap$SingleFlatMapCallback.onSuccess(SingleFlatMap.java:85)
	at io.reactivex.rxjava3.internal.operators.single.SingleMap$MapSingleObserver.onSuccess(SingleMap.java:65)
	at io.reactivex.rxjava3.internal.operators.single.SingleDoOnSuccess$DoOnSuccess.onSuccess(SingleDoOnSuccess.java:60)
	at io.reactivex.rxjava3.internal.operators.single.SingleFlatMap$SingleFlatMapCallback$FlatMapSingleObserver.onSuccess(SingleFlatMap.java:112)
	at io.reactivex.rxjava3.internal.operators.single.SingleMap$MapSingleObserver.onSuccess(SingleMap.java:65)
	at io.reactivex.rxjava3.internal.operators.single.SingleFlatMap$SingleFlatMapCallback$FlatMapSingleObserver.onSuccess(SingleFlatMap.java:112)
	at io.reactivex.rxjava3.internal.operators.single.SingleFlatMap$SingleFlatMapCallback$FlatMapSingleObserver.onSuccess(SingleFlatMap.java:112)
	at io.reactivex.rxjava3.internal.operators.single.SingleMap$MapSingleObserver.onSuccess(SingleMap.java:65)
	at io.reactivex.rxjava3.internal.operators.single.SingleZipArray$ZipCoordinator.innerSuccess(SingleZipArray.java:126)
	at io.reactivex.rxjava3.internal.operators.single.SingleZipArray$ZipSingleObserver.onSuccess(SingleZipArray.java:178)
	at io.reactivex.rxjava3.internal.operators.single.SingleJust.subscribeActual(SingleJust.java:30)
	at io.reactivex.rxjava3.core.Single.subscribe(Single.java:4855)
	at io.reactivex.rxjava3.internal.operators.single.SingleZipIterable.subscribeActual(SingleZipIterable.java:77)
	at io.reactivex.rxjava3.core.Single.subscribe(Single.java:4855)
	at io.reactivex.rxjava3.internal.operators.single.SingleMap.subscribeActual(SingleMap.java:35)
	at io.reactivex.rxjava3.core.Single.subscribe(Single.java:4855)
	at io.reactivex.rxjava3.internal.operators.single.SingleFlatMap$SingleFlatMapCallback.onSuccess(SingleFlatMap.java:85)
	at io.reactivex.rxjava3.internal.operators.single.SingleJust.subscribeActual(SingleJust.java:30)
	at io.reactivex.rxjava3.core.Single.subscribe(Single.java:4855)
	at io.reactivex.rxjava3.internal.operators.single.SingleFlatMap.subscribeActual(SingleFlatMap.java:37)
	at io.reactivex.rxjava3.core.Single.subscribe(Single.java:4855)
	at io.reactivex.rxjava3.internal.operators.single.SingleFlatMap$SingleFlatMapCallback.onSuccess(SingleFlatMap.java:85)
	at io.reactivex.rxjava3.internal.operators.single.SingleJust.subscribeActual(SingleJust.java:30)
	at io.reactivex.rxjava3.core.Single.subscribe(Single.java:4855)
	at io.reactivex.rxjava3.internal.operators.single.SingleFlatMap.subscribeActual(SingleFlatMap.java:37)
	at io.reactivex.rxjava3.core.Single.subscribe(Single.java:4855)
	at io.reactivex.rxjava3.internal.operators.single.SingleMap.subscribeActual(SingleMap.java:35)
	at io.reactivex.rxjava3.core.Single.subscribe(Single.java:4855)
	at io.reactivex.rxjava3.internal.operators.single.SingleFlatMap$SingleFlatMapCallback.onSuccess(SingleFlatMap.java:85)
	at io.reactivex.rxjava3.internal.operators.single.SingleMap$MapSingleObserver.onSuccess(SingleMap.java:65)
	at io.reactivex.rxjava3.internal.operators.single.SingleDoOnSuccess$DoOnSuccess.onSuccess(SingleDoOnSuccess.java:60)
	at io.reactivex.rxjava3.internal.operators.single.SingleFlatMap$SingleFlatMapCallback$FlatMapSingleObserver.onSuccess(SingleFlatMap.java:112)
	at io.reactivex.rxjava3.internal.operators.single.SingleJust.subscribeActual(SingleJust.java:30)
	at io.reactivex.rxjava3.core.Single.subscribe(Single.java:4855)
	at io.reactivex.rxjava3.internal.operators.single.SingleFlatMap$SingleFlatMapCallback.onSuccess(SingleFlatMap.java:85)
	at io.reactivex.rxjava3.internal.operators.single.SingleJust.subscribeActual(SingleJust.java:30)
	at io.reactivex.rxjava3.core.Single.subscribe(Single.java:4855)
	at io.reactivex.rxjava3.internal.operators.single.SingleFlatMap.subscribeActual(SingleFlatMap.java:37)
	at io.reactivex.rxjava3.core.Single.subscribe(Single.java:4855)
	at io.reactivex.rxjava3.internal.operators.single.SingleDoOnSuccess.subscribeActual(SingleDoOnSuccess.java:35)
	at io.reactivex.rxjava3.core.Single.subscribe(Single.java:4855)
	at io.reactivex.rxjava3.internal.operators.single.SingleMap.subscribeActual(SingleMap.java:35)
	at io.reactivex.rxjava3.core.Single.subscribe(Single.java:4855)
	at io.reactivex.rxjava3.internal.operators.single.SingleFlatMap.subscribeActual(SingleFlatMap.java:37)
	at io.reactivex.rxjava3.core.Single.subscribe(Single.java:4855)
	at io.reactivex.rxjava3.internal.operators.single.SingleDoOnSuccess.subscribeActual(SingleDoOnSuccess.java:35)
	at io.reactivex.rxjava3.core.Single.subscribe(Single.java:4855)
	at io.reactivex.rxjava3.internal.operators.single.SingleMap.subscribeActual(SingleMap.java:35)
	at io.reactivex.rxjava3.core.Single.subscribe(Single.java:4855)
	at io.reactivex.rxjava3.internal.operators.single.SingleFlatMap.subscribeActual(SingleFlatMap.java:37)
	at io.reactivex.rxjava3.core.Single.subscribe(Single.java:4855)
	at io.reactivex.rxjava3.internal.operators.single.SingleDoOnSuccess.subscribeActual(SingleDoOnSuccess.java:35)
	at io.reactivex.rxjava3.core.Single.subscribe(Single.java:4855)
	at io.reactivex.rxjava3.internal.operators.single.SingleMap.subscribeActual(SingleMap.java:35)
	at io.reactivex.rxjava3.core.Single.subscribe(Single.java:4855)
	at io.reactivex.rxjava3.internal.operators.single.SingleFlatMap.subscribeActual(SingleFlatMap.java:37)
	at io.reactivex.rxjava3.core.Single.subscribe(Single.java:4855)
	at io.reactivex.rxjava3.internal.operators.single.SingleDoOnSuccess.subscribeActual(SingleDoOnSuccess.java:35)
	at io.reactivex.rxjava3.core.Single.subscribe(Single.java:4855)
	at io.reactivex.rxjava3.internal.operators.single.SingleMap.subscribeActual(SingleMap.java:35)
	at io.reactivex.rxjava3.core.Single.subscribe(Single.java:4855)
	at io.reactivex.rxjava3.internal.operators.single.SingleFlatMap.subscribeActual(SingleFlatMap.java:37)
	at io.reactivex.rxjava3.core.Single.subscribe(Single.java:4855)
	at io.reactivex.rxjava3.internal.operators.single.SingleDoOnSuccess.subscribeActual(SingleDoOnSuccess.java:35)
	at io.reactivex.rxjava3.core.Single.subscribe(Single.java:4855)
	at io.reactivex.rxjava3.internal.operators.single.SingleMap.subscribeActual(SingleMap.java:35)
	at io.reactivex.rxjava3.core.Single.subscribe(Single.java:4855)
	at io.reactivex.rxjava3.internal.operators.single.SingleFlatMap.subscribeActual(SingleFlatMap.java:37)
	at io.reactivex.rxjava3.core.Single.subscribe(Single.java:4855)
	at io.reactivex.rxjava3.internal.operators.single.SingleDoOnSuccess.subscribeActual(SingleDoOnSuccess.java:35)
	at io.reactivex.rxjava3.core.Single.subscribe(Single.java:4855)
	at io.reactivex.rxjava3.internal.operators.single.SingleMap.subscribeActual(SingleMap.java:35)
	at io.reactivex.rxjava3.core.Single.subscribe(Single.java:4855)
	at io.reactivex.rxjava3.internal.operators.single.SingleFlatMap.subscribeActual(SingleFlatMap.java:37)
	at io.reactivex.rxjava3.core.Single.subscribe(Single.java:4855)
	at io.reactivex.rxjava3.internal.operators.single.SingleFlatMapPublisher.subscribeActual(SingleFlatMapPublisher.java:59)
	at io.reactivex.rxjava3.core.Flowable.subscribe(Flowable.java:15917)
	at io.reactivex.rxjava3.internal.operators.flowable.FlowableCache.subscribeActual(FlowableCache.java:115)
	at io.reactivex.rxjava3.core.Flowable.subscribe(Flowable.java:15917)
	at io.reactivex.rxjava3.core.Flowable.subscribe(Flowable.java:15863)
	at io.reactivex.rxjava3.internal.operators.flowable.FlowableConcatArray$ConcatArraySubscriber.onComplete(FlowableConcatArray.java:141)
	at io.reactivex.rxjava3.internal.operators.flowable.FlowableConcatArray.subscribeActual(FlowableConcatArray.java:41)
	at io.reactivex.rxjava3.core.Flowable.subscribe(Flowable.java:15917)
	at io.reactivex.rxjava3.core.Flowable.subscribe(Flowable.java:15863)
	at io.reactivex.rxjava3.internal.operators.flowable.FlowableDefer.subscribeActual(FlowableDefer.java:42)
	at io.reactivex.rxjava3.core.Flowable.subscribe(Flowable.java:15917)
	at io.reactivex.rxjava3.core.Flowable.subscribe(Flowable.java:15863)
	at io.reactivex.rxjava3.internal.operators.single.SingleFlatMapPublisher$SingleFlatMapPublisherObserver.onSuccess(SingleFlatMapPublisher.java:96)
	at io.reactivex.rxjava3.internal.operators.flowable.FlowableToListSingle$ToListSubscriber.onComplete(FlowableToListSingle.java:102)
	at io.reactivex.rxjava3.internal.operators.flowable.FlowableCache.replay(FlowableCache.java:245)
	at io.reactivex.rxjava3.internal.operators.flowable.FlowableCache$CacheSubscription.request(FlowableCache.java:383)
	at io.reactivex.rxjava3.internal.operators.flowable.FlowableToListSingle$ToListSubscriber.onSubscribe(FlowableToListSingle.java:83)
	at io.reactivex.rxjava3.internal.operators.flowable.FlowableCache.subscribeActual(FlowableCache.java:111)
	at io.reactivex.rxjava3.core.Flowable.subscribe(Flowable.java:15917)
	at io.reactivex.rxjava3.internal.operators.flowable.FlowableToListSingle.subscribeActual(FlowableToListSingle.java:56)
	at io.reactivex.rxjava3.core.Single.subscribe(Single.java:4855)
	at io.reactivex.rxjava3.internal.operators.single.SingleFlatMapPublisher.subscribeActual(SingleFlatMapPublisher.java:59)
	at io.reactivex.rxjava3.core.Flowable.subscribe(Flowable.java:15917)
	at io.reactivex.rxjava3.core.Flowable.subscribe(Flowable.java:15863)
	at io.reactivex.rxjava3.internal.operators.flowable.FlowableConcatArray$ConcatArraySubscriber.onComplete(FlowableConcatArray.java:141)
	at io.reactivex.rxjava3.internal.operators.flowable.FlowableConcatArray.subscribeActual(FlowableConcatArray.java:41)
	at io.reactivex.rxjava3.core.Flowable.subscribe(Flowable.java:15917)
	at io.reactivex.rxjava3.internal.operators.flowable.FlowableDoOnEach.subscribeActual(FlowableDoOnEach.java:50)
	at io.reactivex.rxjava3.core.Flowable.subscribe(Flowable.java:15917)
	at io.reactivex.rxjava3.core.Flowable.subscribe(Flowable.java:15863)
	at io.reactivex.rxjava3.internal.operators.flowable.FlowableDefer.subscribeActual(FlowableDefer.java:42)
	at io.reactivex.rxjava3.core.Flowable.subscribe(Flowable.java:15917)
	at io.reactivex.rxjava3.core.Flowable.subscribe(Flowable.java:15863)
	at io.reactivex.rxjava3.internal.operators.flowable.FlowableConcatArray$ConcatArraySubscriber.onComplete(FlowableConcatArray.java:141)
	at io.reactivex.rxjava3.internal.operators.flowable.FlowableConcatArray.subscribeActual(FlowableConcatArray.java:41)
	at io.reactivex.rxjava3.core.Flowable.subscribe(Flowable.java:15917)
	at io.reactivex.rxjava3.core.Flowable.subscribe(Flowable.java:15863)
	at io.reactivex.rxjava3.internal.operators.single.SingleFlatMapPublisher$SingleFlatMapPublisherObserver.onSuccess(SingleFlatMapPublisher.java:96)
	at io.reactivex.rxjava3.internal.operators.single.SingleJust.subscribeActual(SingleJust.java:30)
	at io.reactivex.rxjava3.core.Single.subscribe(Single.java:4855)
	at io.reactivex.rxjava3.internal.operators.single.SingleFlatMapPublisher.subscribeActual(SingleFlatMapPublisher.java:59)
	at io.reactivex.rxjava3.core.Flowable.subscribe(Flowable.java:15917)
	at io.reactivex.rxjava3.internal.operators.flowable.FlowableDoFinally.subscribeActual(FlowableDoFinally.java:47)
	at io.reactivex.rxjava3.core.Flowable.subscribe(Flowable.java:15917)
	at io.reactivex.rxjava3.core.Flowable.subscribe(Flowable.java:15863)
	at io.reactivex.rxjava3.internal.operators.flowable.FlowableDefer.subscribeActual(FlowableDefer.java:42)
	at io.reactivex.rxjava3.core.Flowable.subscribe(Flowable.java:15917)
	at io.reactivex.rxjava3.core.Flowable.subscribe(Flowable.java:15863)
	at io.reactivex.rxjava3.internal.operators.flowable.FlowableDefer.subscribeActual(FlowableDefer.java:42)
	at io.reactivex.rxjava3.core.Flowable.subscribe(Flowable.java:15917)
	at io.reactivex.rxjava3.core.Flowable.subscribe(Flowable.java:15863)
	at io.reactivex.rxjava3.internal.operators.flowable.FlowableConcatArray$ConcatArraySubscriber.onComplete(FlowableConcatArray.java:141)
	at io.reactivex.rxjava3.internal.operators.flowable.FlowableConcatArray.subscribeActual(FlowableConcatArray.java:41)
	at io.reactivex.rxjava3.core.Flowable.subscribe(Flowable.java:15917)
	at io.reactivex.rxjava3.core.Flowable.subscribe(Flowable.java:15863)
	at io.reactivex.rxjava3.internal.operators.flowable.FlowableConcatMap$ConcatMapImmediate.drain(FlowableConcatMap.java:318)
	at io.reactivex.rxjava3.internal.operators.flowable.FlowableConcatMap$BaseConcatMapSubscriber.onNext(FlowableConcatMap.java:159)
	at io.reactivex.rxjava3.internal.util.HalfSerializer.onNext(HalfSerializer.java:46)
	at io.reactivex.rxjava3.internal.operators.flowable.FlowableConcatMap$ConcatMapImmediate.innerNext(FlowableConcatMap.java:206)
	at io.reactivex.rxjava3.internal.operators.flowable.FlowableConcatMap$ConcatMapInner.onNext(FlowableConcatMap.java:563)
	at io.reactivex.rxjava3.internal.subscriptions.DeferredScalarSubscription.complete(DeferredScalarSubscription.java:133)
	at io.reactivex.rxjava3.internal.operators.single.SingleToFlowable$SingleToFlowableObserver.onSuccess(SingleToFlowable.java:63)
	at io.reactivex.rxjava3.internal.operators.single.SingleDoOnSuccess$DoOnSuccess.onSuccess(SingleDoOnSuccess.java:60)
	at io.reactivex.rxjava3.internal.operators.single.SingleFlatMap$SingleFlatMapCallback$FlatMapSingleObserver.onSuccess(SingleFlatMap.java:112)
	at io.reactivex.rxjava3.internal.operators.single.SingleMap$MapSingleObserver.onSuccess(SingleMap.java:65)
	at io.reactivex.rxjava3.internal.operators.maybe.MaybeToSingle$ToSingleMaybeSubscriber.onSuccess(MaybeToSingle.java:83)
	at io.reactivex.rxjava3.internal.operators.maybe.MaybeMap$MapMaybeObserver.onSuccess(MaybeMap.java:90)
	at io.reactivex.rxjava3.internal.operators.single.SingleFlatMapMaybe$FlatMapMaybeObserver.onSuccess(SingleFlatMapMaybe.java:114)
	at io.reactivex.rxjava3.internal.operators.maybe.MaybeJust.subscribeActual(MaybeJust.java:36)
	at io.reactivex.rxjava3.core.Maybe.subscribe(Maybe.java:5375)
	at io.reactivex.rxjava3.internal.operators.single.SingleFlatMapMaybe$FlatMapSingleObserver.onSuccess(SingleFlatMapMaybe.java:86)
	at io.reactivex.rxjava3.internal.operators.flowable.FlowableToListSingle$ToListSubscriber.onComplete(FlowableToListSingle.java:102)
	at io.reactivex.rxjava3.internal.util.AtomicThrowable.tryTerminateConsumer(AtomicThrowable.java:92)
	at io.reactivex.rxjava3.internal.operators.flowable.FlowableFlatMapMaybe$FlatMapMaybeSubscriber.drainLoop(FlowableFlatMapMaybe.java:311)
	at io.reactivex.rxjava3.internal.operators.flowable.FlowableFlatMapMaybe$FlatMapMaybeSubscriber.drain(FlowableFlatMapMaybe.java:269)
	at io.reactivex.rxjava3.internal.operators.flowable.FlowableFlatMapMaybe$FlatMapMaybeSubscriber.onComplete(FlowableFlatMapMaybe.java:149)
	at io.reactivex.rxjava3.internal.operators.flowable.FlowableFromIterable$IteratorSubscription.fastPath(FlowableFromIterable.java:204)
	at io.reactivex.rxjava3.internal.operators.flowable.FlowableFromIterable$BaseRangeSubscription.request(FlowableFromIterable.java:129)
	at io.reactivex.rxjava3.internal.operators.flowable.FlowableFlatMapMaybe$FlatMapMaybeSubscriber.onSubscribe(FlowableFlatMapMaybe.java:106)
	at io.reactivex.rxjava3.internal.operators.flowable.FlowableFromIterable.subscribe(FlowableFromIterable.java:69)
	at io.reactivex.rxjava3.internal.operators.flowable.FlowableFromIterable.subscribeActual(FlowableFromIterable.java:47)
	at io.reactivex.rxjava3.core.Flowable.subscribe(Flowable.java:15917)
	at io.reactivex.rxjava3.internal.operators.flowable.FlowableFlatMapMaybe.subscribeActual(FlowableFlatMapMaybe.java:53)
	at io.reactivex.rxjava3.core.Flowable.subscribe(Flowable.java:15917)
	at io.reactivex.rxjava3.internal.operators.flowable.FlowableToListSingle.subscribeActual(FlowableToListSingle.java:56)
	at io.reactivex.rxjava3.core.Single.subscribe(Single.java:4855)
	at io.reactivex.rxjava3.internal.operators.single.SingleFlatMapMaybe.subscribeActual(SingleFlatMapMaybe.java:38)
	at io.reactivex.rxjava3.core.Maybe.subscribe(Maybe.java:5375)
	at io.reactivex.rxjava3.internal.operators.maybe.MaybeMap.subscribeActual(MaybeMap.java:41)
	at io.reactivex.rxjava3.core.Maybe.subscribe(Maybe.java:5375)
	at io.reactivex.rxjava3.internal.operators.maybe.MaybeToSingle.subscribeActual(MaybeToSingle.java:46)
	at io.reactivex.rxjava3.core.Single.subscribe(Single.java:4855)
	at io.reactivex.rxjava3.internal.operators.single.SingleMap.subscribeActual(SingleMap.java:35)
	at io.reactivex.rxjava3.core.Single.subscribe(Single.java:4855)
	at io.reactivex.rxjava3.internal.operators.single.SingleFlatMap$SingleFlatMapCallback.onSuccess(SingleFlatMap.java:85)
	at io.reactivex.rxjava3.internal.operators.single.SingleJust.subscribeActual(SingleJust.java:30)
	at io.reactivex.rxjava3.core.Single.subscribe(Single.java:4855)
	at io.reactivex.rxjava3.internal.operators.single.SingleFlatMap.subscribeActual(SingleFlatMap.java:37)
	at io.reactivex.rxjava3.core.Single.subscribe(Single.java:4855)
	at io.reactivex.rxjava3.internal.operators.single.SingleDoOnSuccess.subscribeActual(SingleDoOnSuccess.java:35)
	at io.reactivex.rxjava3.core.Single.subscribe(Single.java:4855)
	at io.reactivex.rxjava3.internal.operators.single.SingleToFlowable.subscribeActual(SingleToFlowable.java:38)
	at io.reactivex.rxjava3.core.Flowable.subscribe(Flowable.java:15917)
	at io.reactivex.rxjava3.core.Flowable.subscribe(Flowable.java:15863)
	at io.reactivex.rxjava3.internal.operators.flowable.FlowableConcatMap$ConcatMapImmediate.drain(FlowableConcatMap.java:318)
	at io.reactivex.rxjava3.internal.operators.flowable.FlowableConcatMap$BaseConcatMapSubscriber.onNext(FlowableConcatMap.java:159)
	at io.reactivex.rxjava3.internal.operators.single.SingleFlatMapPublisher$SingleFlatMapPublisherObserver.onNext(SingleFlatMapPublisher.java:107)
	at io.reactivex.rxjava3.internal.util.HalfSerializer.onNext(HalfSerializer.java:46)
	at io.reactivex.rxjava3.internal.operators.flowable.FlowableConcatMap$ConcatMapImmediate.innerNext(FlowableConcatMap.java:206)
	at io.reactivex.rxjava3.internal.operators.flowable.FlowableConcatMap$ConcatMapInner.onNext(FlowableConcatMap.java:563)
	at io.reactivex.rxjava3.internal.subscriptions.DeferredScalarSubscription.complete(DeferredScalarSubscription.java:133)
	at io.reactivex.rxjava3.internal.operators.single.SingleToFlowable$SingleToFlowableObserver.onSuccess(SingleToFlowable.java:63)
	at io.reactivex.rxjava3.internal.operators.single.SingleJust.subscribeActual(SingleJust.java:30)
	at io.reactivex.rxjava3.core.Single.subscribe(Single.java:4855)
	at io.reactivex.rxjava3.internal.operators.single.SingleToFlowable.subscribeActual(SingleToFlowable.java:38)
	at io.reactivex.rxjava3.core.Flowable.subscribe(Flowable.java:15917)
	at io.reactivex.rxjava3.core.Flowable.subscribe(Flowable.java:15863)
	at io.reactivex.rxjava3.internal.operators.flowable.FlowableConcatMap$ConcatMapImmediate.drain(FlowableConcatMap.java:318)
	at io.reactivex.rxjava3.internal.operators.flowable.FlowableConcatMap$BaseConcatMapSubscriber.onNext(FlowableConcatMap.java:159)
	at io.reactivex.rxjava3.internal.operators.flowable.FlowableDoFinally$DoFinallySubscriber.onNext(FlowableDoFinally.java:85)
	at io.reactivex.rxjava3.internal.operators.flowable.FlowableDoOnEach$DoOnEachSubscriber.onNext(FlowableDoOnEach.java:92)
	at io.reactivex.rxjava3.internal.operators.flowable.FlowableDoOnEach$DoOnEachSubscriber.onNext(FlowableDoOnEach.java:92)
	at io.reactivex.rxjava3.internal.subscriptions.DeferredScalarSubscription.complete(DeferredScalarSubscription.java:133)
	at io.reactivex.rxjava3.internal.operators.flowable.FlowableFromFuture.subscribeActual(FlowableFromFuture.java:54)
	at io.reactivex.rxjava3.core.Flowable.subscribe(Flowable.java:15917)
	at io.reactivex.rxjava3.internal.operators.flowable.FlowableDoOnEach.subscribeActual(FlowableDoOnEach.java:50)
	at io.reactivex.rxjava3.core.Flowable.subscribe(Flowable.java:15917)
	at io.reactivex.rxjava3.internal.operators.flowable.FlowableDoOnEach.subscribeActual(FlowableDoOnEach.java:50)
	at io.reactivex.rxjava3.core.Flowable.subscribe(Flowable.java:15917)
	at io.reactivex.rxjava3.internal.operators.flowable.FlowableDoFinally.subscribeActual(FlowableDoFinally.java:47)
	at io.reactivex.rxjava3.core.Flowable.subscribe(Flowable.java:15917)
	at io.reactivex.rxjava3.core.Flowable.subscribe(Flowable.java:15863)
	at io.reactivex.rxjava3.internal.operators.flowable.FlowableDefer.subscribeActual(FlowableDefer.java:42)
	at io.reactivex.rxjava3.core.Flowable.subscribe(Flowable.java:15917)
	at io.reactivex.rxjava3.core.Flowable.subscribe(Flowable.java:15863)
	at io.reactivex.rxjava3.internal.operators.flowable.FlowableConcatMap.subscribeActual(FlowableConcatMap.java:66)
	at io.reactivex.rxjava3.core.Flowable.subscribe(Flowable.java:15917)
	at io.reactivex.rxjava3.core.Flowable.subscribe(Flowable.java:15863)
	at io.reactivex.rxjava3.internal.operators.single.SingleFlatMapPublisher$SingleFlatMapPublisherObserver.onSuccess(SingleFlatMapPublisher.java:96)
	at io.reactivex.rxjava3.internal.operators.single.SingleJust.subscribeActual(SingleJust.java:30)
	at io.reactivex.rxjava3.core.Single.subscribe(Single.java:4855)
	at io.reactivex.rxjava3.internal.operators.single.SingleFlatMapPublisher.subscribeActual(SingleFlatMapPublisher.java:59)
	at io.reactivex.rxjava3.core.Flowable.subscribe(Flowable.java:15917)
	at io.reactivex.rxjava3.core.Flowable.subscribe(Flowable.java:15863)
	at io.reactivex.rxjava3.internal.operators.flowable.FlowableConcatMap.subscribeActual(FlowableConcatMap.java:66)
	at io.reactivex.rxjava3.core.Flowable.subscribe(Flowable.java:15917)
	at io.reactivex.rxjava3.core.Flowable.subscribe(Flowable.java:15863)
	at io.reactivex.rxjava3.internal.operators.flowable.FlowableConcatMap.subscribeActual(FlowableConcatMap.java:66)
	at io.reactivex.rxjava3.core.Flowable.subscribe(Flowable.java:15917)
	at io.reactivex.rxjava3.core.Flowable.subscribe(Flowable.java:15863)
	at io.reactivex.rxjava3.internal.operators.flowable.FlowableConcatArray$ConcatArraySubscriber.onComplete(FlowableConcatArray.java:141)
	at io.reactivex.rxjava3.internal.operators.flowable.FlowableConcatArray.subscribeActual(FlowableConcatArray.java:41)
	at io.reactivex.rxjava3.core.Flowable.subscribe(Flowable.java:15917)
	at io.reactivex.rxjava3.core.Flowable.subscribe(Flowable.java:15863)
	at io.reactivex.rxjava3.internal.operators.single.SingleFlatMapPublisher$SingleFlatMapPublisherObserver.onSuccess(SingleFlatMapPublisher.java:96)
	at io.reactivex.rxjava3.internal.operators.single.SingleFlatMap$SingleFlatMapCallback$FlatMapSingleObserver.onSuccess(SingleFlatMap.java:112)
	at io.reactivex.rxjava3.internal.observers.ResumeSingleObserver.onSuccess(ResumeSingleObserver.java:46)
	at io.reactivex.rxjava3.internal.operators.single.SingleFromCallable.subscribeActual(SingleFromCallable.java:55)
	at io.reactivex.rxjava3.core.Single.subscribe(Single.java:4855)
	at io.reactivex.rxjava3.internal.operators.single.SingleDelayWithCompletable$OtherObserver.onComplete(SingleDelayWithCompletable.java:69)
	at io.reactivex.rxjava3.internal.util.AtomicThrowable.tryTerminateConsumer(AtomicThrowable.java:154)
	at io.reactivex.rxjava3.internal.operators.mixed.FlowableConcatMapCompletable$ConcatMapCompletableObserver.drain(FlowableConcatMapCompletable.java:166)
	at io.reactivex.rxjava3.internal.operators.mixed.ConcatMapXMainSubscriber.onComplete(ConcatMapXMainSubscriber.java:123)
	at io.reactivex.rxjava3.internal.subscriptions.EmptySubscription.complete(EmptySubscription.java:69)
	at io.reactivex.rxjava3.internal.operators.flowable.FlowableFromIterable.subscribe(FlowableFromIterable.java:61)
	at io.reactivex.rxjava3.internal.operators.flowable.FlowableFromIterable.subscribeActual(FlowableFromIterable.java:47)
	at io.reactivex.rxjava3.core.Flowable.subscribe(Flowable.java:15917)
	at io.reactivex.rxjava3.internal.operators.mixed.FlowableConcatMapCompletable.subscribeActual(FlowableConcatMapCompletable.java:56)
	at io.reactivex.rxjava3.core.Completable.subscribe(Completable.java:2859)
	at io.reactivex.rxjava3.internal.operators.single.SingleDelayWithCompletable.subscribeActual(SingleDelayWithCompletable.java:36)
	at io.reactivex.rxjava3.core.Single.subscribe(Single.java:4855)
	at io.reactivex.rxjava3.internal.operators.single.SingleFlatMap$SingleFlatMapCallback.onSuccess(SingleFlatMap.java:85)
	at io.reactivex.rxjava3.internal.operators.single.SingleMap$MapSingleObserver.onSuccess(SingleMap.java:65)
	at io.reactivex.rxjava3.internal.operators.single.SingleDoOnSuccess$DoOnSuccess.onSuccess(SingleDoOnSuccess.java:60)
	at io.reactivex.rxjava3.internal.operators.single.SingleFlatMap$SingleFlatMapCallback$FlatMapSingleObserver.onSuccess(SingleFlatMap.java:112)
	at io.reactivex.rxjava3.internal.operators.single.SingleJust.subscribeActual(SingleJust.java:30)
	at io.reactivex.rxjava3.core.Single.subscribe(Single.java:4855)
	at io.reactivex.rxjava3.internal.operators.single.SingleFlatMap$SingleFlatMapCallback.onSuccess(SingleFlatMap.java:85)
	at io.reactivex.rxjava3.internal.operators.single.SingleMap$MapSingleObserver.onSuccess(SingleMap.java:65)
	at io.reactivex.rxjava3.internal.operators.single.SingleDoOnSuccess$DoOnSuccess.onSuccess(SingleDoOnSuccess.java:60)
	at io.reactivex.rxjava3.internal.operators.single.SingleFlatMap$SingleFlatMapCallback$FlatMapSingleObserver.onSuccess(SingleFlatMap.java:112)
	at io.reactivex.rxjava3.internal.operators.single.SingleJust.subscribeActual(SingleJust.java:30)
	at io.reactivex.rxjava3.core.Single.subscribe(Single.java:4855)
	at io.reactivex.rxjava3.internal.operators.single.SingleFlatMap$SingleFlatMapCallback.onSuccess(SingleFlatMap.java:85)
	at io.reactivex.rxjava3.internal.operators.single.SingleMap$MapSingleObserver.onSuccess(SingleMap.java:65)
	at io.reactivex.rxjava3.internal.operators.single.SingleDoOnSuccess$DoOnSuccess.onSuccess(SingleDoOnSuccess.java:60)
	at io.reactivex.rxjava3.internal.operators.single.SingleFlatMap$SingleFlatMapCallback$FlatMapSingleObserver.onSuccess(SingleFlatMap.java:112)
	at io.reactivex.rxjava3.internal.operators.single.SingleJust.subscribeActual(SingleJust.java:30)
	at io.reactivex.rxjava3.core.Single.subscribe(Single.java:4855)
	at io.reactivex.rxjava3.internal.operators.single.SingleFlatMap$SingleFlatMapCallback.onSuccess(SingleFlatMap.java:85)
	at io.reactivex.rxjava3.internal.operators.single.SingleMap$MapSingleObserver.onSuccess(SingleMap.java:65)
	at io.reactivex.rxjava3.internal.operators.single.SingleDoOnSuccess$DoOnSuccess.onSuccess(SingleDoOnSuccess.java:60)
	at io.reactivex.rxjava3.internal.operators.single.SingleFlatMap$SingleFlatMapCallback$FlatMapSingleObserver.onSuccess(SingleFlatMap.java:112)
	at io.reactivex.rxjava3.internal.operators.single.SingleJust.subscribeActual(SingleJust.java:30)
	at io.reactivex.rxjava3.core.Single.subscribe(Single.java:4855)
	at io.reactivex.rxjava3.internal.operators.single.SingleFlatMap$SingleFlatMapCallback.onSuccess(SingleFlatMap.java:85)
	at io.reactivex.rxjava3.internal.operators.single.SingleMap$MapSingleObserver.onSuccess(SingleMap.java:65)
	at io.reactivex.rxjava3.internal.operators.single.SingleDoOnSuccess$DoOnSuccess.onSuccess(SingleDoOnSuccess.java:60)
	at io.reactivex.rxjava3.internal.operators.single.SingleFlatMap$SingleFlatMapCallback$FlatMapSingleObserver.onSuccess(SingleFlatMap.java:112)
	at io.reactivex.rxjava3.internal.operators.single.SingleMap$MapSingleObserver.onSuccess(SingleMap.java:65)
	at io.reactivex.rxjava3.internal.operators.single.SingleFlatMap$SingleFlatMapCallback$FlatMapSingleObserver.onSuccess(SingleFlatMap.java:112)
	at io.reactivex.rxjava3.internal.operators.single.SingleFlatMap$SingleFlatMapCallback$FlatMapSingleObserver.onSuccess(SingleFlatMap.java:112)
	at io.reactivex.rxjava3.internal.operators.single.SingleMap$MapSingleObserver.onSuccess(SingleMap.java:65)
	at io.reactivex.rxjava3.internal.operators.single.SingleZipArray$ZipCoordinator.innerSuccess(SingleZipArray.java:126)
	at io.reactivex.rxjava3.internal.operators.single.SingleZipArray$ZipSingleObserver.onSuccess(SingleZipArray.java:178)
	at io.reactivex.rxjava3.internal.operators.single.SingleJust.subscribeActual(SingleJust.java:30)
	at io.reactivex.rxjava3.core.Single.subscribe(Single.java:4855)
	at io.reactivex.rxjava3.internal.operators.single.SingleZipIterable.subscribeActual(SingleZipIterable.java:77)
	at io.reactivex.rxjava3.core.Single.subscribe(Single.java:4855)
	at io.reactivex.rxjava3.internal.operators.single.SingleMap.subscribeActual(SingleMap.java:35)
	at io.reactivex.rxjava3.core.Single.subscribe(Single.java:4855)
	at io.reactivex.rxjava3.internal.operators.single.SingleFlatMap$SingleFlatMapCallback.onSuccess(SingleFlatMap.java:85)
	at io.reactivex.rxjava3.internal.operators.single.SingleJust.subscribeActual(SingleJust.java:30)
	at io.reactivex.rxjava3.core.Single.subscribe(Single.java:4855)
	at io.reactivex.rxjava3.internal.operators.single.SingleFlatMap.subscribeActual(SingleFlatMap.java:37)
	at io.reactivex.rxjava3.core.Single.subscribe(Single.java:4855)
	at io.reactivex.rxjava3.internal.operators.single.SingleFlatMap$SingleFlatMapCallback.onSuccess(SingleFlatMap.java:85)
	at io.reactivex.rxjava3.internal.operators.single.SingleJust.subscribeActual(SingleJust.java:30)
	at io.reactivex.rxjava3.core.Single.subscribe(Single.java:4855)
	at io.reactivex.rxjava3.internal.operators.single.SingleFlatMap.subscribeActual(SingleFlatMap.java:37)
	at io.reactivex.rxjava3.core.Single.subscribe(Single.java:4855)
	at io.reactivex.rxjava3.internal.operators.single.SingleMap.subscribeActual(SingleMap.java:35)
	at io.reactivex.rxjava3.core.Single.subscribe(Single.java:4855)
	at io.reactivex.rxjava3.internal.operators.single.SingleFlatMap$SingleFlatMapCallback.onSuccess(SingleFlatMap.java:85)
	at io.reactivex.rxjava3.internal.operators.single.SingleMap$MapSingleObserver.onSuccess(SingleMap.java:65)
	at io.reactivex.rxjava3.internal.operators.single.SingleDoOnSuccess$DoOnSuccess.onSuccess(SingleDoOnSuccess.java:60)
	at io.reactivex.rxjava3.internal.operators.single.SingleFlatMap$SingleFlatMapCallback$FlatMapSingleObserver.onSuccess(SingleFlatMap.java:112)
	at io.reactivex.rxjava3.internal.operators.single.SingleJust.subscribeActual(SingleJust.java:30)
	at io.reactivex.rxjava3.core.Single.subscribe(Single.java:4855)
	at io.reactivex.rxjava3.internal.operators.single.SingleFlatMap$SingleFlatMapCallback.onSuccess(SingleFlatMap.java:85)
	at io.reactivex.rxjava3.internal.operators.single.SingleJust.subscribeActual(SingleJust.java:30)
	at io.reactivex.rxjava3.core.Single.subscribe(Single.java:4855)
	at io.reactivex.rxjava3.internal.operators.single.SingleFlatMap.subscribeActual(SingleFlatMap.java:37)
	at io.reactivex.rxjava3.core.Single.subscribe(Single.java:4855)
	at io.reactivex.rxjava3.internal.operators.single.SingleDoOnSuccess.subscribeActual(SingleDoOnSuccess.java:35)
	at io.reactivex.rxjava3.core.Single.subscribe(Single.java:4855)
	at io.reactivex.rxjava3.internal.operators.single.SingleMap.subscribeActual(SingleMap.java:35)
	at io.reactivex.rxjava3.core.Single.subscribe(Single.java:4855)
	at io.reactivex.rxjava3.internal.operators.single.SingleFlatMap.subscribeActual(SingleFlatMap.java:37)
	at io.reactivex.rxjava3.core.Single.subscribe(Single.java:4855)
	at io.reactivex.rxjava3.internal.operators.single.SingleDoOnSuccess.subscribeActual(SingleDoOnSuccess.java:35)
	at io.reactivex.rxjava3.core.Single.subscribe(Single.java:4855)
	at io.reactivex.rxjava3.internal.operators.single.SingleMap.subscribeActual(SingleMap.java:35)
	at io.reactivex.rxjava3.core.Single.subscribe(Single.java:4855)
	at io.reactivex.rxjava3.internal.operators.single.SingleFlatMap.subscribeActual(SingleFlatMap.java:37)
	at io.reactivex.rxjava3.core.Single.subscribe(Single.java:4855)
	at io.reactivex.rxjava3.internal.operators.single.SingleDoOnSuccess.subscribeActual(SingleDoOnSuccess.java:35)
	at io.reactivex.rxjava3.core.Single.subscribe(Single.java:4855)
	at io.reactivex.rxjava3.internal.operators.single.SingleMap.subscribeActual(SingleMap.java:35)
	at io.reactivex.rxjava3.core.Single.subscribe(Single.java:4855)
	at io.reactivex.rxjava3.internal.operators.single.SingleFlatMap.subscribeActual(SingleFlatMap.java:37)
	at io.reactivex.rxjava3.core.Single.subscribe(Single.java:4855)
	at io.reactivex.rxjava3.internal.operators.single.SingleDoOnSuccess.subscribeActual(SingleDoOnSuccess.java:35)
	at io.reactivex.rxjava3.core.Single.subscribe(Single.java:4855)
	at io.reactivex.rxjava3.internal.operators.single.SingleMap.subscribeActual(SingleMap.java:35)
	at io.reactivex.rxjava3.core.Single.subscribe(Single.java:4855)
	at io.reactivex.rxjava3.internal.operators.single.SingleFlatMap.subscribeActual(SingleFlatMap.java:37)
	at io.reactivex.rxjava3.core.Single.subscribe(Single.java:4855)
	at io.reactivex.rxjava3.internal.operators.single.SingleDoOnSuccess.subscribeActual(SingleDoOnSuccess.java:35)
	at io.reactivex.rxjava3.core.Single.subscribe(Single.java:4855)
	at io.reactivex.rxjava3.internal.operators.single.SingleMap.subscribeActual(SingleMap.java:35)
	at io.reactivex.rxjava3.core.Single.subscribe(Single.java:4855)
	at io.reactivex.rxjava3.internal.operators.single.SingleFlatMap.subscribeActual(SingleFlatMap.java:37)
	at io.reactivex.rxjava3.core.Single.subscribe(Single.java:4855)
	at io.reactivex.rxjava3.internal.operators.single.SingleDoOnSuccess.subscribeActual(SingleDoOnSuccess.java:35)
	at io.reactivex.rxjava3.core.Single.subscribe(Single.java:4855)
	at io.reactivex.rxjava3.internal.operators.single.SingleMap.subscribeActual(SingleMap.java:35)
	at io.reactivex.rxjava3.core.Single.subscribe(Single.java:4855)
	at io.reactivex.rxjava3.internal.operators.single.SingleFlatMap.subscribeActual(SingleFlatMap.java:37)
	at io.reactivex.rxjava3.core.Single.subscribe(Single.java:4855)
	at io.reactivex.rxjava3.internal.operators.single.SingleFlatMapPublisher.subscribeActual(SingleFlatMapPublisher.java:59)
	at io.reactivex.rxjava3.core.Flowable.subscribe(Flowable.java:15917)
	at io.reactivex.rxjava3.internal.operators.flowable.FlowableCache.subscribeActual(FlowableCache.java:115)
	at io.reactivex.rxjava3.core.Flowable.subscribe(Flowable.java:15917)
	at io.reactivex.rxjava3.core.Flowable.subscribe(Flowable.java:15863)
	at io.reactivex.rxjava3.internal.operators.flowable.FlowableConcatArray$ConcatArraySubscriber.onComplete(FlowableConcatArray.java:141)
	at io.reactivex.rxjava3.internal.operators.flowable.FlowableConcatArray.subscribeActual(FlowableConcatArray.java:41)
	at io.reactivex.rxjava3.core.Flowable.subscribe(Flowable.java:15917)
	at io.reactivex.rxjava3.internal.operators.flowable.FlowableDoOnEach.subscribeActual(FlowableDoOnEach.java:50)
	at io.reactivex.rxjava3.core.Flowable.subscribe(Flowable.java:15917)
	at io.reactivex.rxjava3.core.Flowable.subscribe(Flowable.java:15863)
	at io.reactivex.rxjava3.internal.operators.flowable.FlowableDefer.subscribeActual(FlowableDefer.java:42)
	at io.reactivex.rxjava3.core.Flowable.subscribe(Flowable.java:15917)
	at io.reactivex.rxjava3.core.Flowable.subscribe(Flowable.java:15863)
	at io.reactivex.rxjava3.internal.operators.flowable.FlowableConcatArray$ConcatArraySubscriber.onComplete(FlowableConcatArray.java:141)
	at io.reactivex.rxjava3.internal.operators.flowable.FlowableConcatArray.subscribeActual(FlowableConcatArray.java:41)
	at io.reactivex.rxjava3.core.Flowable.subscribe(Flowable.java:15917)
	at io.reactivex.rxjava3.core.Flowable.subscribe(Flowable.java:15863)
	at io.reactivex.rxjava3.internal.operators.single.SingleFlatMapPublisher$SingleFlatMapPublisherObserver.onSuccess(SingleFlatMapPublisher.java:96)
	at io.reactivex.rxjava3.internal.operators.single.SingleJust.subscribeActual(SingleJust.java:30)
	at io.reactivex.rxjava3.core.Single.subscribe(Single.java:4855)
	at io.reactivex.rxjava3.internal.operators.single.SingleFlatMapPublisher.subscribeActual(SingleFlatMapPublisher.java:59)
	at io.reactivex.rxjava3.core.Flowable.subscribe(Flowable.java:15917)
	at io.reactivex.rxjava3.internal.operators.flowable.FlowableDoFinally.subscribeActual(FlowableDoFinally.java:47)
	at io.reactivex.rxjava3.core.Flowable.subscribe(Flowable.java:15917)
	at io.reactivex.rxjava3.core.Flowable.subscribe(Flowable.java:15863)
	at io.reactivex.rxjava3.internal.operators.flowable.FlowableDefer.subscribeActual(FlowableDefer.java:42)
	at io.reactivex.rxjava3.core.Flowable.subscribe(Flowable.java:15917)
	at io.reactivex.rxjava3.internal.operators.flowable.FlowableDoOnEach.subscribeActual(FlowableDoOnEach.java:50)
	at io.reactivex.rxjava3.core.Flowable.subscribe(Flowable.java:15917)
	at io.reactivex.rxjava3.core.Flowable.subscribe(Flowable.java:15863)
	at io.reactivex.rxjava3.internal.operators.flowable.FlowableDefer.subscribeActual(FlowableDefer.java:42)
	at io.reactivex.rxjava3.core.Flowable.subscribe(Flowable.java:15917)
	at io.reactivex.rxjava3.core.Flowable.subscribe(Flowable.java:15863)
	at io.reactivex.rxjava3.internal.operators.flowable.FlowableConcatArray$ConcatArraySubscriber.onComplete(FlowableConcatArray.java:141)
	at io.reactivex.rxjava3.internal.operators.flowable.FlowableConcatArray.subscribeActual(FlowableConcatArray.java:41)
	at io.reactivex.rxjava3.core.Flowable.subscribe(Flowable.java:15917)
	at io.reactivex.rxjava3.core.Flowable.subscribe(Flowable.java:15863)
	at io.reactivex.rxjava3.internal.operators.single.SingleFlatMapPublisher$SingleFlatMapPublisherObserver.onSuccess(SingleFlatMapPublisher.java:96)
	at io.reactivex.rxjava3.internal.operators.single.SingleJust.subscribeActual(SingleJust.java:30)
	at io.reactivex.rxjava3.core.Single.subscribe(Single.java:4855)
	at io.reactivex.rxjava3.internal.operators.single.SingleFlatMapPublisher.subscribeActual(SingleFlatMapPublisher.java:59)
	at io.reactivex.rxjava3.core.Flowable.subscribe(Flowable.java:15917)
	at io.reactivex.rxjava3.internal.operators.flowable.FlowableDoFinally.subscribeActual(FlowableDoFinally.java:47)
	at io.reactivex.rxjava3.core.Flowable.subscribe(Flowable.java:15917)
	at io.reactivex.rxjava3.core.Flowable.subscribe(Flowable.java:15863)
	at io.reactivex.rxjava3.internal.operators.flowable.FlowableDefer.subscribeActual(FlowableDefer.java:42)
	at io.reactivex.rxjava3.core.Flowable.subscribe(Flowable.java:15917)
	at io.reactivex.rxjava3.internal.operators.flowable.FlowableDoOnEach.subscribeActual(FlowableDoOnEach.java:50)
	at io.reactivex.rxjava3.core.Flowable.subscribe(Flowable.java:15917)
	at io.reactivex.rxjava3.core.Flowable.subscribe(Flowable.java:15863)
	at io.reactivex.rxjava3.internal.operators.flowable.FlowableScalarXMap$ScalarXMapFlowable.subscribeActual(FlowableScalarXMap.java:160)
	at io.reactivex.rxjava3.core.Flowable.subscribe(Flowable.java:15917)
	at io.reactivex.rxjava3.internal.operators.flowable.FlowableDoOnEach.subscribeActual(FlowableDoOnEach.java:50)
	at io.reactivex.rxjava3.core.Flowable.subscribe(Flowable.java:15917)
	at io.reactivex.rxjava3.internal.operators.flowable.FlowableDoFinally.subscribeActual(FlowableDoFinally.java:47)
	at io.reactivex.rxjava3.core.Flowable.subscribe(Flowable.java:15917)
	at io.reactivex.rxjava3.core.Flowable.subscribe(Flowable.java:15863)
	at io.reactivex.rxjava3.internal.operators.single.SingleFlatMapPublisher$SingleFlatMapPublisherObserver.onSuccess(SingleFlatMapPublisher.java:96)
	at io.reactivex.rxjava3.internal.operators.maybe.MaybeSwitchIfEmptySingle$SwitchIfEmptyMaybeObserver.onSuccess(MaybeSwitchIfEmptySingle.java:82)
	at io.reactivex.rxjava3.internal.operators.maybe.MaybeJust.subscribeActual(MaybeJust.java:36)
	at io.reactivex.rxjava3.core.Maybe.subscribe(Maybe.java:5375)
	at io.reactivex.rxjava3.internal.operators.maybe.MaybeSwitchIfEmptySingle.subscribeActual(MaybeSwitchIfEmptySingle.java:45)
	at io.reactivex.rxjava3.core.Single.subscribe(Single.java:4855)
	at io.reactivex.rxjava3.internal.operators.single.SingleFlatMapPublisher.subscribeActual(SingleFlatMapPublisher.java:59)
	at io.reactivex.rxjava3.core.Flowable.subscribe(Flowable.java:15917)
	at io.reactivex.rxjava3.internal.operators.flowable.FlowableObserveOn.subscribeActual(FlowableObserveOn.java:58)
	at io.reactivex.rxjava3.core.Flowable.subscribe(Flowable.java:15917)
	at io.reactivex.rxjava3.core.Flowable.subscribe(Flowable.java:15808)
	at com.google.adk.web.AdkWebServer$AgentController.lambda$agentRunSse$0(AdkWebServer.java:1241)
	at java.base/java.util.concurrent.ThreadPoolExecutor.runWorker(ThreadPoolExecutor.java:1144)
	at java.base/java.util.concurrent.ThreadPoolExecutor$Worker.run(ThreadPoolExecutor.java:642)
	at java.base/java.lang.Thread.run(Thread.java:1583)
Caused by: com.google.gson.stream.MalformedJsonException: Use JsonReader.setLenient(true) to accept malformed JSON at line 1 column 7 path $
	at com.google.gson.stream.JsonReader.syntaxError(JsonReader.java:1659)
	at com.google.gson.stream.JsonReader.checkLenient(JsonReader.java:1465)
	at com.google.gson.stream.JsonReader.doPeek(JsonReader.java:551)
	at com.google.gson.stream.JsonReader.peek(JsonReader.java:433)
	at com.google.gson.JsonParser.parseReader(JsonParser.java:71)
	... 578 more

2025-09-01 15:10:48 [http-nio-8080-exec-1] INFO  c.g.a.w.AdkWebServer$AgentController - Request received for GET /debug/trace/session/03472e55-f1ba-4044-ad7d-c1c4137ff23c
2025-09-01 15:10:48 [http-nio-8080-exec-10] INFO  c.g.a.w.AdkWebServer$AgentController - Request received for GET /apps/Coordinator/users/user/sessions/03472e55-f1ba-4044-ad7d-c1c4137ff23c
2025-09-01 15:10:48 [http-nio-8080-exec-1] INFO  c.g.a.w.AdkWebServer$AgentController - Returning 5 spans for session ID: 03472e55-f1ba-4044-ad7d-c1c4137ff23c
2025-09-01 15:10:55 [http-nio-8080-exec-2] INFO  c.g.a.w.AdkWebServer$AgentController - SseEmitter Request received for POST /run_sse_emitter for session: 03472e55-f1ba-4044-ad7d-c1c4137ff23c
2025-09-01 15:10:56 [pool-2-thread-1] INFO  c.p.t.s.a.o.AnotherRootAgent - error com.google.gson.JsonSyntaxException: com.google.gson.stream.MalformedJsonException: Use JsonReader.setLenient(true) to accept malformed JSON at line 1 column 8 path $
	at com.google.gson.JsonParser.parseReader(JsonParser.java:76)
	at com.google.gson.JsonParser.parseString(JsonParser.java:51)
	at com.pkfare.trip.scale.agent.orchestration.AnotherRootAgent.stageTransition(AnotherRootAgent.java:107)
	at com.pkfare.trip.scale.agent.orchestration.AnotherRootAgent.lambda$runAsyncImpl$0(AnotherRootAgent.java:88)
	at io.reactivex.rxjava3.internal.operators.flowable.FlowableDoOnEach$DoOnEachSubscriber.onNext(FlowableDoOnEach.java:86)
	at io.reactivex.rxjava3.internal.operators.flowable.FlowableDoFinally$DoFinallySubscriber.onNext(FlowableDoFinally.java:85)
	at io.reactivex.rxjava3.internal.operators.single.SingleFlatMapPublisher$SingleFlatMapPublisherObserver.onNext(SingleFlatMapPublisher.java:107)
	at io.reactivex.rxjava3.internal.operators.flowable.FlowableConcatArray$ConcatArraySubscriber.onNext(FlowableConcatArray.java:78)
	at io.reactivex.rxjava3.internal.operators.flowable.FlowableDoOnEach$DoOnEachSubscriber.onNext(FlowableDoOnEach.java:92)
	at io.reactivex.rxjava3.internal.operators.flowable.FlowableConcatArray$ConcatArraySubscriber.onNext(FlowableConcatArray.java:78)
	at io.reactivex.rxjava3.internal.operators.flowable.FlowableCache.replay(FlowableCache.java:272)
	at io.reactivex.rxjava3.internal.operators.flowable.FlowableCache.onNext(FlowableCache.java:317)
	at io.reactivex.rxjava3.internal.operators.single.SingleFlatMapPublisher$SingleFlatMapPublisherObserver.onNext(SingleFlatMapPublisher.java:107)
	at io.reactivex.rxjava3.internal.operators.flowable.FlowableConcatArray$ConcatArraySubscriber.onNext(FlowableConcatArray.java:78)
	at io.reactivex.rxjava3.internal.util.HalfSerializer.onNext(HalfSerializer.java:46)
	at io.reactivex.rxjava3.internal.operators.flowable.FlowableConcatMap$ConcatMapImmediate.innerNext(FlowableConcatMap.java:206)
	at io.reactivex.rxjava3.internal.operators.flowable.FlowableConcatMap$ConcatMapInner.onNext(FlowableConcatMap.java:563)
	at io.reactivex.rxjava3.internal.operators.flowable.FlowableFromIterable$IteratorSubscription.fastPath(FlowableFromIterable.java:185)
	at io.reactivex.rxjava3.internal.operators.flowable.FlowableFromIterable$BaseRangeSubscription.request(FlowableFromIterable.java:129)
	at io.reactivex.rxjava3.internal.subscriptions.SubscriptionArbiter.setSubscription(SubscriptionArbiter.java:87)
	at io.reactivex.rxjava3.internal.operators.flowable.FlowableConcatMap$ConcatMapInner.onSubscribe(FlowableConcatMap.java:556)
	at io.reactivex.rxjava3.internal.operators.flowable.FlowableFromIterable.subscribe(FlowableFromIterable.java:69)
	at io.reactivex.rxjava3.internal.operators.flowable.FlowableFromIterable.subscribeActual(FlowableFromIterable.java:47)
	at io.reactivex.rxjava3.core.Flowable.subscribe(Flowable.java:15917)
	at io.reactivex.rxjava3.core.Flowable.subscribe(Flowable.java:15863)
	at io.reactivex.rxjava3.internal.operators.flowable.FlowableConcatMap$ConcatMapImmediate.drain(FlowableConcatMap.java:318)
	at io.reactivex.rxjava3.internal.operators.flowable.FlowableConcatMap$BaseConcatMapSubscriber.onNext(FlowableConcatMap.java:159)
	at io.reactivex.rxjava3.internal.util.HalfSerializer.onNext(HalfSerializer.java:46)
	at io.reactivex.rxjava3.internal.operators.flowable.FlowableConcatMap$ConcatMapImmediate.innerNext(FlowableConcatMap.java:206)
	at io.reactivex.rxjava3.internal.operators.flowable.FlowableConcatMap$ConcatMapInner.onNext(FlowableConcatMap.java:563)
	at io.reactivex.rxjava3.internal.subscriptions.DeferredScalarSubscription.complete(DeferredScalarSubscription.java:133)
	at io.reactivex.rxjava3.internal.operators.single.SingleToFlowable$SingleToFlowableObserver.onSuccess(SingleToFlowable.java:63)
	at io.reactivex.rxjava3.internal.operators.single.SingleDoOnSuccess$DoOnSuccess.onSuccess(SingleDoOnSuccess.java:60)
	at io.reactivex.rxjava3.internal.operators.single.SingleFlatMap$SingleFlatMapCallback$FlatMapSingleObserver.onSuccess(SingleFlatMap.java:112)
	at io.reactivex.rxjava3.internal.operators.single.SingleMap$MapSingleObserver.onSuccess(SingleMap.java:65)
	at io.reactivex.rxjava3.internal.operators.maybe.MaybeToSingle$ToSingleMaybeSubscriber.onComplete(MaybeToSingle.java:96)
	at io.reactivex.rxjava3.internal.operators.maybe.MaybeMap$MapMaybeObserver.onComplete(MaybeMap.java:100)
	at io.reactivex.rxjava3.internal.disposables.EmptyDisposable.complete(EmptyDisposable.java:58)
	at io.reactivex.rxjava3.internal.operators.maybe.MaybeEmpty.subscribeActual(MaybeEmpty.java:29)
	at io.reactivex.rxjava3.core.Maybe.subscribe(Maybe.java:5375)
	at io.reactivex.rxjava3.internal.operators.maybe.MaybeMap.subscribeActual(MaybeMap.java:41)
	at io.reactivex.rxjava3.core.Maybe.subscribe(Maybe.java:5375)
	at io.reactivex.rxjava3.internal.operators.maybe.MaybeToSingle.subscribeActual(MaybeToSingle.java:46)
	at io.reactivex.rxjava3.core.Single.subscribe(Single.java:4855)
	at io.reactivex.rxjava3.internal.operators.single.SingleMap.subscribeActual(SingleMap.java:35)
	at io.reactivex.rxjava3.core.Single.subscribe(Single.java:4855)
	at io.reactivex.rxjava3.internal.operators.single.SingleFlatMap$SingleFlatMapCallback.onSuccess(SingleFlatMap.java:85)
	at io.reactivex.rxjava3.internal.operators.single.SingleJust.subscribeActual(SingleJust.java:30)
	at io.reactivex.rxjava3.core.Single.subscribe(Single.java:4855)
	at io.reactivex.rxjava3.internal.operators.single.SingleFlatMap.subscribeActual(SingleFlatMap.java:37)
	at io.reactivex.rxjava3.core.Single.subscribe(Single.java:4855)
	at io.reactivex.rxjava3.internal.operators.single.SingleDoOnSuccess.subscribeActual(SingleDoOnSuccess.java:35)
	at io.reactivex.rxjava3.core.Single.subscribe(Single.java:4855)
	at io.reactivex.rxjava3.internal.operators.single.SingleToFlowable.subscribeActual(SingleToFlowable.java:38)
	at io.reactivex.rxjava3.core.Flowable.subscribe(Flowable.java:15917)
	at io.reactivex.rxjava3.core.Flowable.subscribe(Flowable.java:15863)
	at io.reactivex.rxjava3.internal.operators.flowable.FlowableConcatMap$ConcatMapImmediate.drain(FlowableConcatMap.java:318)
	at io.reactivex.rxjava3.internal.operators.flowable.FlowableConcatMap$BaseConcatMapSubscriber.onNext(FlowableConcatMap.java:159)
	at io.reactivex.rxjava3.internal.operators.single.SingleFlatMapPublisher$SingleFlatMapPublisherObserver.onNext(SingleFlatMapPublisher.java:107)
	at io.reactivex.rxjava3.internal.util.HalfSerializer.onNext(HalfSerializer.java:46)
	at io.reactivex.rxjava3.internal.operators.flowable.FlowableConcatMap$ConcatMapImmediate.innerNext(FlowableConcatMap.java:206)
	at io.reactivex.rxjava3.internal.operators.flowable.FlowableConcatMap$ConcatMapInner.onNext(FlowableConcatMap.java:563)
	at io.reactivex.rxjava3.internal.subscriptions.DeferredScalarSubscription.complete(DeferredScalarSubscription.java:133)
	at io.reactivex.rxjava3.internal.operators.single.SingleToFlowable$SingleToFlowableObserver.onSuccess(SingleToFlowable.java:63)
	at io.reactivex.rxjava3.internal.operators.single.SingleJust.subscribeActual(SingleJust.java:30)
	at io.reactivex.rxjava3.core.Single.subscribe(Single.java:4855)
	at io.reactivex.rxjava3.internal.operators.single.SingleToFlowable.subscribeActual(SingleToFlowable.java:38)
	at io.reactivex.rxjava3.core.Flowable.subscribe(Flowable.java:15917)
	at io.reactivex.rxjava3.core.Flowable.subscribe(Flowable.java:15863)
	at io.reactivex.rxjava3.internal.operators.flowable.FlowableConcatMap$ConcatMapImmediate.drain(FlowableConcatMap.java:318)
	at io.reactivex.rxjava3.internal.operators.flowable.FlowableConcatMap$BaseConcatMapSubscriber.onNext(FlowableConcatMap.java:159)
	at io.reactivex.rxjava3.internal.operators.flowable.FlowableDoFinally$DoFinallySubscriber.onNext(FlowableDoFinally.java:85)
	at io.reactivex.rxjava3.internal.operators.flowable.FlowableDoOnEach$DoOnEachSubscriber.onNext(FlowableDoOnEach.java:92)
	at io.reactivex.rxjava3.internal.operators.flowable.FlowableDoOnEach$DoOnEachSubscriber.onNext(FlowableDoOnEach.java:92)
	at io.reactivex.rxjava3.internal.subscriptions.DeferredScalarSubscription.complete(DeferredScalarSubscription.java:133)
	at io.reactivex.rxjava3.internal.operators.flowable.FlowableFromFuture.subscribeActual(FlowableFromFuture.java:54)
	at io.reactivex.rxjava3.core.Flowable.subscribe(Flowable.java:15917)
	at io.reactivex.rxjava3.internal.operators.flowable.FlowableDoOnEach.subscribeActual(FlowableDoOnEach.java:50)
	at io.reactivex.rxjava3.core.Flowable.subscribe(Flowable.java:15917)
	at io.reactivex.rxjava3.internal.operators.flowable.FlowableDoOnEach.subscribeActual(FlowableDoOnEach.java:50)
	at io.reactivex.rxjava3.core.Flowable.subscribe(Flowable.java:15917)
	at io.reactivex.rxjava3.internal.operators.flowable.FlowableDoFinally.subscribeActual(FlowableDoFinally.java:47)
	at io.reactivex.rxjava3.core.Flowable.subscribe(Flowable.java:15917)
	at io.reactivex.rxjava3.core.Flowable.subscribe(Flowable.java:15863)
	at io.reactivex.rxjava3.internal.operators.flowable.FlowableDefer.subscribeActual(FlowableDefer.java:42)
	at io.reactivex.rxjava3.core.Flowable.subscribe(Flowable.java:15917)
	at io.reactivex.rxjava3.core.Flowable.subscribe(Flowable.java:15863)
	at io.reactivex.rxjava3.internal.operators.flowable.FlowableConcatMap.subscribeActual(FlowableConcatMap.java:66)
	at io.reactivex.rxjava3.core.Flowable.subscribe(Flowable.java:15917)
	at io.reactivex.rxjava3.core.Flowable.subscribe(Flowable.java:15863)
	at io.reactivex.rxjava3.internal.operators.single.SingleFlatMapPublisher$SingleFlatMapPublisherObserver.onSuccess(SingleFlatMapPublisher.java:96)
	at io.reactivex.rxjava3.internal.operators.single.SingleJust.subscribeActual(SingleJust.java:30)
	at io.reactivex.rxjava3.core.Single.subscribe(Single.java:4855)
	at io.reactivex.rxjava3.internal.operators.single.SingleFlatMapPublisher.subscribeActual(SingleFlatMapPublisher.java:59)
	at io.reactivex.rxjava3.core.Flowable.subscribe(Flowable.java:15917)
	at io.reactivex.rxjava3.core.Flowable.subscribe(Flowable.java:15863)
	at io.reactivex.rxjava3.internal.operators.flowable.FlowableConcatMap.subscribeActual(FlowableConcatMap.java:66)
	at io.reactivex.rxjava3.core.Flowable.subscribe(Flowable.java:15917)
	at io.reactivex.rxjava3.core.Flowable.subscribe(Flowable.java:15863)
	at io.reactivex.rxjava3.internal.operators.flowable.FlowableConcatMap.subscribeActual(FlowableConcatMap.java:66)
	at io.reactivex.rxjava3.core.Flowable.subscribe(Flowable.java:15917)
	at io.reactivex.rxjava3.core.Flowable.subscribe(Flowable.java:15863)
	at io.reactivex.rxjava3.internal.operators.flowable.FlowableConcatArray$ConcatArraySubscriber.onComplete(FlowableConcatArray.java:141)
	at io.reactivex.rxjava3.internal.operators.flowable.FlowableConcatArray.subscribeActual(FlowableConcatArray.java:41)
	at io.reactivex.rxjava3.core.Flowable.subscribe(Flowable.java:15917)
	at io.reactivex.rxjava3.core.Flowable.subscribe(Flowable.java:15863)
	at io.reactivex.rxjava3.internal.operators.single.SingleFlatMapPublisher$SingleFlatMapPublisherObserver.onSuccess(SingleFlatMapPublisher.java:96)
	at io.reactivex.rxjava3.internal.operators.single.SingleFlatMap$SingleFlatMapCallback$FlatMapSingleObserver.onSuccess(SingleFlatMap.java:112)
	at io.reactivex.rxjava3.internal.observers.ResumeSingleObserver.onSuccess(ResumeSingleObserver.java:46)
	at io.reactivex.rxjava3.internal.operators.single.SingleFromCallable.subscribeActual(SingleFromCallable.java:55)
	at io.reactivex.rxjava3.core.Single.subscribe(Single.java:4855)
	at io.reactivex.rxjava3.internal.operators.single.SingleDelayWithCompletable$OtherObserver.onComplete(SingleDelayWithCompletable.java:69)
	at io.reactivex.rxjava3.internal.util.AtomicThrowable.tryTerminateConsumer(AtomicThrowable.java:154)
	at io.reactivex.rxjava3.internal.operators.mixed.FlowableConcatMapCompletable$ConcatMapCompletableObserver.drain(FlowableConcatMapCompletable.java:166)
	at io.reactivex.rxjava3.internal.operators.mixed.ConcatMapXMainSubscriber.onComplete(ConcatMapXMainSubscriber.java:123)
	at io.reactivex.rxjava3.internal.subscriptions.EmptySubscription.complete(EmptySubscription.java:69)
	at io.reactivex.rxjava3.internal.operators.flowable.FlowableFromIterable.subscribe(FlowableFromIterable.java:61)
	at io.reactivex.rxjava3.internal.operators.flowable.FlowableFromIterable.subscribeActual(FlowableFromIterable.java:47)
	at io.reactivex.rxjava3.core.Flowable.subscribe(Flowable.java:15917)
	at io.reactivex.rxjava3.internal.operators.mixed.FlowableConcatMapCompletable.subscribeActual(FlowableConcatMapCompletable.java:56)
	at io.reactivex.rxjava3.core.Completable.subscribe(Completable.java:2859)
	at io.reactivex.rxjava3.internal.operators.single.SingleDelayWithCompletable.subscribeActual(SingleDelayWithCompletable.java:36)
	at io.reactivex.rxjava3.core.Single.subscribe(Single.java:4855)
	at io.reactivex.rxjava3.internal.operators.single.SingleFlatMap$SingleFlatMapCallback.onSuccess(SingleFlatMap.java:85)
	at io.reactivex.rxjava3.internal.operators.single.SingleMap$MapSingleObserver.onSuccess(SingleMap.java:65)
	at io.reactivex.rxjava3.internal.operators.single.SingleDoOnSuccess$DoOnSuccess.onSuccess(SingleDoOnSuccess.java:60)
	at io.reactivex.rxjava3.internal.operators.single.SingleFlatMap$SingleFlatMapCallback$FlatMapSingleObserver.onSuccess(SingleFlatMap.java:112)
	at io.reactivex.rxjava3.internal.operators.single.SingleJust.subscribeActual(SingleJust.java:30)
	at io.reactivex.rxjava3.core.Single.subscribe(Single.java:4855)
	at io.reactivex.rxjava3.internal.operators.single.SingleFlatMap$SingleFlatMapCallback.onSuccess(SingleFlatMap.java:85)
	at io.reactivex.rxjava3.internal.operators.single.SingleMap$MapSingleObserver.onSuccess(SingleMap.java:65)
	at io.reactivex.rxjava3.internal.operators.single.SingleDoOnSuccess$DoOnSuccess.onSuccess(SingleDoOnSuccess.java:60)
	at io.reactivex.rxjava3.internal.operators.single.SingleFlatMap$SingleFlatMapCallback$FlatMapSingleObserver.onSuccess(SingleFlatMap.java:112)
	at io.reactivex.rxjava3.internal.operators.single.SingleJust.subscribeActual(SingleJust.java:30)
	at io.reactivex.rxjava3.core.Single.subscribe(Single.java:4855)
	at io.reactivex.rxjava3.internal.operators.single.SingleFlatMap$SingleFlatMapCallback.onSuccess(SingleFlatMap.java:85)
	at io.reactivex.rxjava3.internal.operators.single.SingleMap$MapSingleObserver.onSuccess(SingleMap.java:65)
	at io.reactivex.rxjava3.internal.operators.single.SingleDoOnSuccess$DoOnSuccess.onSuccess(SingleDoOnSuccess.java:60)
	at io.reactivex.rxjava3.internal.operators.single.SingleFlatMap$SingleFlatMapCallback$FlatMapSingleObserver.onSuccess(SingleFlatMap.java:112)
	at io.reactivex.rxjava3.internal.operators.single.SingleJust.subscribeActual(SingleJust.java:30)
	at io.reactivex.rxjava3.core.Single.subscribe(Single.java:4855)
	at io.reactivex.rxjava3.internal.operators.single.SingleFlatMap$SingleFlatMapCallback.onSuccess(SingleFlatMap.java:85)
	at io.reactivex.rxjava3.internal.operators.single.SingleMap$MapSingleObserver.onSuccess(SingleMap.java:65)
	at io.reactivex.rxjava3.internal.operators.single.SingleDoOnSuccess$DoOnSuccess.onSuccess(SingleDoOnSuccess.java:60)
	at io.reactivex.rxjava3.internal.operators.single.SingleFlatMap$SingleFlatMapCallback$FlatMapSingleObserver.onSuccess(SingleFlatMap.java:112)
	at io.reactivex.rxjava3.internal.operators.single.SingleJust.subscribeActual(SingleJust.java:30)
	at io.reactivex.rxjava3.core.Single.subscribe(Single.java:4855)
	at io.reactivex.rxjava3.internal.operators.single.SingleFlatMap$SingleFlatMapCallback.onSuccess(SingleFlatMap.java:85)
	at io.reactivex.rxjava3.internal.operators.single.SingleMap$MapSingleObserver.onSuccess(SingleMap.java:65)
	at io.reactivex.rxjava3.internal.operators.single.SingleDoOnSuccess$DoOnSuccess.onSuccess(SingleDoOnSuccess.java:60)
	at io.reactivex.rxjava3.internal.operators.single.SingleFlatMap$SingleFlatMapCallback$FlatMapSingleObserver.onSuccess(SingleFlatMap.java:112)
	at io.reactivex.rxjava3.internal.operators.single.SingleMap$MapSingleObserver.onSuccess(SingleMap.java:65)
	at io.reactivex.rxjava3.internal.operators.single.SingleFlatMap$SingleFlatMapCallback$FlatMapSingleObserver.onSuccess(SingleFlatMap.java:112)
	at io.reactivex.rxjava3.internal.operators.single.SingleFlatMap$SingleFlatMapCallback$FlatMapSingleObserver.onSuccess(SingleFlatMap.java:112)
	at io.reactivex.rxjava3.internal.operators.single.SingleMap$MapSingleObserver.onSuccess(SingleMap.java:65)
	at io.reactivex.rxjava3.internal.operators.single.SingleZipArray$ZipCoordinator.innerSuccess(SingleZipArray.java:126)
	at io.reactivex.rxjava3.internal.operators.single.SingleZipArray$ZipSingleObserver.onSuccess(SingleZipArray.java:178)
	at io.reactivex.rxjava3.internal.operators.single.SingleJust.subscribeActual(SingleJust.java:30)
	at io.reactivex.rxjava3.core.Single.subscribe(Single.java:4855)
	at io.reactivex.rxjava3.internal.operators.single.SingleZipIterable.subscribeActual(SingleZipIterable.java:77)
	at io.reactivex.rxjava3.core.Single.subscribe(Single.java:4855)
	at io.reactivex.rxjava3.internal.operators.single.SingleMap.subscribeActual(SingleMap.java:35)
	at io.reactivex.rxjava3.core.Single.subscribe(Single.java:4855)
	at io.reactivex.rxjava3.internal.operators.single.SingleFlatMap$SingleFlatMapCallback.onSuccess(SingleFlatMap.java:85)
	at io.reactivex.rxjava3.internal.operators.single.SingleJust.subscribeActual(SingleJust.java:30)
	at io.reactivex.rxjava3.core.Single.subscribe(Single.java:4855)
	at io.reactivex.rxjava3.internal.operators.single.SingleFlatMap.subscribeActual(SingleFlatMap.java:37)
	at io.reactivex.rxjava3.core.Single.subscribe(Single.java:4855)
	at io.reactivex.rxjava3.internal.operators.single.SingleFlatMap$SingleFlatMapCallback.onSuccess(SingleFlatMap.java:85)
	at io.reactivex.rxjava3.internal.operators.single.SingleJust.subscribeActual(SingleJust.java:30)
	at io.reactivex.rxjava3.core.Single.subscribe(Single.java:4855)
	at io.reactivex.rxjava3.internal.operators.single.SingleFlatMap.subscribeActual(SingleFlatMap.java:37)
	at io.reactivex.rxjava3.core.Single.subscribe(Single.java:4855)
	at io.reactivex.rxjava3.internal.operators.single.SingleMap.subscribeActual(SingleMap.java:35)
	at io.reactivex.rxjava3.core.Single.subscribe(Single.java:4855)
	at io.reactivex.rxjava3.internal.operators.single.SingleFlatMap$SingleFlatMapCallback.onSuccess(SingleFlatMap.java:85)
	at io.reactivex.rxjava3.internal.operators.single.SingleMap$MapSingleObserver.onSuccess(SingleMap.java:65)
	at io.reactivex.rxjava3.internal.operators.single.SingleDoOnSuccess$DoOnSuccess.onSuccess(SingleDoOnSuccess.java:60)
	at io.reactivex.rxjava3.internal.operators.single.SingleFlatMap$SingleFlatMapCallback$FlatMapSingleObserver.onSuccess(SingleFlatMap.java:112)
	at io.reactivex.rxjava3.internal.operators.single.SingleJust.subscribeActual(SingleJust.java:30)
	at io.reactivex.rxjava3.core.Single.subscribe(Single.java:4855)
	at io.reactivex.rxjava3.internal.operators.single.SingleFlatMap$SingleFlatMapCallback.onSuccess(SingleFlatMap.java:85)
	at io.reactivex.rxjava3.internal.operators.single.SingleJust.subscribeActual(SingleJust.java:30)
	at io.reactivex.rxjava3.core.Single.subscribe(Single.java:4855)
	at io.reactivex.rxjava3.internal.operators.single.SingleFlatMap.subscribeActual(SingleFlatMap.java:37)
	at io.reactivex.rxjava3.core.Single.subscribe(Single.java:4855)
	at io.reactivex.rxjava3.internal.operators.single.SingleDoOnSuccess.subscribeActual(SingleDoOnSuccess.java:35)
	at io.reactivex.rxjava3.core.Single.subscribe(Single.java:4855)
	at io.reactivex.rxjava3.internal.operators.single.SingleMap.subscribeActual(SingleMap.java:35)
	at io.reactivex.rxjava3.core.Single.subscribe(Single.java:4855)
	at io.reactivex.rxjava3.internal.operators.single.SingleFlatMap.subscribeActual(SingleFlatMap.java:37)
	at io.reactivex.rxjava3.core.Single.subscribe(Single.java:4855)
	at io.reactivex.rxjava3.internal.operators.single.SingleDoOnSuccess.subscribeActual(SingleDoOnSuccess.java:35)
	at io.reactivex.rxjava3.core.Single.subscribe(Single.java:4855)
	at io.reactivex.rxjava3.internal.operators.single.SingleMap.subscribeActual(SingleMap.java:35)
	at io.reactivex.rxjava3.core.Single.subscribe(Single.java:4855)
	at io.reactivex.rxjava3.internal.operators.single.SingleFlatMap.subscribeActual(SingleFlatMap.java:37)
	at io.reactivex.rxjava3.core.Single.subscribe(Single.java:4855)
	at io.reactivex.rxjava3.internal.operators.single.SingleDoOnSuccess.subscribeActual(SingleDoOnSuccess.java:35)
	at io.reactivex.rxjava3.core.Single.subscribe(Single.java:4855)
	at io.reactivex.rxjava3.internal.operators.single.SingleMap.subscribeActual(SingleMap.java:35)
	at io.reactivex.rxjava3.core.Single.subscribe(Single.java:4855)
	at io.reactivex.rxjava3.internal.operators.single.SingleFlatMap.subscribeActual(SingleFlatMap.java:37)
	at io.reactivex.rxjava3.core.Single.subscribe(Single.java:4855)
	at io.reactivex.rxjava3.internal.operators.single.SingleDoOnSuccess.subscribeActual(SingleDoOnSuccess.java:35)
	at io.reactivex.rxjava3.core.Single.subscribe(Single.java:4855)
	at io.reactivex.rxjava3.internal.operators.single.SingleMap.subscribeActual(SingleMap.java:35)
	at io.reactivex.rxjava3.core.Single.subscribe(Single.java:4855)
	at io.reactivex.rxjava3.internal.operators.single.SingleFlatMap.subscribeActual(SingleFlatMap.java:37)
	at io.reactivex.rxjava3.core.Single.subscribe(Single.java:4855)
	at io.reactivex.rxjava3.internal.operators.single.SingleDoOnSuccess.subscribeActual(SingleDoOnSuccess.java:35)
	at io.reactivex.rxjava3.core.Single.subscribe(Single.java:4855)
	at io.reactivex.rxjava3.internal.operators.single.SingleMap.subscribeActual(SingleMap.java:35)
	at io.reactivex.rxjava3.core.Single.subscribe(Single.java:4855)
	at io.reactivex.rxjava3.internal.operators.single.SingleFlatMap.subscribeActual(SingleFlatMap.java:37)
	at io.reactivex.rxjava3.core.Single.subscribe(Single.java:4855)
	at io.reactivex.rxjava3.internal.operators.single.SingleDoOnSuccess.subscribeActual(SingleDoOnSuccess.java:35)
	at io.reactivex.rxjava3.core.Single.subscribe(Single.java:4855)
	at io.reactivex.rxjava3.internal.operators.single.SingleMap.subscribeActual(SingleMap.java:35)
	at io.reactivex.rxjava3.core.Single.subscribe(Single.java:4855)
	at io.reactivex.rxjava3.internal.operators.single.SingleFlatMap.subscribeActual(SingleFlatMap.java:37)
	at io.reactivex.rxjava3.core.Single.subscribe(Single.java:4855)
	at io.reactivex.rxjava3.internal.operators.single.SingleFlatMapPublisher.subscribeActual(SingleFlatMapPublisher.java:59)
	at io.reactivex.rxjava3.core.Flowable.subscribe(Flowable.java:15917)
	at io.reactivex.rxjava3.internal.operators.flowable.FlowableCache.subscribeActual(FlowableCache.java:115)
	at io.reactivex.rxjava3.core.Flowable.subscribe(Flowable.java:15917)
	at io.reactivex.rxjava3.core.Flowable.subscribe(Flowable.java:15863)
	at io.reactivex.rxjava3.internal.operators.flowable.FlowableConcatArray$ConcatArraySubscriber.onComplete(FlowableConcatArray.java:141)
	at io.reactivex.rxjava3.internal.operators.flowable.FlowableConcatArray.subscribeActual(FlowableConcatArray.java:41)
	at io.reactivex.rxjava3.core.Flowable.subscribe(Flowable.java:15917)
	at io.reactivex.rxjava3.internal.operators.flowable.FlowableDoOnEach.subscribeActual(FlowableDoOnEach.java:50)
	at io.reactivex.rxjava3.core.Flowable.subscribe(Flowable.java:15917)
	at io.reactivex.rxjava3.core.Flowable.subscribe(Flowable.java:15863)
	at io.reactivex.rxjava3.internal.operators.flowable.FlowableDefer.subscribeActual(FlowableDefer.java:42)
	at io.reactivex.rxjava3.core.Flowable.subscribe(Flowable.java:15917)
	at io.reactivex.rxjava3.core.Flowable.subscribe(Flowable.java:15863)
	at io.reactivex.rxjava3.internal.operators.flowable.FlowableConcatArray$ConcatArraySubscriber.onComplete(FlowableConcatArray.java:141)
	at io.reactivex.rxjava3.internal.operators.flowable.FlowableConcatArray.subscribeActual(FlowableConcatArray.java:41)
	at io.reactivex.rxjava3.core.Flowable.subscribe(Flowable.java:15917)
	at io.reactivex.rxjava3.core.Flowable.subscribe(Flowable.java:15863)
	at io.reactivex.rxjava3.internal.operators.single.SingleFlatMapPublisher$SingleFlatMapPublisherObserver.onSuccess(SingleFlatMapPublisher.java:96)
	at io.reactivex.rxjava3.internal.operators.single.SingleJust.subscribeActual(SingleJust.java:30)
	at io.reactivex.rxjava3.core.Single.subscribe(Single.java:4855)
	at io.reactivex.rxjava3.internal.operators.single.SingleFlatMapPublisher.subscribeActual(SingleFlatMapPublisher.java:59)
	at io.reactivex.rxjava3.core.Flowable.subscribe(Flowable.java:15917)
	at io.reactivex.rxjava3.internal.operators.flowable.FlowableDoFinally.subscribeActual(FlowableDoFinally.java:47)
	at io.reactivex.rxjava3.core.Flowable.subscribe(Flowable.java:15917)
	at io.reactivex.rxjava3.core.Flowable.subscribe(Flowable.java:15863)
	at io.reactivex.rxjava3.internal.operators.flowable.FlowableDefer.subscribeActual(FlowableDefer.java:42)
	at io.reactivex.rxjava3.core.Flowable.subscribe(Flowable.java:15917)
	at io.reactivex.rxjava3.internal.operators.flowable.FlowableDoOnEach.subscribeActual(FlowableDoOnEach.java:50)
	at io.reactivex.rxjava3.core.Flowable.subscribe(Flowable.java:15917)
	at io.reactivex.rxjava3.core.Flowable.subscribe(Flowable.java:15863)
	at io.reactivex.rxjava3.internal.operators.flowable.FlowableDefer.subscribeActual(FlowableDefer.java:42)
	at io.reactivex.rxjava3.core.Flowable.subscribe(Flowable.java:15917)
	at io.reactivex.rxjava3.core.Flowable.subscribe(Flowable.java:15863)
	at io.reactivex.rxjava3.internal.operators.flowable.FlowableConcatArray$ConcatArraySubscriber.onComplete(FlowableConcatArray.java:141)
	at io.reactivex.rxjava3.internal.operators.flowable.FlowableConcatArray.subscribeActual(FlowableConcatArray.java:41)
	at io.reactivex.rxjava3.core.Flowable.subscribe(Flowable.java:15917)
	at io.reactivex.rxjava3.core.Flowable.subscribe(Flowable.java:15863)
	at io.reactivex.rxjava3.internal.operators.single.SingleFlatMapPublisher$SingleFlatMapPublisherObserver.onSuccess(SingleFlatMapPublisher.java:96)
	at io.reactivex.rxjava3.internal.operators.single.SingleJust.subscribeActual(SingleJust.java:30)
	at io.reactivex.rxjava3.core.Single.subscribe(Single.java:4855)
	at io.reactivex.rxjava3.internal.operators.single.SingleFlatMapPublisher.subscribeActual(SingleFlatMapPublisher.java:59)
	at io.reactivex.rxjava3.core.Flowable.subscribe(Flowable.java:15917)
	at io.reactivex.rxjava3.internal.operators.flowable.FlowableDoFinally.subscribeActual(FlowableDoFinally.java:47)
	at io.reactivex.rxjava3.core.Flowable.subscribe(Flowable.java:15917)
	at io.reactivex.rxjava3.core.Flowable.subscribe(Flowable.java:15863)
	at io.reactivex.rxjava3.internal.operators.flowable.FlowableDefer.subscribeActual(FlowableDefer.java:42)
	at io.reactivex.rxjava3.core.Flowable.subscribe(Flowable.java:15917)
	at io.reactivex.rxjava3.internal.operators.flowable.FlowableDoOnEach.subscribeActual(FlowableDoOnEach.java:50)
	at io.reactivex.rxjava3.core.Flowable.subscribe(Flowable.java:15917)
	at io.reactivex.rxjava3.core.Flowable.subscribe(Flowable.java:15863)
	at io.reactivex.rxjava3.internal.operators.flowable.FlowableScalarXMap$ScalarXMapFlowable.subscribeActual(FlowableScalarXMap.java:160)
	at io.reactivex.rxjava3.core.Flowable.subscribe(Flowable.java:15917)
	at io.reactivex.rxjava3.internal.operators.flowable.FlowableDoOnEach.subscribeActual(FlowableDoOnEach.java:50)
	at io.reactivex.rxjava3.core.Flowable.subscribe(Flowable.java:15917)
	at io.reactivex.rxjava3.internal.operators.flowable.FlowableDoFinally.subscribeActual(FlowableDoFinally.java:47)
	at io.reactivex.rxjava3.core.Flowable.subscribe(Flowable.java:15917)
	at io.reactivex.rxjava3.core.Flowable.subscribe(Flowable.java:15863)
	at io.reactivex.rxjava3.internal.operators.single.SingleFlatMapPublisher$SingleFlatMapPublisherObserver.onSuccess(SingleFlatMapPublisher.java:96)
	at io.reactivex.rxjava3.internal.operators.maybe.MaybeSwitchIfEmptySingle$SwitchIfEmptyMaybeObserver.onSuccess(MaybeSwitchIfEmptySingle.java:82)
	at io.reactivex.rxjava3.internal.operators.maybe.MaybeJust.subscribeActual(MaybeJust.java:36)
	at io.reactivex.rxjava3.core.Maybe.subscribe(Maybe.java:5375)
	at io.reactivex.rxjava3.internal.operators.maybe.MaybeSwitchIfEmptySingle.subscribeActual(MaybeSwitchIfEmptySingle.java:45)
	at io.reactivex.rxjava3.core.Single.subscribe(Single.java:4855)
	at io.reactivex.rxjava3.internal.operators.single.SingleFlatMapPublisher.subscribeActual(SingleFlatMapPublisher.java:59)
	at io.reactivex.rxjava3.core.Flowable.subscribe(Flowable.java:15917)
	at io.reactivex.rxjava3.internal.operators.flowable.FlowableObserveOn.subscribeActual(FlowableObserveOn.java:58)
	at io.reactivex.rxjava3.core.Flowable.subscribe(Flowable.java:15917)
	at io.reactivex.rxjava3.core.Flowable.subscribe(Flowable.java:15808)
	at com.google.adk.web.AdkWebServer$AgentController.lambda$agentRunSse$0(AdkWebServer.java:1241)
	at java.base/java.util.concurrent.ThreadPoolExecutor.runWorker(ThreadPoolExecutor.java:1144)
	at java.base/java.util.concurrent.ThreadPoolExecutor$Worker.run(ThreadPoolExecutor.java:642)
	at java.base/java.lang.Thread.run(Thread.java:1583)
Caused by: com.google.gson.stream.MalformedJsonException: Use JsonReader.setLenient(true) to accept malformed JSON at line 1 column 8 path $
	at com.google.gson.stream.JsonReader.syntaxError(JsonReader.java:1659)
	at com.google.gson.stream.JsonReader.checkLenient(JsonReader.java:1465)
	at com.google.gson.stream.JsonReader.doPeek(JsonReader.java:551)
	at com.google.gson.stream.JsonReader.peek(JsonReader.java:433)
	at com.google.gson.JsonParser.parseReader(JsonParser.java:71)
	... 294 more

2025-09-01 15:10:56 [http-nio-8080-exec-7] INFO  c.g.a.w.AdkWebServer$AgentController - Request received for GET /debug/trace/session/03472e55-f1ba-4044-ad7d-c1c4137ff23c
2025-09-01 15:10:56 [http-nio-8080-exec-5] INFO  c.g.a.w.AdkWebServer$AgentController - Request received for GET /apps/Coordinator/users/user/sessions/03472e55-f1ba-4044-ad7d-c1c4137ff23c
2025-09-01 15:10:56 [http-nio-8080-exec-7] INFO  c.g.a.w.AdkWebServer$AgentController - Returning 6 spans for session ID: 03472e55-f1ba-4044-ad7d-c1c4137ff23c
2025-09-01 15:10:59 [http-nio-8080-exec-6] INFO  c.g.a.w.AdkWebServer$AgentController - SseEmitter Request received for POST /run_sse_emitter for session: 03472e55-f1ba-4044-ad7d-c1c4137ff23c
2025-09-01 15:11:00 [pool-2-thread-1] INFO  c.p.t.s.a.o.AnotherRootAgent - error com.google.gson.JsonSyntaxException: com.google.gson.stream.MalformedJsonException: Use JsonReader.setLenient(true) to accept malformed JSON at line 1 column 7 path $
	at com.google.gson.JsonParser.parseReader(JsonParser.java:76)
	at com.google.gson.JsonParser.parseString(JsonParser.java:51)
	at com.pkfare.trip.scale.agent.orchestration.AnotherRootAgent.stageTransition(AnotherRootAgent.java:107)
	at com.pkfare.trip.scale.agent.orchestration.AnotherRootAgent.lambda$runAsyncImpl$0(AnotherRootAgent.java:88)
	at io.reactivex.rxjava3.internal.operators.flowable.FlowableDoOnEach$DoOnEachSubscriber.onNext(FlowableDoOnEach.java:86)
	at io.reactivex.rxjava3.internal.operators.flowable.FlowableDoFinally$DoFinallySubscriber.onNext(FlowableDoFinally.java:85)
	at io.reactivex.rxjava3.internal.operators.single.SingleFlatMapPublisher$SingleFlatMapPublisherObserver.onNext(SingleFlatMapPublisher.java:107)
	at io.reactivex.rxjava3.internal.operators.flowable.FlowableConcatArray$ConcatArraySubscriber.onNext(FlowableConcatArray.java:78)
	at io.reactivex.rxjava3.internal.operators.flowable.FlowableDoOnEach$DoOnEachSubscriber.onNext(FlowableDoOnEach.java:92)
	at io.reactivex.rxjava3.internal.operators.flowable.FlowableConcatArray$ConcatArraySubscriber.onNext(FlowableConcatArray.java:78)
	at io.reactivex.rxjava3.internal.operators.flowable.FlowableCache.replay(FlowableCache.java:272)
	at io.reactivex.rxjava3.internal.operators.flowable.FlowableCache.onNext(FlowableCache.java:317)
	at io.reactivex.rxjava3.internal.operators.single.SingleFlatMapPublisher$SingleFlatMapPublisherObserver.onNext(SingleFlatMapPublisher.java:107)
	at io.reactivex.rxjava3.internal.operators.flowable.FlowableConcatArray$ConcatArraySubscriber.onNext(FlowableConcatArray.java:78)
	at io.reactivex.rxjava3.internal.util.HalfSerializer.onNext(HalfSerializer.java:46)
	at io.reactivex.rxjava3.internal.operators.flowable.FlowableConcatMap$ConcatMapImmediate.innerNext(FlowableConcatMap.java:206)
	at io.reactivex.rxjava3.internal.operators.flowable.FlowableConcatMap$ConcatMapInner.onNext(FlowableConcatMap.java:563)
	at io.reactivex.rxjava3.internal.operators.flowable.FlowableFromIterable$IteratorSubscription.fastPath(FlowableFromIterable.java:185)
	at io.reactivex.rxjava3.internal.operators.flowable.FlowableFromIterable$BaseRangeSubscription.request(FlowableFromIterable.java:129)
	at io.reactivex.rxjava3.internal.subscriptions.SubscriptionArbiter.setSubscription(SubscriptionArbiter.java:87)
	at io.reactivex.rxjava3.internal.operators.flowable.FlowableConcatMap$ConcatMapInner.onSubscribe(FlowableConcatMap.java:556)
	at io.reactivex.rxjava3.internal.operators.flowable.FlowableFromIterable.subscribe(FlowableFromIterable.java:69)
	at io.reactivex.rxjava3.internal.operators.flowable.FlowableFromIterable.subscribeActual(FlowableFromIterable.java:47)
	at io.reactivex.rxjava3.core.Flowable.subscribe(Flowable.java:15917)
	at io.reactivex.rxjava3.core.Flowable.subscribe(Flowable.java:15863)
	at io.reactivex.rxjava3.internal.operators.flowable.FlowableConcatMap$ConcatMapImmediate.drain(FlowableConcatMap.java:318)
	at io.reactivex.rxjava3.internal.operators.flowable.FlowableConcatMap$BaseConcatMapSubscriber.onNext(FlowableConcatMap.java:159)
	at io.reactivex.rxjava3.internal.util.HalfSerializer.onNext(HalfSerializer.java:46)
	at io.reactivex.rxjava3.internal.operators.flowable.FlowableConcatMap$ConcatMapImmediate.innerNext(FlowableConcatMap.java:206)
	at io.reactivex.rxjava3.internal.operators.flowable.FlowableConcatMap$ConcatMapInner.onNext(FlowableConcatMap.java:563)
	at io.reactivex.rxjava3.internal.subscriptions.DeferredScalarSubscription.complete(DeferredScalarSubscription.java:133)
	at io.reactivex.rxjava3.internal.operators.single.SingleToFlowable$SingleToFlowableObserver.onSuccess(SingleToFlowable.java:63)
	at io.reactivex.rxjava3.internal.operators.single.SingleDoOnSuccess$DoOnSuccess.onSuccess(SingleDoOnSuccess.java:60)
	at io.reactivex.rxjava3.internal.operators.single.SingleFlatMap$SingleFlatMapCallback$FlatMapSingleObserver.onSuccess(SingleFlatMap.java:112)
	at io.reactivex.rxjava3.internal.operators.single.SingleMap$MapSingleObserver.onSuccess(SingleMap.java:65)
	at io.reactivex.rxjava3.internal.operators.maybe.MaybeToSingle$ToSingleMaybeSubscriber.onComplete(MaybeToSingle.java:96)
	at io.reactivex.rxjava3.internal.operators.maybe.MaybeMap$MapMaybeObserver.onComplete(MaybeMap.java:100)
	at io.reactivex.rxjava3.internal.disposables.EmptyDisposable.complete(EmptyDisposable.java:58)
	at io.reactivex.rxjava3.internal.operators.maybe.MaybeEmpty.subscribeActual(MaybeEmpty.java:29)
	at io.reactivex.rxjava3.core.Maybe.subscribe(Maybe.java:5375)
	at io.reactivex.rxjava3.internal.operators.maybe.MaybeMap.subscribeActual(MaybeMap.java:41)
	at io.reactivex.rxjava3.core.Maybe.subscribe(Maybe.java:5375)
	at io.reactivex.rxjava3.internal.operators.maybe.MaybeToSingle.subscribeActual(MaybeToSingle.java:46)
	at io.reactivex.rxjava3.core.Single.subscribe(Single.java:4855)
	at io.reactivex.rxjava3.internal.operators.single.SingleMap.subscribeActual(SingleMap.java:35)
	at io.reactivex.rxjava3.core.Single.subscribe(Single.java:4855)
	at io.reactivex.rxjava3.internal.operators.single.SingleFlatMap$SingleFlatMapCallback.onSuccess(SingleFlatMap.java:85)
	at io.reactivex.rxjava3.internal.operators.single.SingleJust.subscribeActual(SingleJust.java:30)
	at io.reactivex.rxjava3.core.Single.subscribe(Single.java:4855)
	at io.reactivex.rxjava3.internal.operators.single.SingleFlatMap.subscribeActual(SingleFlatMap.java:37)
	at io.reactivex.rxjava3.core.Single.subscribe(Single.java:4855)
	at io.reactivex.rxjava3.internal.operators.single.SingleDoOnSuccess.subscribeActual(SingleDoOnSuccess.java:35)
	at io.reactivex.rxjava3.core.Single.subscribe(Single.java:4855)
	at io.reactivex.rxjava3.internal.operators.single.SingleToFlowable.subscribeActual(SingleToFlowable.java:38)
	at io.reactivex.rxjava3.core.Flowable.subscribe(Flowable.java:15917)
	at io.reactivex.rxjava3.core.Flowable.subscribe(Flowable.java:15863)
	at io.reactivex.rxjava3.internal.operators.flowable.FlowableConcatMap$ConcatMapImmediate.drain(FlowableConcatMap.java:318)
	at io.reactivex.rxjava3.internal.operators.flowable.FlowableConcatMap$BaseConcatMapSubscriber.onNext(FlowableConcatMap.java:159)
	at io.reactivex.rxjava3.internal.operators.single.SingleFlatMapPublisher$SingleFlatMapPublisherObserver.onNext(SingleFlatMapPublisher.java:107)
	at io.reactivex.rxjava3.internal.util.HalfSerializer.onNext(HalfSerializer.java:46)
	at io.reactivex.rxjava3.internal.operators.flowable.FlowableConcatMap$ConcatMapImmediate.innerNext(FlowableConcatMap.java:206)
	at io.reactivex.rxjava3.internal.operators.flowable.FlowableConcatMap$ConcatMapInner.onNext(FlowableConcatMap.java:563)
	at io.reactivex.rxjava3.internal.subscriptions.DeferredScalarSubscription.complete(DeferredScalarSubscription.java:133)
	at io.reactivex.rxjava3.internal.operators.single.SingleToFlowable$SingleToFlowableObserver.onSuccess(SingleToFlowable.java:63)
	at io.reactivex.rxjava3.internal.operators.single.SingleJust.subscribeActual(SingleJust.java:30)
	at io.reactivex.rxjava3.core.Single.subscribe(Single.java:4855)
	at io.reactivex.rxjava3.internal.operators.single.SingleToFlowable.subscribeActual(SingleToFlowable.java:38)
	at io.reactivex.rxjava3.core.Flowable.subscribe(Flowable.java:15917)
	at io.reactivex.rxjava3.core.Flowable.subscribe(Flowable.java:15863)
	at io.reactivex.rxjava3.internal.operators.flowable.FlowableConcatMap$ConcatMapImmediate.drain(FlowableConcatMap.java:318)
	at io.reactivex.rxjava3.internal.operators.flowable.FlowableConcatMap$BaseConcatMapSubscriber.onNext(FlowableConcatMap.java:159)
	at io.reactivex.rxjava3.internal.operators.flowable.FlowableDoFinally$DoFinallySubscriber.onNext(FlowableDoFinally.java:85)
	at io.reactivex.rxjava3.internal.operators.flowable.FlowableDoOnEach$DoOnEachSubscriber.onNext(FlowableDoOnEach.java:92)
	at io.reactivex.rxjava3.internal.operators.flowable.FlowableDoOnEach$DoOnEachSubscriber.onNext(FlowableDoOnEach.java:92)
	at io.reactivex.rxjava3.internal.subscriptions.DeferredScalarSubscription.complete(DeferredScalarSubscription.java:133)
	at io.reactivex.rxjava3.internal.operators.flowable.FlowableFromFuture.subscribeActual(FlowableFromFuture.java:54)
	at io.reactivex.rxjava3.core.Flowable.subscribe(Flowable.java:15917)
	at io.reactivex.rxjava3.internal.operators.flowable.FlowableDoOnEach.subscribeActual(FlowableDoOnEach.java:50)
	at io.reactivex.rxjava3.core.Flowable.subscribe(Flowable.java:15917)
	at io.reactivex.rxjava3.internal.operators.flowable.FlowableDoOnEach.subscribeActual(FlowableDoOnEach.java:50)
	at io.reactivex.rxjava3.core.Flowable.subscribe(Flowable.java:15917)
	at io.reactivex.rxjava3.internal.operators.flowable.FlowableDoFinally.subscribeActual(FlowableDoFinally.java:47)
	at io.reactivex.rxjava3.core.Flowable.subscribe(Flowable.java:15917)
	at io.reactivex.rxjava3.core.Flowable.subscribe(Flowable.java:15863)
	at io.reactivex.rxjava3.internal.operators.flowable.FlowableDefer.subscribeActual(FlowableDefer.java:42)
	at io.reactivex.rxjava3.core.Flowable.subscribe(Flowable.java:15917)
	at io.reactivex.rxjava3.core.Flowable.subscribe(Flowable.java:15863)
	at io.reactivex.rxjava3.internal.operators.flowable.FlowableConcatMap.subscribeActual(FlowableConcatMap.java:66)
	at io.reactivex.rxjava3.core.Flowable.subscribe(Flowable.java:15917)
	at io.reactivex.rxjava3.core.Flowable.subscribe(Flowable.java:15863)
	at io.reactivex.rxjava3.internal.operators.single.SingleFlatMapPublisher$SingleFlatMapPublisherObserver.onSuccess(SingleFlatMapPublisher.java:96)
	at io.reactivex.rxjava3.internal.operators.single.SingleJust.subscribeActual(SingleJust.java:30)
	at io.reactivex.rxjava3.core.Single.subscribe(Single.java:4855)
	at io.reactivex.rxjava3.internal.operators.single.SingleFlatMapPublisher.subscribeActual(SingleFlatMapPublisher.java:59)
	at io.reactivex.rxjava3.core.Flowable.subscribe(Flowable.java:15917)
	at io.reactivex.rxjava3.core.Flowable.subscribe(Flowable.java:15863)
	at io.reactivex.rxjava3.internal.operators.flowable.FlowableConcatMap.subscribeActual(FlowableConcatMap.java:66)
	at io.reactivex.rxjava3.core.Flowable.subscribe(Flowable.java:15917)
	at io.reactivex.rxjava3.core.Flowable.subscribe(Flowable.java:15863)
	at io.reactivex.rxjava3.internal.operators.flowable.FlowableConcatMap.subscribeActual(FlowableConcatMap.java:66)
	at io.reactivex.rxjava3.core.Flowable.subscribe(Flowable.java:15917)
	at io.reactivex.rxjava3.core.Flowable.subscribe(Flowable.java:15863)
	at io.reactivex.rxjava3.internal.operators.flowable.FlowableConcatArray$ConcatArraySubscriber.onComplete(FlowableConcatArray.java:141)
	at io.reactivex.rxjava3.internal.operators.flowable.FlowableConcatArray.subscribeActual(FlowableConcatArray.java:41)
	at io.reactivex.rxjava3.core.Flowable.subscribe(Flowable.java:15917)
	at io.reactivex.rxjava3.core.Flowable.subscribe(Flowable.java:15863)
	at io.reactivex.rxjava3.internal.operators.single.SingleFlatMapPublisher$SingleFlatMapPublisherObserver.onSuccess(SingleFlatMapPublisher.java:96)
	at io.reactivex.rxjava3.internal.operators.single.SingleFlatMap$SingleFlatMapCallback$FlatMapSingleObserver.onSuccess(SingleFlatMap.java:112)
	at io.reactivex.rxjava3.internal.observers.ResumeSingleObserver.onSuccess(ResumeSingleObserver.java:46)
	at io.reactivex.rxjava3.internal.operators.single.SingleFromCallable.subscribeActual(SingleFromCallable.java:55)
	at io.reactivex.rxjava3.core.Single.subscribe(Single.java:4855)
	at io.reactivex.rxjava3.internal.operators.single.SingleDelayWithCompletable$OtherObserver.onComplete(SingleDelayWithCompletable.java:69)
	at io.reactivex.rxjava3.internal.util.AtomicThrowable.tryTerminateConsumer(AtomicThrowable.java:154)
	at io.reactivex.rxjava3.internal.operators.mixed.FlowableConcatMapCompletable$ConcatMapCompletableObserver.drain(FlowableConcatMapCompletable.java:166)
	at io.reactivex.rxjava3.internal.operators.mixed.ConcatMapXMainSubscriber.onComplete(ConcatMapXMainSubscriber.java:123)
	at io.reactivex.rxjava3.internal.subscriptions.EmptySubscription.complete(EmptySubscription.java:69)
	at io.reactivex.rxjava3.internal.operators.flowable.FlowableFromIterable.subscribe(FlowableFromIterable.java:61)
	at io.reactivex.rxjava3.internal.operators.flowable.FlowableFromIterable.subscribeActual(FlowableFromIterable.java:47)
	at io.reactivex.rxjava3.core.Flowable.subscribe(Flowable.java:15917)
	at io.reactivex.rxjava3.internal.operators.mixed.FlowableConcatMapCompletable.subscribeActual(FlowableConcatMapCompletable.java:56)
	at io.reactivex.rxjava3.core.Completable.subscribe(Completable.java:2859)
	at io.reactivex.rxjava3.internal.operators.single.SingleDelayWithCompletable.subscribeActual(SingleDelayWithCompletable.java:36)
	at io.reactivex.rxjava3.core.Single.subscribe(Single.java:4855)
	at io.reactivex.rxjava3.internal.operators.single.SingleFlatMap$SingleFlatMapCallback.onSuccess(SingleFlatMap.java:85)
	at io.reactivex.rxjava3.internal.operators.single.SingleMap$MapSingleObserver.onSuccess(SingleMap.java:65)
	at io.reactivex.rxjava3.internal.operators.single.SingleDoOnSuccess$DoOnSuccess.onSuccess(SingleDoOnSuccess.java:60)
	at io.reactivex.rxjava3.internal.operators.single.SingleFlatMap$SingleFlatMapCallback$FlatMapSingleObserver.onSuccess(SingleFlatMap.java:112)
	at io.reactivex.rxjava3.internal.operators.single.SingleJust.subscribeActual(SingleJust.java:30)
	at io.reactivex.rxjava3.core.Single.subscribe(Single.java:4855)
	at io.reactivex.rxjava3.internal.operators.single.SingleFlatMap$SingleFlatMapCallback.onSuccess(SingleFlatMap.java:85)
	at io.reactivex.rxjava3.internal.operators.single.SingleMap$MapSingleObserver.onSuccess(SingleMap.java:65)
	at io.reactivex.rxjava3.internal.operators.single.SingleDoOnSuccess$DoOnSuccess.onSuccess(SingleDoOnSuccess.java:60)
	at io.reactivex.rxjava3.internal.operators.single.SingleFlatMap$SingleFlatMapCallback$FlatMapSingleObserver.onSuccess(SingleFlatMap.java:112)
	at io.reactivex.rxjava3.internal.operators.single.SingleJust.subscribeActual(SingleJust.java:30)
	at io.reactivex.rxjava3.core.Single.subscribe(Single.java:4855)
	at io.reactivex.rxjava3.internal.operators.single.SingleFlatMap$SingleFlatMapCallback.onSuccess(SingleFlatMap.java:85)
	at io.reactivex.rxjava3.internal.operators.single.SingleMap$MapSingleObserver.onSuccess(SingleMap.java:65)
	at io.reactivex.rxjava3.internal.operators.single.SingleDoOnSuccess$DoOnSuccess.onSuccess(SingleDoOnSuccess.java:60)
	at io.reactivex.rxjava3.internal.operators.single.SingleFlatMap$SingleFlatMapCallback$FlatMapSingleObserver.onSuccess(SingleFlatMap.java:112)
	at io.reactivex.rxjava3.internal.operators.single.SingleJust.subscribeActual(SingleJust.java:30)
	at io.reactivex.rxjava3.core.Single.subscribe(Single.java:4855)
	at io.reactivex.rxjava3.internal.operators.single.SingleFlatMap$SingleFlatMapCallback.onSuccess(SingleFlatMap.java:85)
	at io.reactivex.rxjava3.internal.operators.single.SingleMap$MapSingleObserver.onSuccess(SingleMap.java:65)
	at io.reactivex.rxjava3.internal.operators.single.SingleDoOnSuccess$DoOnSuccess.onSuccess(SingleDoOnSuccess.java:60)
	at io.reactivex.rxjava3.internal.operators.single.SingleFlatMap$SingleFlatMapCallback$FlatMapSingleObserver.onSuccess(SingleFlatMap.java:112)
	at io.reactivex.rxjava3.internal.operators.single.SingleJust.subscribeActual(SingleJust.java:30)
	at io.reactivex.rxjava3.core.Single.subscribe(Single.java:4855)
	at io.reactivex.rxjava3.internal.operators.single.SingleFlatMap$SingleFlatMapCallback.onSuccess(SingleFlatMap.java:85)
	at io.reactivex.rxjava3.internal.operators.single.SingleMap$MapSingleObserver.onSuccess(SingleMap.java:65)
	at io.reactivex.rxjava3.internal.operators.single.SingleDoOnSuccess$DoOnSuccess.onSuccess(SingleDoOnSuccess.java:60)
	at io.reactivex.rxjava3.internal.operators.single.SingleFlatMap$SingleFlatMapCallback$FlatMapSingleObserver.onSuccess(SingleFlatMap.java:112)
	at io.reactivex.rxjava3.internal.operators.single.SingleMap$MapSingleObserver.onSuccess(SingleMap.java:65)
	at io.reactivex.rxjava3.internal.operators.single.SingleFlatMap$SingleFlatMapCallback$FlatMapSingleObserver.onSuccess(SingleFlatMap.java:112)
	at io.reactivex.rxjava3.internal.operators.single.SingleFlatMap$SingleFlatMapCallback$FlatMapSingleObserver.onSuccess(SingleFlatMap.java:112)
	at io.reactivex.rxjava3.internal.operators.single.SingleMap$MapSingleObserver.onSuccess(SingleMap.java:65)
	at io.reactivex.rxjava3.internal.operators.single.SingleZipArray$ZipCoordinator.innerSuccess(SingleZipArray.java:126)
	at io.reactivex.rxjava3.internal.operators.single.SingleZipArray$ZipSingleObserver.onSuccess(SingleZipArray.java:178)
	at io.reactivex.rxjava3.internal.operators.single.SingleJust.subscribeActual(SingleJust.java:30)
	at io.reactivex.rxjava3.core.Single.subscribe(Single.java:4855)
	at io.reactivex.rxjava3.internal.operators.single.SingleZipIterable.subscribeActual(SingleZipIterable.java:77)
	at io.reactivex.rxjava3.core.Single.subscribe(Single.java:4855)
	at io.reactivex.rxjava3.internal.operators.single.SingleMap.subscribeActual(SingleMap.java:35)
	at io.reactivex.rxjava3.core.Single.subscribe(Single.java:4855)
	at io.reactivex.rxjava3.internal.operators.single.SingleFlatMap$SingleFlatMapCallback.onSuccess(SingleFlatMap.java:85)
	at io.reactivex.rxjava3.internal.operators.single.SingleJust.subscribeActual(SingleJust.java:30)
	at io.reactivex.rxjava3.core.Single.subscribe(Single.java:4855)
	at io.reactivex.rxjava3.internal.operators.single.SingleFlatMap.subscribeActual(SingleFlatMap.java:37)
	at io.reactivex.rxjava3.core.Single.subscribe(Single.java:4855)
	at io.reactivex.rxjava3.internal.operators.single.SingleFlatMap$SingleFlatMapCallback.onSuccess(SingleFlatMap.java:85)
	at io.reactivex.rxjava3.internal.operators.single.SingleJust.subscribeActual(SingleJust.java:30)
	at io.reactivex.rxjava3.core.Single.subscribe(Single.java:4855)
	at io.reactivex.rxjava3.internal.operators.single.SingleFlatMap.subscribeActual(SingleFlatMap.java:37)
	at io.reactivex.rxjava3.core.Single.subscribe(Single.java:4855)
	at io.reactivex.rxjava3.internal.operators.single.SingleMap.subscribeActual(SingleMap.java:35)
	at io.reactivex.rxjava3.core.Single.subscribe(Single.java:4855)
	at io.reactivex.rxjava3.internal.operators.single.SingleFlatMap$SingleFlatMapCallback.onSuccess(SingleFlatMap.java:85)
	at io.reactivex.rxjava3.internal.operators.single.SingleMap$MapSingleObserver.onSuccess(SingleMap.java:65)
	at io.reactivex.rxjava3.internal.operators.single.SingleDoOnSuccess$DoOnSuccess.onSuccess(SingleDoOnSuccess.java:60)
	at io.reactivex.rxjava3.internal.operators.single.SingleFlatMap$SingleFlatMapCallback$FlatMapSingleObserver.onSuccess(SingleFlatMap.java:112)
	at io.reactivex.rxjava3.internal.operators.single.SingleJust.subscribeActual(SingleJust.java:30)
	at io.reactivex.rxjava3.core.Single.subscribe(Single.java:4855)
	at io.reactivex.rxjava3.internal.operators.single.SingleFlatMap$SingleFlatMapCallback.onSuccess(SingleFlatMap.java:85)
	at io.reactivex.rxjava3.internal.operators.single.SingleJust.subscribeActual(SingleJust.java:30)
	at io.reactivex.rxjava3.core.Single.subscribe(Single.java:4855)
	at io.reactivex.rxjava3.internal.operators.single.SingleFlatMap.subscribeActual(SingleFlatMap.java:37)
	at io.reactivex.rxjava3.core.Single.subscribe(Single.java:4855)
	at io.reactivex.rxjava3.internal.operators.single.SingleDoOnSuccess.subscribeActual(SingleDoOnSuccess.java:35)
	at io.reactivex.rxjava3.core.Single.subscribe(Single.java:4855)
	at io.reactivex.rxjava3.internal.operators.single.SingleMap.subscribeActual(SingleMap.java:35)
	at io.reactivex.rxjava3.core.Single.subscribe(Single.java:4855)
	at io.reactivex.rxjava3.internal.operators.single.SingleFlatMap.subscribeActual(SingleFlatMap.java:37)
	at io.reactivex.rxjava3.core.Single.subscribe(Single.java:4855)
	at io.reactivex.rxjava3.internal.operators.single.SingleDoOnSuccess.subscribeActual(SingleDoOnSuccess.java:35)
	at io.reactivex.rxjava3.core.Single.subscribe(Single.java:4855)
	at io.reactivex.rxjava3.internal.operators.single.SingleMap.subscribeActual(SingleMap.java:35)
	at io.reactivex.rxjava3.core.Single.subscribe(Single.java:4855)
	at io.reactivex.rxjava3.internal.operators.single.SingleFlatMap.subscribeActual(SingleFlatMap.java:37)
	at io.reactivex.rxjava3.core.Single.subscribe(Single.java:4855)
	at io.reactivex.rxjava3.internal.operators.single.SingleDoOnSuccess.subscribeActual(SingleDoOnSuccess.java:35)
	at io.reactivex.rxjava3.core.Single.subscribe(Single.java:4855)
	at io.reactivex.rxjava3.internal.operators.single.SingleMap.subscribeActual(SingleMap.java:35)
	at io.reactivex.rxjava3.core.Single.subscribe(Single.java:4855)
	at io.reactivex.rxjava3.internal.operators.single.SingleFlatMap.subscribeActual(SingleFlatMap.java:37)
	at io.reactivex.rxjava3.core.Single.subscribe(Single.java:4855)
	at io.reactivex.rxjava3.internal.operators.single.SingleDoOnSuccess.subscribeActual(SingleDoOnSuccess.java:35)
	at io.reactivex.rxjava3.core.Single.subscribe(Single.java:4855)
	at io.reactivex.rxjava3.internal.operators.single.SingleMap.subscribeActual(SingleMap.java:35)
	at io.reactivex.rxjava3.core.Single.subscribe(Single.java:4855)
	at io.reactivex.rxjava3.internal.operators.single.SingleFlatMap.subscribeActual(SingleFlatMap.java:37)
	at io.reactivex.rxjava3.core.Single.subscribe(Single.java:4855)
	at io.reactivex.rxjava3.internal.operators.single.SingleDoOnSuccess.subscribeActual(SingleDoOnSuccess.java:35)
	at io.reactivex.rxjava3.core.Single.subscribe(Single.java:4855)
	at io.reactivex.rxjava3.internal.operators.single.SingleMap.subscribeActual(SingleMap.java:35)
	at io.reactivex.rxjava3.core.Single.subscribe(Single.java:4855)
	at io.reactivex.rxjava3.internal.operators.single.SingleFlatMap.subscribeActual(SingleFlatMap.java:37)
	at io.reactivex.rxjava3.core.Single.subscribe(Single.java:4855)
	at io.reactivex.rxjava3.internal.operators.single.SingleDoOnSuccess.subscribeActual(SingleDoOnSuccess.java:35)
	at io.reactivex.rxjava3.core.Single.subscribe(Single.java:4855)
	at io.reactivex.rxjava3.internal.operators.single.SingleMap.subscribeActual(SingleMap.java:35)
	at io.reactivex.rxjava3.core.Single.subscribe(Single.java:4855)
	at io.reactivex.rxjava3.internal.operators.single.SingleFlatMap.subscribeActual(SingleFlatMap.java:37)
	at io.reactivex.rxjava3.core.Single.subscribe(Single.java:4855)
	at io.reactivex.rxjava3.internal.operators.single.SingleFlatMapPublisher.subscribeActual(SingleFlatMapPublisher.java:59)
	at io.reactivex.rxjava3.core.Flowable.subscribe(Flowable.java:15917)
	at io.reactivex.rxjava3.internal.operators.flowable.FlowableCache.subscribeActual(FlowableCache.java:115)
	at io.reactivex.rxjava3.core.Flowable.subscribe(Flowable.java:15917)
	at io.reactivex.rxjava3.core.Flowable.subscribe(Flowable.java:15863)
	at io.reactivex.rxjava3.internal.operators.flowable.FlowableConcatArray$ConcatArraySubscriber.onComplete(FlowableConcatArray.java:141)
	at io.reactivex.rxjava3.internal.operators.flowable.FlowableConcatArray.subscribeActual(FlowableConcatArray.java:41)
	at io.reactivex.rxjava3.core.Flowable.subscribe(Flowable.java:15917)
	at io.reactivex.rxjava3.internal.operators.flowable.FlowableDoOnEach.subscribeActual(FlowableDoOnEach.java:50)
	at io.reactivex.rxjava3.core.Flowable.subscribe(Flowable.java:15917)
	at io.reactivex.rxjava3.core.Flowable.subscribe(Flowable.java:15863)
	at io.reactivex.rxjava3.internal.operators.flowable.FlowableDefer.subscribeActual(FlowableDefer.java:42)
	at io.reactivex.rxjava3.core.Flowable.subscribe(Flowable.java:15917)
	at io.reactivex.rxjava3.core.Flowable.subscribe(Flowable.java:15863)
	at io.reactivex.rxjava3.internal.operators.flowable.FlowableConcatArray$ConcatArraySubscriber.onComplete(FlowableConcatArray.java:141)
	at io.reactivex.rxjava3.internal.operators.flowable.FlowableConcatArray.subscribeActual(FlowableConcatArray.java:41)
	at io.reactivex.rxjava3.core.Flowable.subscribe(Flowable.java:15917)
	at io.reactivex.rxjava3.core.Flowable.subscribe(Flowable.java:15863)
	at io.reactivex.rxjava3.internal.operators.single.SingleFlatMapPublisher$SingleFlatMapPublisherObserver.onSuccess(SingleFlatMapPublisher.java:96)
	at io.reactivex.rxjava3.internal.operators.single.SingleJust.subscribeActual(SingleJust.java:30)
	at io.reactivex.rxjava3.core.Single.subscribe(Single.java:4855)
	at io.reactivex.rxjava3.internal.operators.single.SingleFlatMapPublisher.subscribeActual(SingleFlatMapPublisher.java:59)
	at io.reactivex.rxjava3.core.Flowable.subscribe(Flowable.java:15917)
	at io.reactivex.rxjava3.internal.operators.flowable.FlowableDoFinally.subscribeActual(FlowableDoFinally.java:47)
	at io.reactivex.rxjava3.core.Flowable.subscribe(Flowable.java:15917)
	at io.reactivex.rxjava3.core.Flowable.subscribe(Flowable.java:15863)
	at io.reactivex.rxjava3.internal.operators.flowable.FlowableDefer.subscribeActual(FlowableDefer.java:42)
	at io.reactivex.rxjava3.core.Flowable.subscribe(Flowable.java:15917)
	at io.reactivex.rxjava3.internal.operators.flowable.FlowableDoOnEach.subscribeActual(FlowableDoOnEach.java:50)
	at io.reactivex.rxjava3.core.Flowable.subscribe(Flowable.java:15917)
	at io.reactivex.rxjava3.core.Flowable.subscribe(Flowable.java:15863)
	at io.reactivex.rxjava3.internal.operators.flowable.FlowableDefer.subscribeActual(FlowableDefer.java:42)
	at io.reactivex.rxjava3.core.Flowable.subscribe(Flowable.java:15917)
	at io.reactivex.rxjava3.core.Flowable.subscribe(Flowable.java:15863)
	at io.reactivex.rxjava3.internal.operators.flowable.FlowableConcatArray$ConcatArraySubscriber.onComplete(FlowableConcatArray.java:141)
	at io.reactivex.rxjava3.internal.operators.flowable.FlowableConcatArray.subscribeActual(FlowableConcatArray.java:41)
	at io.reactivex.rxjava3.core.Flowable.subscribe(Flowable.java:15917)
	at io.reactivex.rxjava3.core.Flowable.subscribe(Flowable.java:15863)
	at io.reactivex.rxjava3.internal.operators.single.SingleFlatMapPublisher$SingleFlatMapPublisherObserver.onSuccess(SingleFlatMapPublisher.java:96)
	at io.reactivex.rxjava3.internal.operators.single.SingleJust.subscribeActual(SingleJust.java:30)
	at io.reactivex.rxjava3.core.Single.subscribe(Single.java:4855)
	at io.reactivex.rxjava3.internal.operators.single.SingleFlatMapPublisher.subscribeActual(SingleFlatMapPublisher.java:59)
	at io.reactivex.rxjava3.core.Flowable.subscribe(Flowable.java:15917)
	at io.reactivex.rxjava3.internal.operators.flowable.FlowableDoFinally.subscribeActual(FlowableDoFinally.java:47)
	at io.reactivex.rxjava3.core.Flowable.subscribe(Flowable.java:15917)
	at io.reactivex.rxjava3.core.Flowable.subscribe(Flowable.java:15863)
	at io.reactivex.rxjava3.internal.operators.flowable.FlowableDefer.subscribeActual(FlowableDefer.java:42)
	at io.reactivex.rxjava3.core.Flowable.subscribe(Flowable.java:15917)
	at io.reactivex.rxjava3.internal.operators.flowable.FlowableDoOnEach.subscribeActual(FlowableDoOnEach.java:50)
	at io.reactivex.rxjava3.core.Flowable.subscribe(Flowable.java:15917)
	at io.reactivex.rxjava3.core.Flowable.subscribe(Flowable.java:15863)
	at io.reactivex.rxjava3.internal.operators.flowable.FlowableScalarXMap$ScalarXMapFlowable.subscribeActual(FlowableScalarXMap.java:160)
	at io.reactivex.rxjava3.core.Flowable.subscribe(Flowable.java:15917)
	at io.reactivex.rxjava3.internal.operators.flowable.FlowableDoOnEach.subscribeActual(FlowableDoOnEach.java:50)
	at io.reactivex.rxjava3.core.Flowable.subscribe(Flowable.java:15917)
	at io.reactivex.rxjava3.internal.operators.flowable.FlowableDoFinally.subscribeActual(FlowableDoFinally.java:47)
	at io.reactivex.rxjava3.core.Flowable.subscribe(Flowable.java:15917)
	at io.reactivex.rxjava3.core.Flowable.subscribe(Flowable.java:15863)
	at io.reactivex.rxjava3.internal.operators.single.SingleFlatMapPublisher$SingleFlatMapPublisherObserver.onSuccess(SingleFlatMapPublisher.java:96)
	at io.reactivex.rxjava3.internal.operators.maybe.MaybeSwitchIfEmptySingle$SwitchIfEmptyMaybeObserver.onSuccess(MaybeSwitchIfEmptySingle.java:82)
	at io.reactivex.rxjava3.internal.operators.maybe.MaybeJust.subscribeActual(MaybeJust.java:36)
	at io.reactivex.rxjava3.core.Maybe.subscribe(Maybe.java:5375)
	at io.reactivex.rxjava3.internal.operators.maybe.MaybeSwitchIfEmptySingle.subscribeActual(MaybeSwitchIfEmptySingle.java:45)
	at io.reactivex.rxjava3.core.Single.subscribe(Single.java:4855)
	at io.reactivex.rxjava3.internal.operators.single.SingleFlatMapPublisher.subscribeActual(SingleFlatMapPublisher.java:59)
	at io.reactivex.rxjava3.core.Flowable.subscribe(Flowable.java:15917)
	at io.reactivex.rxjava3.internal.operators.flowable.FlowableObserveOn.subscribeActual(FlowableObserveOn.java:58)
	at io.reactivex.rxjava3.core.Flowable.subscribe(Flowable.java:15917)
	at io.reactivex.rxjava3.core.Flowable.subscribe(Flowable.java:15808)
	at com.google.adk.web.AdkWebServer$AgentController.lambda$agentRunSse$0(AdkWebServer.java:1241)
	at java.base/java.util.concurrent.ThreadPoolExecutor.runWorker(ThreadPoolExecutor.java:1144)
	at java.base/java.util.concurrent.ThreadPoolExecutor$Worker.run(ThreadPoolExecutor.java:642)
	at java.base/java.lang.Thread.run(Thread.java:1583)
Caused by: com.google.gson.stream.MalformedJsonException: Use JsonReader.setLenient(true) to accept malformed JSON at line 1 column 7 path $
	at com.google.gson.stream.JsonReader.syntaxError(JsonReader.java:1659)
	at com.google.gson.stream.JsonReader.checkLenient(JsonReader.java:1465)
	at com.google.gson.stream.JsonReader.doPeek(JsonReader.java:551)
	at com.google.gson.stream.JsonReader.peek(JsonReader.java:433)
	at com.google.gson.JsonParser.parseReader(JsonParser.java:71)
	... 294 more

2025-09-01 15:11:00 [http-nio-8080-exec-10] INFO  c.g.a.w.AdkWebServer$AgentController - Request received for GET /debug/trace/session/03472e55-f1ba-4044-ad7d-c1c4137ff23c
2025-09-01 15:11:00 [http-nio-8080-exec-1] INFO  c.g.a.w.AdkWebServer$AgentController - Request received for GET /apps/Coordinator/users/user/sessions/03472e55-f1ba-4044-ad7d-c1c4137ff23c
2025-09-01 15:11:00 [http-nio-8080-exec-10] INFO  c.g.a.w.AdkWebServer$AgentController - Returning 7 spans for session ID: 03472e55-f1ba-4044-ad7d-c1c4137ff23c
2025-09-01 15:11:08 [http-nio-8080-exec-4] INFO  c.g.a.w.AdkWebServer$AgentController - SseEmitter Request received for POST /run_sse_emitter for session: 03472e55-f1ba-4044-ad7d-c1c4137ff23c
2025-09-01 15:11:10 [http-nio-8080-exec-8] INFO  c.g.a.w.AdkWebServer$AgentController - Request received for GET /debug/trace/session/03472e55-f1ba-4044-ad7d-c1c4137ff23c
2025-09-01 15:11:10 [http-nio-8080-exec-2] INFO  c.g.a.w.AdkWebServer$AgentController - Request received for GET /apps/Coordinator/users/user/sessions/03472e55-f1ba-4044-ad7d-c1c4137ff23c
2025-09-01 15:11:10 [http-nio-8080-exec-8] INFO  c.g.a.w.AdkWebServer$AgentController - Returning 8 spans for session ID: 03472e55-f1ba-4044-ad7d-c1c4137ff23c
2025-09-01 15:11:23 [http-nio-8080-exec-5] INFO  c.g.a.w.AdkWebServer$AgentController - SseEmitter Request received for POST /run_sse_emitter for session: 03472e55-f1ba-4044-ad7d-c1c4137ff23c
2025-09-01 15:11:46 [pool-2-thread-1] INFO  c.p.t.s.a.o.AnotherRootAgent - error com.google.gson.JsonSyntaxException: com.google.gson.stream.MalformedJsonException: Use JsonReader.setLenient(true) to accept malformed JSON at line 1 column 7 path $
	at com.google.gson.JsonParser.parseReader(JsonParser.java:76)
	at com.google.gson.JsonParser.parseString(JsonParser.java:51)
	at com.pkfare.trip.scale.agent.orchestration.AnotherRootAgent.stageTransition(AnotherRootAgent.java:107)
	at com.pkfare.trip.scale.agent.orchestration.AnotherRootAgent.lambda$runAsyncImpl$0(AnotherRootAgent.java:88)
	at io.reactivex.rxjava3.internal.operators.flowable.FlowableDoOnEach$DoOnEachSubscriber.onNext(FlowableDoOnEach.java:86)
	at io.reactivex.rxjava3.internal.operators.flowable.FlowableDoFinally$DoFinallySubscriber.onNext(FlowableDoFinally.java:85)
	at io.reactivex.rxjava3.internal.operators.single.SingleFlatMapPublisher$SingleFlatMapPublisherObserver.onNext(SingleFlatMapPublisher.java:107)
	at io.reactivex.rxjava3.internal.operators.flowable.FlowableConcatArray$ConcatArraySubscriber.onNext(FlowableConcatArray.java:78)
	at io.reactivex.rxjava3.internal.operators.flowable.FlowableDoOnEach$DoOnEachSubscriber.onNext(FlowableDoOnEach.java:92)
	at io.reactivex.rxjava3.internal.operators.flowable.FlowableConcatArray$ConcatArraySubscriber.onNext(FlowableConcatArray.java:78)
	at io.reactivex.rxjava3.internal.operators.flowable.FlowableCache.replay(FlowableCache.java:272)
	at io.reactivex.rxjava3.internal.operators.flowable.FlowableCache.onNext(FlowableCache.java:317)
	at io.reactivex.rxjava3.internal.operators.single.SingleFlatMapPublisher$SingleFlatMapPublisherObserver.onNext(SingleFlatMapPublisher.java:107)
	at io.reactivex.rxjava3.internal.operators.flowable.FlowableConcatArray$ConcatArraySubscriber.onNext(FlowableConcatArray.java:78)
	at io.reactivex.rxjava3.internal.util.HalfSerializer.onNext(HalfSerializer.java:46)
	at io.reactivex.rxjava3.internal.operators.flowable.FlowableConcatMap$ConcatMapImmediate.innerNext(FlowableConcatMap.java:206)
	at io.reactivex.rxjava3.internal.operators.flowable.FlowableConcatMap$ConcatMapInner.onNext(FlowableConcatMap.java:563)
	at io.reactivex.rxjava3.internal.operators.flowable.FlowableFromIterable$IteratorSubscription.fastPath(FlowableFromIterable.java:185)
	at io.reactivex.rxjava3.internal.operators.flowable.FlowableFromIterable$BaseRangeSubscription.request(FlowableFromIterable.java:129)
	at io.reactivex.rxjava3.internal.subscriptions.SubscriptionArbiter.setSubscription(SubscriptionArbiter.java:87)
	at io.reactivex.rxjava3.internal.operators.flowable.FlowableConcatMap$ConcatMapInner.onSubscribe(FlowableConcatMap.java:556)
	at io.reactivex.rxjava3.internal.operators.flowable.FlowableFromIterable.subscribe(FlowableFromIterable.java:69)
	at io.reactivex.rxjava3.internal.operators.flowable.FlowableFromIterable.subscribeActual(FlowableFromIterable.java:47)
	at io.reactivex.rxjava3.core.Flowable.subscribe(Flowable.java:15917)
	at io.reactivex.rxjava3.core.Flowable.subscribe(Flowable.java:15863)
	at io.reactivex.rxjava3.internal.operators.flowable.FlowableConcatMap$ConcatMapImmediate.drain(FlowableConcatMap.java:318)
	at io.reactivex.rxjava3.internal.operators.flowable.FlowableConcatMap$BaseConcatMapSubscriber.onNext(FlowableConcatMap.java:159)
	at io.reactivex.rxjava3.internal.util.HalfSerializer.onNext(HalfSerializer.java:46)
	at io.reactivex.rxjava3.internal.operators.flowable.FlowableConcatMap$ConcatMapImmediate.innerNext(FlowableConcatMap.java:206)
	at io.reactivex.rxjava3.internal.operators.flowable.FlowableConcatMap$ConcatMapInner.onNext(FlowableConcatMap.java:563)
	at io.reactivex.rxjava3.internal.subscriptions.DeferredScalarSubscription.complete(DeferredScalarSubscription.java:133)
	at io.reactivex.rxjava3.internal.operators.single.SingleToFlowable$SingleToFlowableObserver.onSuccess(SingleToFlowable.java:63)
	at io.reactivex.rxjava3.internal.operators.single.SingleDoOnSuccess$DoOnSuccess.onSuccess(SingleDoOnSuccess.java:60)
	at io.reactivex.rxjava3.internal.operators.single.SingleFlatMap$SingleFlatMapCallback$FlatMapSingleObserver.onSuccess(SingleFlatMap.java:112)
	at io.reactivex.rxjava3.internal.operators.single.SingleMap$MapSingleObserver.onSuccess(SingleMap.java:65)
	at io.reactivex.rxjava3.internal.operators.maybe.MaybeToSingle$ToSingleMaybeSubscriber.onComplete(MaybeToSingle.java:96)
	at io.reactivex.rxjava3.internal.operators.maybe.MaybeMap$MapMaybeObserver.onComplete(MaybeMap.java:100)
	at io.reactivex.rxjava3.internal.disposables.EmptyDisposable.complete(EmptyDisposable.java:58)
	at io.reactivex.rxjava3.internal.operators.maybe.MaybeEmpty.subscribeActual(MaybeEmpty.java:29)
	at io.reactivex.rxjava3.core.Maybe.subscribe(Maybe.java:5375)
	at io.reactivex.rxjava3.internal.operators.maybe.MaybeMap.subscribeActual(MaybeMap.java:41)
	at io.reactivex.rxjava3.core.Maybe.subscribe(Maybe.java:5375)
	at io.reactivex.rxjava3.internal.operators.maybe.MaybeToSingle.subscribeActual(MaybeToSingle.java:46)
	at io.reactivex.rxjava3.core.Single.subscribe(Single.java:4855)
	at io.reactivex.rxjava3.internal.operators.single.SingleMap.subscribeActual(SingleMap.java:35)
	at io.reactivex.rxjava3.core.Single.subscribe(Single.java:4855)
	at io.reactivex.rxjava3.internal.operators.single.SingleFlatMap$SingleFlatMapCallback.onSuccess(SingleFlatMap.java:85)
	at io.reactivex.rxjava3.internal.operators.single.SingleJust.subscribeActual(SingleJust.java:30)
	at io.reactivex.rxjava3.core.Single.subscribe(Single.java:4855)
	at io.reactivex.rxjava3.internal.operators.single.SingleFlatMap.subscribeActual(SingleFlatMap.java:37)
	at io.reactivex.rxjava3.core.Single.subscribe(Single.java:4855)
	at io.reactivex.rxjava3.internal.operators.single.SingleDoOnSuccess.subscribeActual(SingleDoOnSuccess.java:35)
	at io.reactivex.rxjava3.core.Single.subscribe(Single.java:4855)
	at io.reactivex.rxjava3.internal.operators.single.SingleToFlowable.subscribeActual(SingleToFlowable.java:38)
	at io.reactivex.rxjava3.core.Flowable.subscribe(Flowable.java:15917)
	at io.reactivex.rxjava3.core.Flowable.subscribe(Flowable.java:15863)
	at io.reactivex.rxjava3.internal.operators.flowable.FlowableConcatMap$ConcatMapImmediate.drain(FlowableConcatMap.java:318)
	at io.reactivex.rxjava3.internal.operators.flowable.FlowableConcatMap$BaseConcatMapSubscriber.onNext(FlowableConcatMap.java:159)
	at io.reactivex.rxjava3.internal.operators.single.SingleFlatMapPublisher$SingleFlatMapPublisherObserver.onNext(SingleFlatMapPublisher.java:107)
	at io.reactivex.rxjava3.internal.util.HalfSerializer.onNext(HalfSerializer.java:46)
	at io.reactivex.rxjava3.internal.operators.flowable.FlowableConcatMap$ConcatMapImmediate.innerNext(FlowableConcatMap.java:206)
	at io.reactivex.rxjava3.internal.operators.flowable.FlowableConcatMap$ConcatMapInner.onNext(FlowableConcatMap.java:563)
	at io.reactivex.rxjava3.internal.subscriptions.DeferredScalarSubscription.complete(DeferredScalarSubscription.java:133)
	at io.reactivex.rxjava3.internal.operators.single.SingleToFlowable$SingleToFlowableObserver.onSuccess(SingleToFlowable.java:63)
	at io.reactivex.rxjava3.internal.operators.single.SingleJust.subscribeActual(SingleJust.java:30)
	at io.reactivex.rxjava3.core.Single.subscribe(Single.java:4855)
	at io.reactivex.rxjava3.internal.operators.single.SingleToFlowable.subscribeActual(SingleToFlowable.java:38)
	at io.reactivex.rxjava3.core.Flowable.subscribe(Flowable.java:15917)
	at io.reactivex.rxjava3.core.Flowable.subscribe(Flowable.java:15863)
	at io.reactivex.rxjava3.internal.operators.flowable.FlowableConcatMap$ConcatMapImmediate.drain(FlowableConcatMap.java:318)
	at io.reactivex.rxjava3.internal.operators.flowable.FlowableConcatMap$BaseConcatMapSubscriber.onNext(FlowableConcatMap.java:159)
	at io.reactivex.rxjava3.internal.operators.flowable.FlowableDoFinally$DoFinallySubscriber.onNext(FlowableDoFinally.java:85)
	at io.reactivex.rxjava3.internal.operators.flowable.FlowableDoOnEach$DoOnEachSubscriber.onNext(FlowableDoOnEach.java:92)
	at io.reactivex.rxjava3.internal.operators.flowable.FlowableDoOnEach$DoOnEachSubscriber.onNext(FlowableDoOnEach.java:92)
	at io.reactivex.rxjava3.internal.subscriptions.DeferredScalarSubscription.complete(DeferredScalarSubscription.java:133)
	at io.reactivex.rxjava3.internal.operators.flowable.FlowableFromFuture.subscribeActual(FlowableFromFuture.java:54)
	at io.reactivex.rxjava3.core.Flowable.subscribe(Flowable.java:15917)
	at io.reactivex.rxjava3.internal.operators.flowable.FlowableDoOnEach.subscribeActual(FlowableDoOnEach.java:50)
	at io.reactivex.rxjava3.core.Flowable.subscribe(Flowable.java:15917)
	at io.reactivex.rxjava3.internal.operators.flowable.FlowableDoOnEach.subscribeActual(FlowableDoOnEach.java:50)
	at io.reactivex.rxjava3.core.Flowable.subscribe(Flowable.java:15917)
	at io.reactivex.rxjava3.internal.operators.flowable.FlowableDoFinally.subscribeActual(FlowableDoFinally.java:47)
	at io.reactivex.rxjava3.core.Flowable.subscribe(Flowable.java:15917)
	at io.reactivex.rxjava3.core.Flowable.subscribe(Flowable.java:15863)
	at io.reactivex.rxjava3.internal.operators.flowable.FlowableDefer.subscribeActual(FlowableDefer.java:42)
	at io.reactivex.rxjava3.core.Flowable.subscribe(Flowable.java:15917)
	at io.reactivex.rxjava3.core.Flowable.subscribe(Flowable.java:15863)
	at io.reactivex.rxjava3.internal.operators.flowable.FlowableConcatMap.subscribeActual(FlowableConcatMap.java:66)
	at io.reactivex.rxjava3.core.Flowable.subscribe(Flowable.java:15917)
	at io.reactivex.rxjava3.core.Flowable.subscribe(Flowable.java:15863)
	at io.reactivex.rxjava3.internal.operators.single.SingleFlatMapPublisher$SingleFlatMapPublisherObserver.onSuccess(SingleFlatMapPublisher.java:96)
	at io.reactivex.rxjava3.internal.operators.single.SingleJust.subscribeActual(SingleJust.java:30)
	at io.reactivex.rxjava3.core.Single.subscribe(Single.java:4855)
	at io.reactivex.rxjava3.internal.operators.single.SingleFlatMapPublisher.subscribeActual(SingleFlatMapPublisher.java:59)
	at io.reactivex.rxjava3.core.Flowable.subscribe(Flowable.java:15917)
	at io.reactivex.rxjava3.core.Flowable.subscribe(Flowable.java:15863)
	at io.reactivex.rxjava3.internal.operators.flowable.FlowableConcatMap.subscribeActual(FlowableConcatMap.java:66)
	at io.reactivex.rxjava3.core.Flowable.subscribe(Flowable.java:15917)
	at io.reactivex.rxjava3.core.Flowable.subscribe(Flowable.java:15863)
	at io.reactivex.rxjava3.internal.operators.flowable.FlowableConcatMap.subscribeActual(FlowableConcatMap.java:66)
	at io.reactivex.rxjava3.core.Flowable.subscribe(Flowable.java:15917)
	at io.reactivex.rxjava3.core.Flowable.subscribe(Flowable.java:15863)
	at io.reactivex.rxjava3.internal.operators.flowable.FlowableConcatArray$ConcatArraySubscriber.onComplete(FlowableConcatArray.java:141)
	at io.reactivex.rxjava3.internal.operators.flowable.FlowableConcatArray.subscribeActual(FlowableConcatArray.java:41)
	at io.reactivex.rxjava3.core.Flowable.subscribe(Flowable.java:15917)
	at io.reactivex.rxjava3.core.Flowable.subscribe(Flowable.java:15863)
	at io.reactivex.rxjava3.internal.operators.single.SingleFlatMapPublisher$SingleFlatMapPublisherObserver.onSuccess(SingleFlatMapPublisher.java:96)
	at io.reactivex.rxjava3.internal.operators.single.SingleFlatMap$SingleFlatMapCallback$FlatMapSingleObserver.onSuccess(SingleFlatMap.java:112)
	at io.reactivex.rxjava3.internal.observers.ResumeSingleObserver.onSuccess(ResumeSingleObserver.java:46)
	at io.reactivex.rxjava3.internal.operators.single.SingleFromCallable.subscribeActual(SingleFromCallable.java:55)
	at io.reactivex.rxjava3.core.Single.subscribe(Single.java:4855)
	at io.reactivex.rxjava3.internal.operators.single.SingleDelayWithCompletable$OtherObserver.onComplete(SingleDelayWithCompletable.java:69)
	at io.reactivex.rxjava3.internal.util.AtomicThrowable.tryTerminateConsumer(AtomicThrowable.java:154)
	at io.reactivex.rxjava3.internal.operators.mixed.FlowableConcatMapCompletable$ConcatMapCompletableObserver.drain(FlowableConcatMapCompletable.java:166)
	at io.reactivex.rxjava3.internal.operators.mixed.ConcatMapXMainSubscriber.onSubscribe(ConcatMapXMainSubscriber.java:77)
	at io.reactivex.rxjava3.internal.operators.flowable.FlowableFromIterable.subscribe(FlowableFromIterable.java:69)
	at io.reactivex.rxjava3.internal.operators.flowable.FlowableFromIterable.subscribeActual(FlowableFromIterable.java:47)
	at io.reactivex.rxjava3.core.Flowable.subscribe(Flowable.java:15917)
	at io.reactivex.rxjava3.internal.operators.mixed.FlowableConcatMapCompletable.subscribeActual(FlowableConcatMapCompletable.java:56)
	at io.reactivex.rxjava3.core.Completable.subscribe(Completable.java:2859)
	at io.reactivex.rxjava3.internal.operators.single.SingleDelayWithCompletable.subscribeActual(SingleDelayWithCompletable.java:36)
	at io.reactivex.rxjava3.core.Single.subscribe(Single.java:4855)
	at io.reactivex.rxjava3.internal.operators.single.SingleFlatMap$SingleFlatMapCallback.onSuccess(SingleFlatMap.java:85)
	at io.reactivex.rxjava3.internal.operators.single.SingleMap$MapSingleObserver.onSuccess(SingleMap.java:65)
	at io.reactivex.rxjava3.internal.operators.single.SingleDoOnSuccess$DoOnSuccess.onSuccess(SingleDoOnSuccess.java:60)
	at io.reactivex.rxjava3.internal.operators.single.SingleFlatMap$SingleFlatMapCallback$FlatMapSingleObserver.onSuccess(SingleFlatMap.java:112)
	at io.reactivex.rxjava3.internal.operators.single.SingleJust.subscribeActual(SingleJust.java:30)
	at io.reactivex.rxjava3.core.Single.subscribe(Single.java:4855)
	at io.reactivex.rxjava3.internal.operators.single.SingleFlatMap$SingleFlatMapCallback.onSuccess(SingleFlatMap.java:85)
	at io.reactivex.rxjava3.internal.operators.single.SingleMap$MapSingleObserver.onSuccess(SingleMap.java:65)
	at io.reactivex.rxjava3.internal.operators.single.SingleDoOnSuccess$DoOnSuccess.onSuccess(SingleDoOnSuccess.java:60)
	at io.reactivex.rxjava3.internal.operators.single.SingleFlatMap$SingleFlatMapCallback$FlatMapSingleObserver.onSuccess(SingleFlatMap.java:112)
	at io.reactivex.rxjava3.internal.operators.single.SingleJust.subscribeActual(SingleJust.java:30)
	at io.reactivex.rxjava3.core.Single.subscribe(Single.java:4855)
	at io.reactivex.rxjava3.internal.operators.single.SingleFlatMap$SingleFlatMapCallback.onSuccess(SingleFlatMap.java:85)
	at io.reactivex.rxjava3.internal.operators.single.SingleMap$MapSingleObserver.onSuccess(SingleMap.java:65)
	at io.reactivex.rxjava3.internal.operators.single.SingleDoOnSuccess$DoOnSuccess.onSuccess(SingleDoOnSuccess.java:60)
	at io.reactivex.rxjava3.internal.operators.single.SingleFlatMap$SingleFlatMapCallback$FlatMapSingleObserver.onSuccess(SingleFlatMap.java:112)
	at io.reactivex.rxjava3.internal.operators.single.SingleJust.subscribeActual(SingleJust.java:30)
	at io.reactivex.rxjava3.core.Single.subscribe(Single.java:4855)
	at io.reactivex.rxjava3.internal.operators.single.SingleFlatMap$SingleFlatMapCallback.onSuccess(SingleFlatMap.java:85)
	at io.reactivex.rxjava3.internal.operators.single.SingleMap$MapSingleObserver.onSuccess(SingleMap.java:65)
	at io.reactivex.rxjava3.internal.operators.single.SingleDoOnSuccess$DoOnSuccess.onSuccess(SingleDoOnSuccess.java:60)
	at io.reactivex.rxjava3.internal.operators.single.SingleFlatMap$SingleFlatMapCallback$FlatMapSingleObserver.onSuccess(SingleFlatMap.java:112)
	at io.reactivex.rxjava3.internal.operators.single.SingleJust.subscribeActual(SingleJust.java:30)
	at io.reactivex.rxjava3.core.Single.subscribe(Single.java:4855)
	at io.reactivex.rxjava3.internal.operators.single.SingleFlatMap$SingleFlatMapCallback.onSuccess(SingleFlatMap.java:85)
	at io.reactivex.rxjava3.internal.operators.single.SingleMap$MapSingleObserver.onSuccess(SingleMap.java:65)
	at io.reactivex.rxjava3.internal.operators.single.SingleDoOnSuccess$DoOnSuccess.onSuccess(SingleDoOnSuccess.java:60)
	at io.reactivex.rxjava3.internal.operators.single.SingleFlatMap$SingleFlatMapCallback$FlatMapSingleObserver.onSuccess(SingleFlatMap.java:112)
	at io.reactivex.rxjava3.internal.operators.single.SingleMap$MapSingleObserver.onSuccess(SingleMap.java:65)
	at io.reactivex.rxjava3.internal.operators.single.SingleFlatMap$SingleFlatMapCallback$FlatMapSingleObserver.onSuccess(SingleFlatMap.java:112)
	at io.reactivex.rxjava3.internal.operators.single.SingleFlatMap$SingleFlatMapCallback$FlatMapSingleObserver.onSuccess(SingleFlatMap.java:112)
	at io.reactivex.rxjava3.internal.operators.single.SingleMap$MapSingleObserver.onSuccess(SingleMap.java:65)
	at io.reactivex.rxjava3.internal.operators.single.SingleZipArray$ZipCoordinator.innerSuccess(SingleZipArray.java:126)
	at io.reactivex.rxjava3.internal.operators.single.SingleZipArray$ZipSingleObserver.onSuccess(SingleZipArray.java:178)
	at io.reactivex.rxjava3.internal.operators.single.SingleJust.subscribeActual(SingleJust.java:30)
	at io.reactivex.rxjava3.core.Single.subscribe(Single.java:4855)
	at io.reactivex.rxjava3.internal.operators.single.SingleZipIterable.subscribeActual(SingleZipIterable.java:77)
	at io.reactivex.rxjava3.core.Single.subscribe(Single.java:4855)
	at io.reactivex.rxjava3.internal.operators.single.SingleMap.subscribeActual(SingleMap.java:35)
	at io.reactivex.rxjava3.core.Single.subscribe(Single.java:4855)
	at io.reactivex.rxjava3.internal.operators.single.SingleFlatMap$SingleFlatMapCallback.onSuccess(SingleFlatMap.java:85)
	at io.reactivex.rxjava3.internal.operators.single.SingleJust.subscribeActual(SingleJust.java:30)
	at io.reactivex.rxjava3.core.Single.subscribe(Single.java:4855)
	at io.reactivex.rxjava3.internal.operators.single.SingleFlatMap.subscribeActual(SingleFlatMap.java:37)
	at io.reactivex.rxjava3.core.Single.subscribe(Single.java:4855)
	at io.reactivex.rxjava3.internal.operators.single.SingleFlatMap$SingleFlatMapCallback.onSuccess(SingleFlatMap.java:85)
	at io.reactivex.rxjava3.internal.operators.single.SingleJust.subscribeActual(SingleJust.java:30)
	at io.reactivex.rxjava3.core.Single.subscribe(Single.java:4855)
	at io.reactivex.rxjava3.internal.operators.single.SingleFlatMap.subscribeActual(SingleFlatMap.java:37)
	at io.reactivex.rxjava3.core.Single.subscribe(Single.java:4855)
	at io.reactivex.rxjava3.internal.operators.single.SingleMap.subscribeActual(SingleMap.java:35)
	at io.reactivex.rxjava3.core.Single.subscribe(Single.java:4855)
	at io.reactivex.rxjava3.internal.operators.single.SingleFlatMap$SingleFlatMapCallback.onSuccess(SingleFlatMap.java:85)
	at io.reactivex.rxjava3.internal.operators.single.SingleMap$MapSingleObserver.onSuccess(SingleMap.java:65)
	at io.reactivex.rxjava3.internal.operators.single.SingleDoOnSuccess$DoOnSuccess.onSuccess(SingleDoOnSuccess.java:60)
	at io.reactivex.rxjava3.internal.operators.single.SingleFlatMap$SingleFlatMapCallback$FlatMapSingleObserver.onSuccess(SingleFlatMap.java:112)
	at io.reactivex.rxjava3.internal.operators.single.SingleJust.subscribeActual(SingleJust.java:30)
	at io.reactivex.rxjava3.core.Single.subscribe(Single.java:4855)
	at io.reactivex.rxjava3.internal.operators.single.SingleFlatMap$SingleFlatMapCallback.onSuccess(SingleFlatMap.java:85)
	at io.reactivex.rxjava3.internal.operators.single.SingleJust.subscribeActual(SingleJust.java:30)
	at io.reactivex.rxjava3.core.Single.subscribe(Single.java:4855)
	at io.reactivex.rxjava3.internal.operators.single.SingleFlatMap.subscribeActual(SingleFlatMap.java:37)
	at io.reactivex.rxjava3.core.Single.subscribe(Single.java:4855)
	at io.reactivex.rxjava3.internal.operators.single.SingleDoOnSuccess.subscribeActual(SingleDoOnSuccess.java:35)
	at io.reactivex.rxjava3.core.Single.subscribe(Single.java:4855)
	at io.reactivex.rxjava3.internal.operators.single.SingleMap.subscribeActual(SingleMap.java:35)
	at io.reactivex.rxjava3.core.Single.subscribe(Single.java:4855)
	at io.reactivex.rxjava3.internal.operators.single.SingleFlatMap.subscribeActual(SingleFlatMap.java:37)
	at io.reactivex.rxjava3.core.Single.subscribe(Single.java:4855)
	at io.reactivex.rxjava3.internal.operators.single.SingleDoOnSuccess.subscribeActual(SingleDoOnSuccess.java:35)
	at io.reactivex.rxjava3.core.Single.subscribe(Single.java:4855)
	at io.reactivex.rxjava3.internal.operators.single.SingleMap.subscribeActual(SingleMap.java:35)
	at io.reactivex.rxjava3.core.Single.subscribe(Single.java:4855)
	at io.reactivex.rxjava3.internal.operators.single.SingleFlatMap.subscribeActual(SingleFlatMap.java:37)
	at io.reactivex.rxjava3.core.Single.subscribe(Single.java:4855)
	at io.reactivex.rxjava3.internal.operators.single.SingleDoOnSuccess.subscribeActual(SingleDoOnSuccess.java:35)
	at io.reactivex.rxjava3.core.Single.subscribe(Single.java:4855)
	at io.reactivex.rxjava3.internal.operators.single.SingleMap.subscribeActual(SingleMap.java:35)
	at io.reactivex.rxjava3.core.Single.subscribe(Single.java:4855)
	at io.reactivex.rxjava3.internal.operators.single.SingleFlatMap.subscribeActual(SingleFlatMap.java:37)
	at io.reactivex.rxjava3.core.Single.subscribe(Single.java:4855)
	at io.reactivex.rxjava3.internal.operators.single.SingleDoOnSuccess.subscribeActual(SingleDoOnSuccess.java:35)
	at io.reactivex.rxjava3.core.Single.subscribe(Single.java:4855)
	at io.reactivex.rxjava3.internal.operators.single.SingleMap.subscribeActual(SingleMap.java:35)
	at io.reactivex.rxjava3.core.Single.subscribe(Single.java:4855)
	at io.reactivex.rxjava3.internal.operators.single.SingleFlatMap.subscribeActual(SingleFlatMap.java:37)
	at io.reactivex.rxjava3.core.Single.subscribe(Single.java:4855)
	at io.reactivex.rxjava3.internal.operators.single.SingleDoOnSuccess.subscribeActual(SingleDoOnSuccess.java:35)
	at io.reactivex.rxjava3.core.Single.subscribe(Single.java:4855)
	at io.reactivex.rxjava3.internal.operators.single.SingleMap.subscribeActual(SingleMap.java:35)
	at io.reactivex.rxjava3.core.Single.subscribe(Single.java:4855)
	at io.reactivex.rxjava3.internal.operators.single.SingleFlatMap.subscribeActual(SingleFlatMap.java:37)
	at io.reactivex.rxjava3.core.Single.subscribe(Single.java:4855)
	at io.reactivex.rxjava3.internal.operators.single.SingleDoOnSuccess.subscribeActual(SingleDoOnSuccess.java:35)
	at io.reactivex.rxjava3.core.Single.subscribe(Single.java:4855)
	at io.reactivex.rxjava3.internal.operators.single.SingleMap.subscribeActual(SingleMap.java:35)
	at io.reactivex.rxjava3.core.Single.subscribe(Single.java:4855)
	at io.reactivex.rxjava3.internal.operators.single.SingleFlatMap.subscribeActual(SingleFlatMap.java:37)
	at io.reactivex.rxjava3.core.Single.subscribe(Single.java:4855)
	at io.reactivex.rxjava3.internal.operators.single.SingleFlatMapPublisher.subscribeActual(SingleFlatMapPublisher.java:59)
	at io.reactivex.rxjava3.core.Flowable.subscribe(Flowable.java:15917)
	at io.reactivex.rxjava3.internal.operators.flowable.FlowableCache.subscribeActual(FlowableCache.java:115)
	at io.reactivex.rxjava3.core.Flowable.subscribe(Flowable.java:15917)
	at io.reactivex.rxjava3.core.Flowable.subscribe(Flowable.java:15863)
	at io.reactivex.rxjava3.internal.operators.flowable.FlowableConcatArray$ConcatArraySubscriber.onComplete(FlowableConcatArray.java:141)
	at io.reactivex.rxjava3.internal.operators.flowable.FlowableConcatArray.subscribeActual(FlowableConcatArray.java:41)
	at io.reactivex.rxjava3.core.Flowable.subscribe(Flowable.java:15917)
	at io.reactivex.rxjava3.internal.operators.flowable.FlowableDoOnEach.subscribeActual(FlowableDoOnEach.java:50)
	at io.reactivex.rxjava3.core.Flowable.subscribe(Flowable.java:15917)
	at io.reactivex.rxjava3.core.Flowable.subscribe(Flowable.java:15863)
	at io.reactivex.rxjava3.internal.operators.flowable.FlowableDefer.subscribeActual(FlowableDefer.java:42)
	at io.reactivex.rxjava3.core.Flowable.subscribe(Flowable.java:15917)
	at io.reactivex.rxjava3.core.Flowable.subscribe(Flowable.java:15863)
	at io.reactivex.rxjava3.internal.operators.flowable.FlowableConcatArray$ConcatArraySubscriber.onComplete(FlowableConcatArray.java:141)
	at io.reactivex.rxjava3.internal.operators.flowable.FlowableConcatArray.subscribeActual(FlowableConcatArray.java:41)
	at io.reactivex.rxjava3.core.Flowable.subscribe(Flowable.java:15917)
	at io.reactivex.rxjava3.core.Flowable.subscribe(Flowable.java:15863)
	at io.reactivex.rxjava3.internal.operators.single.SingleFlatMapPublisher$SingleFlatMapPublisherObserver.onSuccess(SingleFlatMapPublisher.java:96)
	at io.reactivex.rxjava3.internal.operators.single.SingleJust.subscribeActual(SingleJust.java:30)
	at io.reactivex.rxjava3.core.Single.subscribe(Single.java:4855)
	at io.reactivex.rxjava3.internal.operators.single.SingleFlatMapPublisher.subscribeActual(SingleFlatMapPublisher.java:59)
	at io.reactivex.rxjava3.core.Flowable.subscribe(Flowable.java:15917)
	at io.reactivex.rxjava3.internal.operators.flowable.FlowableDoFinally.subscribeActual(FlowableDoFinally.java:47)
	at io.reactivex.rxjava3.core.Flowable.subscribe(Flowable.java:15917)
	at io.reactivex.rxjava3.core.Flowable.subscribe(Flowable.java:15863)
	at io.reactivex.rxjava3.internal.operators.flowable.FlowableDefer.subscribeActual(FlowableDefer.java:42)
	at io.reactivex.rxjava3.core.Flowable.subscribe(Flowable.java:15917)
	at io.reactivex.rxjava3.internal.operators.flowable.FlowableDoOnEach.subscribeActual(FlowableDoOnEach.java:50)
	at io.reactivex.rxjava3.core.Flowable.subscribe(Flowable.java:15917)
	at io.reactivex.rxjava3.core.Flowable.subscribe(Flowable.java:15863)
	at io.reactivex.rxjava3.internal.operators.flowable.FlowableDefer.subscribeActual(FlowableDefer.java:42)
	at io.reactivex.rxjava3.core.Flowable.subscribe(Flowable.java:15917)
	at io.reactivex.rxjava3.core.Flowable.subscribe(Flowable.java:15863)
	at io.reactivex.rxjava3.internal.operators.flowable.FlowableConcatArray$ConcatArraySubscriber.onComplete(FlowableConcatArray.java:141)
	at io.reactivex.rxjava3.internal.operators.flowable.FlowableConcatArray.subscribeActual(FlowableConcatArray.java:41)
	at io.reactivex.rxjava3.core.Flowable.subscribe(Flowable.java:15917)
	at io.reactivex.rxjava3.core.Flowable.subscribe(Flowable.java:15863)
	at io.reactivex.rxjava3.internal.operators.single.SingleFlatMapPublisher$SingleFlatMapPublisherObserver.onSuccess(SingleFlatMapPublisher.java:96)
	at io.reactivex.rxjava3.internal.operators.single.SingleJust.subscribeActual(SingleJust.java:30)
	at io.reactivex.rxjava3.core.Single.subscribe(Single.java:4855)
	at io.reactivex.rxjava3.internal.operators.single.SingleFlatMapPublisher.subscribeActual(SingleFlatMapPublisher.java:59)
	at io.reactivex.rxjava3.core.Flowable.subscribe(Flowable.java:15917)
	at io.reactivex.rxjava3.internal.operators.flowable.FlowableDoFinally.subscribeActual(FlowableDoFinally.java:47)
	at io.reactivex.rxjava3.core.Flowable.subscribe(Flowable.java:15917)
	at io.reactivex.rxjava3.core.Flowable.subscribe(Flowable.java:15863)
	at io.reactivex.rxjava3.internal.operators.flowable.FlowableDefer.subscribeActual(FlowableDefer.java:42)
	at io.reactivex.rxjava3.core.Flowable.subscribe(Flowable.java:15917)
	at io.reactivex.rxjava3.internal.operators.flowable.FlowableDoOnEach.subscribeActual(FlowableDoOnEach.java:50)
	at io.reactivex.rxjava3.core.Flowable.subscribe(Flowable.java:15917)
	at io.reactivex.rxjava3.core.Flowable.subscribe(Flowable.java:15863)
	at io.reactivex.rxjava3.internal.operators.flowable.FlowableScalarXMap$ScalarXMapFlowable.subscribeActual(FlowableScalarXMap.java:160)
	at io.reactivex.rxjava3.core.Flowable.subscribe(Flowable.java:15917)
	at io.reactivex.rxjava3.internal.operators.flowable.FlowableDoOnEach.subscribeActual(FlowableDoOnEach.java:50)
	at io.reactivex.rxjava3.core.Flowable.subscribe(Flowable.java:15917)
	at io.reactivex.rxjava3.internal.operators.flowable.FlowableDoFinally.subscribeActual(FlowableDoFinally.java:47)
	at io.reactivex.rxjava3.core.Flowable.subscribe(Flowable.java:15917)
	at io.reactivex.rxjava3.core.Flowable.subscribe(Flowable.java:15863)
	at io.reactivex.rxjava3.internal.operators.single.SingleFlatMapPublisher$SingleFlatMapPublisherObserver.onSuccess(SingleFlatMapPublisher.java:96)
	at io.reactivex.rxjava3.internal.operators.maybe.MaybeSwitchIfEmptySingle$SwitchIfEmptyMaybeObserver.onSuccess(MaybeSwitchIfEmptySingle.java:82)
	at io.reactivex.rxjava3.internal.operators.maybe.MaybeJust.subscribeActual(MaybeJust.java:36)
	at io.reactivex.rxjava3.core.Maybe.subscribe(Maybe.java:5375)
	at io.reactivex.rxjava3.internal.operators.maybe.MaybeSwitchIfEmptySingle.subscribeActual(MaybeSwitchIfEmptySingle.java:45)
	at io.reactivex.rxjava3.core.Single.subscribe(Single.java:4855)
	at io.reactivex.rxjava3.internal.operators.single.SingleFlatMapPublisher.subscribeActual(SingleFlatMapPublisher.java:59)
	at io.reactivex.rxjava3.core.Flowable.subscribe(Flowable.java:15917)
	at io.reactivex.rxjava3.internal.operators.flowable.FlowableObserveOn.subscribeActual(FlowableObserveOn.java:58)
	at io.reactivex.rxjava3.core.Flowable.subscribe(Flowable.java:15917)
	at io.reactivex.rxjava3.core.Flowable.subscribe(Flowable.java:15808)
	at com.google.adk.web.AdkWebServer$AgentController.lambda$agentRunSse$0(AdkWebServer.java:1241)
	at java.base/java.util.concurrent.ThreadPoolExecutor.runWorker(ThreadPoolExecutor.java:1144)
	at java.base/java.util.concurrent.ThreadPoolExecutor$Worker.run(ThreadPoolExecutor.java:642)
	at java.base/java.lang.Thread.run(Thread.java:1583)
Caused by: com.google.gson.stream.MalformedJsonException: Use JsonReader.setLenient(true) to accept malformed JSON at line 1 column 7 path $
	at com.google.gson.stream.JsonReader.syntaxError(JsonReader.java:1659)
	at com.google.gson.stream.JsonReader.checkLenient(JsonReader.java:1465)
	at com.google.gson.stream.JsonReader.doPeek(JsonReader.java:551)
	at com.google.gson.stream.JsonReader.peek(JsonReader.java:433)
	at com.google.gson.JsonParser.parseReader(JsonParser.java:71)
	... 293 more

2025-09-01 15:11:46 [http-nio-8080-exec-6] INFO  c.g.a.w.AdkWebServer$AgentController - Request received for GET /debug/trace/session/03472e55-f1ba-4044-ad7d-c1c4137ff23c
2025-09-01 15:11:46 [http-nio-8080-exec-9] INFO  c.g.a.w.AdkWebServer$AgentController - Request received for GET /apps/Coordinator/users/user/sessions/03472e55-f1ba-4044-ad7d-c1c4137ff23c
2025-09-01 15:11:46 [http-nio-8080-exec-6] INFO  c.g.a.w.AdkWebServer$AgentController - Returning 9 spans for session ID: 03472e55-f1ba-4044-ad7d-c1c4137ff23c
2025-09-01 15:12:05 [http-nio-8080-exec-1] INFO  c.g.a.w.AdkWebServer$AgentController - SseEmitter Request received for POST /run_sse_emitter for session: 03472e55-f1ba-4044-ad7d-c1c4137ff23c
2025-09-01 15:12:09 [http-nio-8080-exec-3] INFO  c.g.a.w.AdkWebServer$AgentController - Request received for GET /debug/trace/session/03472e55-f1ba-4044-ad7d-c1c4137ff23c
2025-09-01 15:12:09 [http-nio-8080-exec-4] INFO  c.g.a.w.AdkWebServer$AgentController - Request received for GET /apps/Coordinator/users/user/sessions/03472e55-f1ba-4044-ad7d-c1c4137ff23c
2025-09-01 15:12:09 [http-nio-8080-exec-3] INFO  c.g.a.w.AdkWebServer$AgentController - Returning 10 spans for session ID: 03472e55-f1ba-4044-ad7d-c1c4137ff23c
2025-09-01 15:12:20 [http-nio-8080-exec-8] INFO  c.g.a.w.AdkWebServer$AgentController - SseEmitter Request received for POST /run_sse_emitter for session: 03472e55-f1ba-4044-ad7d-c1c4137ff23c
2025-09-01 15:12:20 [pool-2-thread-1] INFO  c.p.t.s.agent.planning.PlanningAgent - Starting PlanningAgent runAsyncImpl
2025-09-01 15:12:49 [pool-2-thread-1] INFO  c.p.t.s.p.s.GeneratePlanService - Starting concurrent trip plan generation for origin: FLR, destinations: 3
2025-09-01 15:12:49 [pool-2-thread-1] DEBUG c.p.t.s.p.s.GeneratePlanService - Validating parameters
2025-09-01 15:12:49 [pool-2-thread-1] DEBUG c.p.t.s.p.s.GeneratePlanService - Precise travel calculation: daysBetween=7, tripDays=7, preciseTravel=true
2025-09-01 15:12:49 [pool-2-thread-1] DEBUG c.p.t.s.p.s.GeneratePlanService - Round trip calculation: first=FCO, last=ORY, roundTrip=false
2025-09-01 15:12:49 [pool-2-thread-1] INFO  c.p.t.s.p.s.GeneratePlanService - Trip configuration: preciseTravel=true, roundTrip=false
2025-09-01 15:12:49 [pool-2-thread-1] DEBUG c.p.t.s.p.s.GeneratePlanService - Thread Pool Status - Active: 0, Pool Size: 0, Queue Size: 0, Completed Tasks: 0, Total Tasks: 0
2025-09-01 15:12:53 [pool-2-thread-1] INFO  c.p.t.s.p.s.GeneratePlanService - Starting concurrent searches with 16 threads
2025-09-01 15:12:53 [TripPlan-1] INFO  c.p.t.s.s.plan.FlightSearchService - Searching flight offers
2025-09-01 15:12:53 [TripPlan-2] INFO  c.p.t.s.s.plan.HotelSearchService - Getting hotels by city for 3 routes
2025-09-01 15:12:53 [TripPlan-1] INFO  c.p.t.s.s.e.a.AmadeusFlightService - Searching flight offers with request: FlightOffersSearchRequest(origin=FLR, destination=FCO, departureDate=2025-10-01, returnDate=null, adults=1, children=1, infants=0, nonStop=true, currency=CNY, maxPrice=25000, max=50)
2025-09-01 15:12:53 [TripPlan-3] INFO  c.p.t.s.s.plan.LocationSearchService - Searching city locations for 3 cities: [Rome, Ostia, Paris]
2025-09-01 15:12:54 [TripPlan-1] DEBUG c.p.trip.scale.util.CacheKeyUtil - Generated cache key: fo_67f5ebfe070594ca53f807e5e020f89a for request: flight_offers|FLR|FCO|2025-10-01||1|1|0|true|CNY|25000|50
2025-09-01 15:12:54 [TripPlan-3] DEBUG c.p.t.s.s.plan.LocationSearchService - Processed city list: 3 unique cities
2025-09-01 15:12:54 [TripPlan-1] DEBUG c.p.t.s.s.e.a.AmadeusFlightService - Cache miss for key: fo_67f5ebfe070594ca53f807e5e020f89a
2025-09-01 15:12:54 [TripPlan-3] DEBUG c.p.t.s.s.plan.LocationSearchService - Cache miss for city: Rome
2025-09-01 15:12:54 [TripPlan-1] INFO  c.p.t.s.s.e.a.AmadeusFlightService - Cache miss for key: fo_67f5ebfe070594ca53f807e5e020f89a, calling API
2025-09-01 15:12:54 [TripPlan-3] DEBUG c.p.t.s.s.plan.LocationSearchService - Cache miss for city: Ostia
2025-09-01 15:12:54 [TripPlan-3] DEBUG c.p.t.s.s.plan.LocationSearchService - Cache miss for city: Paris
2025-09-01 15:12:54 [TripPlan-3] INFO  c.p.t.s.s.plan.LocationSearchService - Cache statistics - hits: 0, misses: 3, total: 3
2025-09-01 15:12:54 [TripPlan-3] INFO  c.p.t.s.s.plan.LocationSearchService - Querying 3 cities from API: [Rome, Ostia, Paris]
2025-09-01 15:12:54 [TripPlan-3] DEBUG c.p.t.s.s.plan.LocationSearchService - Searching location for city from API: Ostia
2025-09-01 15:12:54 [ForkJoinPool.commonPool-worker-3] DEBUG c.p.t.s.s.plan.LocationSearchService - Searching location for city from API: Rome
2025-09-01 15:12:54 [ForkJoinPool.commonPool-worker-4] DEBUG c.p.t.s.s.plan.LocationSearchService - Searching location for city from API: Paris
2025-09-01 15:12:53 [ForkJoinPool.commonPool-worker-1] INFO  c.p.t.s.s.e.a.AmadeusHotelService - Searching hotels by city with request: QueryHotelByCityRequest(cityCode=FCO, radius=10, radiusUnit=KM, amenities=null, ratings=[1, 2, 3, 4, 5])
2025-09-01 15:12:53 [TripPlan-2] INFO  c.p.t.s.s.e.a.AmadeusHotelService - Searching hotels by city with request: QueryHotelByCityRequest(cityCode=OST, radius=10, radiusUnit=KM, amenities=null, ratings=[1, 2, 3, 4, 5])
2025-09-01 15:12:53 [ForkJoinPool.commonPool-worker-2] INFO  c.p.t.s.s.e.a.AmadeusHotelService - Searching hotels by city with request: QueryHotelByCityRequest(cityCode=ORY, radius=10, radiusUnit=KM, amenities=null, ratings=[1, 2, 3, 4, 5])
2025-09-01 15:12:54 [http-nio-8080-exec-2] ERROR c.p.t.s.e.GlobalExceptionHandler - Unexpected exception occurred: null
org.springframework.web.context.request.async.AsyncRequestTimeoutException: null
	at org.springframework.web.context.request.async.TimeoutDeferredResultProcessingInterceptor.handleTimeout(TimeoutDeferredResultProcessingInterceptor.java:42)
	at org.springframework.web.context.request.async.DeferredResultInterceptorChain.triggerAfterTimeout(DeferredResultInterceptorChain.java:81)
	at org.springframework.web.context.request.async.WebAsyncManager.lambda$startDeferredResultProcessing$5(WebAsyncManager.java:414)
	at java.base/java.util.ArrayList.forEach(ArrayList.java:1596)
	at org.springframework.web.context.request.async.StandardServletAsyncWebRequest.onTimeout(StandardServletAsyncWebRequest.java:154)
	at org.apache.catalina.core.AsyncListenerWrapper.fireOnTimeout(AsyncListenerWrapper.java:44)
	at org.apache.catalina.core.AsyncContextImpl.timeout(AsyncContextImpl.java:135)
	at org.apache.catalina.connector.CoyoteAdapter.asyncDispatch(CoyoteAdapter.java:135)
	at org.apache.coyote.AbstractProcessor.dispatch(AbstractProcessor.java:243)
	at org.apache.coyote.AbstractProcessorLight.process(AbstractProcessorLight.java:57)
	at org.apache.coyote.AbstractProtocol$ConnectionHandler.process(AbstractProtocol.java:896)
	at org.apache.tomcat.util.net.NioEndpoint$SocketProcessor.doRun(NioEndpoint.java:1744)
	at org.apache.tomcat.util.net.SocketProcessorBase.run(SocketProcessorBase.java:52)
	at org.apache.tomcat.util.threads.ThreadPoolExecutor.runWorker(ThreadPoolExecutor.java:1191)
	at org.apache.tomcat.util.threads.ThreadPoolExecutor$Worker.run(ThreadPoolExecutor.java:659)
	at org.apache.tomcat.util.threads.TaskThread$WrappingRunnable.run(TaskThread.java:61)
	at java.base/java.lang.Thread.run(Thread.java:1583)
2025-09-01 15:12:54 [http-nio-8080-exec-2] WARN  o.s.w.s.m.m.a.ExceptionHandlerExceptionResolver - Failure in @ExceptionHandler com.pkfare.trip.scale.exception.GlobalExceptionHandler#handleGenericException(Exception, WebRequest)
org.springframework.web.HttpMediaTypeNotAcceptableException: No acceptable representation
	at org.springframework.web.servlet.mvc.method.annotation.AbstractMessageConverterMethodProcessor.writeWithMessageConverters(AbstractMessageConverterMethodProcessor.java:256)
	at org.springframework.web.servlet.mvc.method.annotation.HttpEntityMethodProcessor.handleReturnValue(HttpEntityMethodProcessor.java:245)
	at org.springframework.web.method.support.HandlerMethodReturnValueHandlerComposite.handleReturnValue(HandlerMethodReturnValueHandlerComposite.java:78)
	at org.springframework.web.servlet.mvc.method.annotation.ServletInvocableHandlerMethod.invokeAndHandle(ServletInvocableHandlerMethod.java:136)
	at org.springframework.web.servlet.mvc.method.annotation.ExceptionHandlerExceptionResolver.doResolveHandlerMethodException(ExceptionHandlerExceptionResolver.java:432)
	at org.springframework.web.servlet.handler.AbstractHandlerMethodExceptionResolver.doResolveException(AbstractHandlerMethodExceptionResolver.java:74)
	at org.springframework.web.servlet.handler.AbstractHandlerExceptionResolver.resolveException(AbstractHandlerExceptionResolver.java:161)
	at org.springframework.web.servlet.handler.HandlerExceptionResolverComposite.resolveException(HandlerExceptionResolverComposite.java:80)
	at org.springframework.web.servlet.DispatcherServlet.processHandlerException(DispatcherServlet.java:1357)
	at org.springframework.web.servlet.DispatcherServlet.processDispatchResult(DispatcherServlet.java:1160)
	at org.springframework.web.servlet.DispatcherServlet.doDispatch(DispatcherServlet.java:1106)
	at org.springframework.web.servlet.DispatcherServlet.doService(DispatcherServlet.java:979)
	at org.springframework.web.servlet.FrameworkServlet.processRequest(FrameworkServlet.java:1014)
	at org.springframework.web.servlet.FrameworkServlet.doPost(FrameworkServlet.java:914)
	at jakarta.servlet.http.HttpServlet.service(HttpServlet.java:590)
	at org.springframework.web.servlet.FrameworkServlet.service(FrameworkServlet.java:885)
	at jakarta.servlet.http.HttpServlet.service(HttpServlet.java:658)
	at org.apache.catalina.core.ApplicationFilterChain.internalDoFilter(ApplicationFilterChain.java:205)
	at org.apache.catalina.core.ApplicationFilterChain.doFilter(ApplicationFilterChain.java:149)
	at org.springframework.web.filter.RequestContextFilter.doFilterInternal(RequestContextFilter.java:100)
	at org.springframework.web.filter.OncePerRequestFilter.doFilter(OncePerRequestFilter.java:116)
	at org.apache.catalina.core.ApplicationFilterChain.internalDoFilter(ApplicationFilterChain.java:174)
	at org.apache.catalina.core.ApplicationFilterChain.doFilter(ApplicationFilterChain.java:149)
	at org.springframework.web.filter.OncePerRequestFilter.doFilter(OncePerRequestFilter.java:101)
	at org.apache.catalina.core.ApplicationFilterChain.internalDoFilter(ApplicationFilterChain.java:174)
	at org.apache.catalina.core.ApplicationFilterChain.doFilter(ApplicationFilterChain.java:149)
	at org.springframework.web.filter.OncePerRequestFilter.doFilter(OncePerRequestFilter.java:101)
	at org.apache.catalina.core.ApplicationFilterChain.internalDoFilter(ApplicationFilterChain.java:174)
	at org.apache.catalina.core.ApplicationFilterChain.doFilter(ApplicationFilterChain.java:149)
	at org.apache.catalina.core.ApplicationDispatcher.invoke(ApplicationDispatcher.java:642)
	at org.apache.catalina.core.ApplicationDispatcher.doDispatch(ApplicationDispatcher.java:570)
	at org.apache.catalina.core.ApplicationDispatcher.dispatch(ApplicationDispatcher.java:541)
	at org.apache.catalina.core.AsyncContextImpl$AsyncRunnable.run(AsyncContextImpl.java:570)
	at org.apache.catalina.core.AsyncContextImpl.doInternalDispatch(AsyncContextImpl.java:340)
	at org.apache.catalina.core.StandardWrapperValve.invoke(StandardWrapperValve.java:165)
	at org.apache.catalina.core.StandardContextValve.invoke(StandardContextValve.java:90)
	at org.apache.catalina.authenticator.AuthenticatorBase.invoke(AuthenticatorBase.java:482)
	at org.apache.catalina.core.StandardHostValve.invoke(StandardHostValve.java:115)
	at org.apache.catalina.valves.ErrorReportValve.invoke(ErrorReportValve.java:93)
	at org.apache.catalina.core.StandardEngineValve.invoke(StandardEngineValve.java:74)
	at org.apache.catalina.connector.CoyoteAdapter.asyncDispatch(CoyoteAdapter.java:235)
	at org.apache.coyote.AbstractProcessor.dispatch(AbstractProcessor.java:243)
	at org.apache.coyote.AbstractProcessorLight.process(AbstractProcessorLight.java:57)
	at org.apache.coyote.AbstractProtocol$ConnectionHandler.process(AbstractProtocol.java:896)
	at org.apache.tomcat.util.net.NioEndpoint$SocketProcessor.doRun(NioEndpoint.java:1744)
	at org.apache.tomcat.util.net.SocketProcessorBase.run(SocketProcessorBase.java:52)
	at org.apache.tomcat.util.threads.ThreadPoolExecutor.runWorker(ThreadPoolExecutor.java:1191)
	at org.apache.tomcat.util.threads.ThreadPoolExecutor$Worker.run(ThreadPoolExecutor.java:659)
	at org.apache.tomcat.util.threads.TaskThread$WrappingRunnable.run(TaskThread.java:61)
	at java.base/java.lang.Thread.run(Thread.java:1583)
2025-09-01 15:12:54 [http-nio-8080-exec-2] WARN  o.s.w.s.m.s.DefaultHandlerExceptionResolver - Resolved [org.springframework.web.context.request.async.AsyncRequestTimeoutException]
2025-09-01 15:12:54 [http-nio-8080-exec-7] INFO  c.g.a.w.AdkWebServer$AgentController - Request received for GET /debug/trace/session/03472e55-f1ba-4044-ad7d-c1c4137ff23c
2025-09-01 15:12:54 [http-nio-8080-exec-5] INFO  c.g.a.w.AdkWebServer$AgentController - Request received for GET /apps/Coordinator/users/user/sessions/03472e55-f1ba-4044-ad7d-c1c4137ff23c
2025-09-01 15:12:54 [http-nio-8080-exec-7] INFO  c.g.a.w.AdkWebServer$AgentController - Returning 10 spans for session ID: 03472e55-f1ba-4044-ad7d-c1c4137ff23c
2025-09-01 15:12:56 [ForkJoinPool.commonPool-worker-4] INFO  c.p.t.s.s.plan.LocationSearchService - Successfully found and cached location for city Paris: lat=48.8575475, lng=2.3513765
2025-09-01 15:12:56 [ForkJoinPool.commonPool-worker-3] INFO  c.p.t.s.s.plan.LocationSearchService - Successfully found and cached location for city Rome: lat=41.8967068, lng=12.4822025
2025-09-01 15:12:56 [TripPlan-3] INFO  c.p.t.s.s.plan.LocationSearchService - Successfully found and cached location for city Ostia: lat=41.7311182, lng=12.2862694
2025-09-01 15:12:56 [TripPlan-3] INFO  c.p.t.s.s.plan.LocationSearchService - API query completed, found 3 out of 3 cities
2025-09-01 15:12:56 [TripPlan-3] INFO  c.p.t.s.s.plan.LocationSearchService - Successfully found locations for 3 out of 3 cities (cached: 0, api: 3)
2025-09-01 15:12:56 [TripPlan-3] INFO  c.p.t.s.p.s.GeneratePlanService - [TripPlan-3] City locations search completed in 2894 ms, found 3 locations
2025-09-01 15:12:57 [ForkJoinPool.commonPool-worker-2] INFO  c.p.t.s.s.e.a.AmadeusHotelService - Hotels by city search completed, found 43 results
2025-09-01 15:12:58 [ForkJoinPool.commonPool-worker-2] INFO  c.p.t.s.s.plan.HotelSearchService - Found 43 hotels in city ORY
2025-09-01 15:12:58 [ForkJoinPool.commonPool-worker-1] INFO  c.p.t.s.s.e.a.AmadeusHotelService - Hotels by city search completed, found 11 results
2025-09-01 15:12:58 [ForkJoinPool.commonPool-worker-1] INFO  c.p.t.s.s.plan.HotelSearchService - Found 11 hotels in city FCO
2025-09-01 15:12:58 [TripPlan-1] DEBUG c.p.t.s.s.e.a.AmadeusFlightService - API call completed, found 4 results
2025-09-01 15:12:58 [TripPlan-1] DEBUG c.p.t.s.s.e.a.AmadeusFlightService - Cached 4 flight offers for key: fo_67f5ebfe070594ca53f807e5e020f89a
2025-09-01 15:12:58 [TripPlan-1] INFO  c.p.t.s.s.e.a.AmadeusFlightService - API result cached successfully - 4 flight offers for key: fo_67f5ebfe070594ca53f807e5e020f89a
2025-09-01 15:12:58 [TripPlan-1] DEBUG c.p.t.s.s.e.a.AmadeusFlightService - Flight offers cache stats - size: 1, hitRate: {:.2f}%, evictionCount: 0.0
2025-09-01 15:12:58 [TripPlan-1] INFO  c.p.t.s.s.e.a.AmadeusFlightService - Searching flight offers with request: FlightOffersSearchRequest(origin=ORY, destination=FLR, departureDate=2025-10-07, returnDate=null, adults=1, children=1, infants=0, nonStop=true, currency=CNY, maxPrice=25000, max=50)
2025-09-01 15:12:58 [TripPlan-1] DEBUG c.p.trip.scale.util.CacheKeyUtil - Generated cache key: fo_999021c45cb45939bab7a098937da645 for request: flight_offers|ORY|FLR|2025-10-07||1|1|0|true|CNY|25000|50
2025-09-01 15:12:58 [TripPlan-1] DEBUG c.p.t.s.s.e.a.AmadeusFlightService - Cache miss for key: fo_999021c45cb45939bab7a098937da645
2025-09-01 15:12:58 [TripPlan-1] INFO  c.p.t.s.s.e.a.AmadeusFlightService - Cache miss for key: fo_999021c45cb45939bab7a098937da645, calling API
2025-09-01 15:12:58 [TripPlan-2] INFO  c.p.t.s.s.e.a.AmadeusHotelService - Hotels by city search completed, found 8 results
2025-09-01 15:12:58 [TripPlan-2] INFO  c.p.t.s.s.plan.HotelSearchService - Found 8 hotels in city OST
2025-09-01 15:12:58 [TripPlan-2] INFO  c.p.t.s.p.s.GeneratePlanService - [TripPlan-2] Hotel IDs search completed in 5389 ms, found 3 cities
2025-09-01 15:12:59 [TripPlan-1] DEBUG c.p.t.s.s.e.a.AmadeusFlightService - API call completed, found 4 results
2025-09-01 15:12:59 [TripPlan-1] DEBUG c.p.t.s.s.e.a.AmadeusFlightService - Cached 4 flight offers for key: fo_999021c45cb45939bab7a098937da645
2025-09-01 15:12:59 [TripPlan-1] INFO  c.p.t.s.s.e.a.AmadeusFlightService - API result cached successfully - 4 flight offers for key: fo_999021c45cb45939bab7a098937da645
2025-09-01 15:12:59 [TripPlan-1] DEBUG c.p.t.s.s.e.a.AmadeusFlightService - Flight offers cache stats - size: 2, hitRate: {:.2f}%, evictionCount: 0.0
2025-09-01 15:12:59 [TripPlan-1] INFO  c.p.t.s.s.plan.FlightSearchService - Extracted airport codes: [FCO, ORY, FLR]
2025-09-01 15:13:00 [TripPlan-1] DEBUG c.p.t.s.s.plan.FlightSearchService - Converted location for airport FCO: lat=41.79362, lng=12.2525
2025-09-01 15:13:00 [TripPlan-1] DEBUG c.p.t.s.s.plan.FlightSearchService - Converted location for airport ORY: lat=48.72528, lng=2.35945
2025-09-01 15:13:00 [TripPlan-1] ERROR c.p.t.s.a.a.a.AmadeusFlightAirportLocationSearchAPI - call AmadeusFlightAirportLocationSearchAPI failed
com.amadeus.exceptions.ClientException: [429]
The network rate limit is exceeded, please try again later
	at com.amadeus.Response.detectError(Response.java:78)
	at com.amadeus.HTTPClient.execute(HTTPClient.java:361)
	at com.amadeus.HTTPClient.unauthenticatedRequest(HTTPClient.java:253)
	at com.amadeus.HTTPClient.request(HTTPClient.java:339)
	at com.amadeus.HTTPClient.get(HTTPClient.java:67)
	at com.amadeus.referencedata.Locations.get(Locations.java:114)
	at com.pkfare.trip.scale.api.amadeus.airportlocations.AmadeusFlightAirportLocationSearchAPI.queryFlightLocation(AmadeusFlightAirportLocationSearchAPI.java:22)
	at com.pkfare.trip.scale.service.plan.FlightSearchService.queryFlightLocations(FlightSearchService.java:83)
	at com.pkfare.trip.scale.service.plan.FlightSearchService.searchFlightOffers(FlightSearchService.java:355)
	at com.pkfare.trip.scale.plan.service.GeneratePlanService.lambda$executeConcurrentSearches$0(GeneratePlanService.java:198)
	at java.base/java.util.concurrent.CompletableFuture$AsyncSupply.run$$$capture(CompletableFuture.java:1768)
	at java.base/java.util.concurrent.CompletableFuture$AsyncSupply.run(CompletableFuture.java)
	at java.base/java.util.concurrent.ThreadPoolExecutor.runWorker(ThreadPoolExecutor.java:1144)
	at java.base/java.util.concurrent.ThreadPoolExecutor$Worker.run(ThreadPoolExecutor.java:642)
	at java.base/java.lang.Thread.run(Thread.java:1583)
2025-09-01 15:13:00 [TripPlan-1] ERROR c.p.t.s.s.plan.FlightSearchService - Failed to query location for airport code: FLR
com.pkfare.trip.scale.api.amadeus.exception.AmadeusApiException: null
	at com.pkfare.trip.scale.api.amadeus.airportlocations.AmadeusFlightAirportLocationSearchAPI.queryFlightLocation(AmadeusFlightAirportLocationSearchAPI.java:34)
	at com.pkfare.trip.scale.service.plan.FlightSearchService.queryFlightLocations(FlightSearchService.java:83)
	at com.pkfare.trip.scale.service.plan.FlightSearchService.searchFlightOffers(FlightSearchService.java:355)
	at com.pkfare.trip.scale.plan.service.GeneratePlanService.lambda$executeConcurrentSearches$0(GeneratePlanService.java:198)
	at java.base/java.util.concurrent.CompletableFuture$AsyncSupply.run$$$capture(CompletableFuture.java:1768)
	at java.base/java.util.concurrent.CompletableFuture$AsyncSupply.run(CompletableFuture.java)
	at java.base/java.util.concurrent.ThreadPoolExecutor.runWorker(ThreadPoolExecutor.java:1144)
	at java.base/java.util.concurrent.ThreadPoolExecutor$Worker.run(ThreadPoolExecutor.java:642)
	at java.base/java.lang.Thread.run(Thread.java:1583)
2025-09-01 15:13:00 [TripPlan-1] INFO  c.p.t.s.s.plan.FlightSearchService - Successfully queried 2 flight locations
2025-09-01 15:13:00 [TripPlan-1] DEBUG c.p.t.s.s.plan.FlightSearchService - Added airport FCO to location map: lat=41.79362, lng=12.2525
2025-09-01 15:13:00 [TripPlan-1] DEBUG c.p.t.s.s.plan.FlightSearchService - Added airport ORY to location map: lat=48.72528, lng=2.35945
2025-09-01 15:13:00 [TripPlan-1] INFO  c.p.t.s.s.plan.FlightSearchService - Created airport location map with 2 entries
2025-09-01 15:13:00 [TripPlan-1] DEBUG c.p.t.s.s.plan.FlightSearchService - Supplemented arrival geo for airport: FCO
2025-09-01 15:13:00 [TripPlan-1] DEBUG c.p.t.s.s.plan.FlightSearchService - Supplemented arrival geo for airport: FCO
2025-09-01 15:13:00 [TripPlan-1] DEBUG c.p.t.s.s.plan.FlightSearchService - Supplemented arrival geo for airport: FCO
2025-09-01 15:13:00 [TripPlan-1] DEBUG c.p.t.s.s.plan.FlightSearchService - Supplemented departure geo for airport: ORY
2025-09-01 15:13:00 [TripPlan-1] DEBUG c.p.t.s.s.plan.FlightSearchService - Supplemented departure geo for airport: ORY
2025-09-01 15:13:00 [TripPlan-1] DEBUG c.p.t.s.s.plan.FlightSearchService - Supplemented departure geo for airport: ORY
2025-09-01 15:13:00 [TripPlan-1] INFO  c.p.t.s.s.plan.FlightSearchService - Successfully supplemented location information for 6 flights
2025-09-01 15:13:00 [TripPlan-1] DEBUG c.p.t.s.s.plan.FlightSearchService - Supplemented arrival geo for airport: FCO
2025-09-01 15:13:00 [TripPlan-1] DEBUG c.p.t.s.s.plan.FlightSearchService - Supplemented departure geo for airport: ORY
2025-09-01 15:13:00 [TripPlan-1] INFO  c.p.t.s.s.plan.FlightSearchService - Successfully supplemented location information for 2 flights
2025-09-01 15:13:00 [TripPlan-1] INFO  c.p.t.s.p.s.GeneratePlanService - [TripPlan-1] Flight search completed in 7450 ms, found 2 flights
2025-09-01 15:30:52 [pool-2-thread-1] INFO  c.p.t.s.p.s.GeneratePlanService - All concurrent searches completed in 1081333 ms
2025-09-01 15:30:52 [TripPlan-4] INFO  c.p.t.s.s.plan.HotelSearchService - Searching hotels for 3 routes
2025-09-01 15:30:52 [TripPlan-4] INFO  c.p.t.s.s.plan.HotelSearchService - City FCO: CheckIn=2025-10-01, CheckOut=2025-10-03
2025-09-01 15:30:52 [TripPlan-4] INFO  c.p.t.s.s.plan.HotelSearchService - City OST: CheckIn=2025-10-03, CheckOut=2025-10-05
2025-09-01 15:30:52 [TripPlan-5] INFO  c.p.t.s.s.plan.ActivitySearchService - Searching activities for 3 cityLocationInfos
2025-09-01 15:30:52 [TripPlan-4] INFO  c.p.t.s.s.plan.HotelSearchService - City ORY: CheckIn=2025-10-05, CheckOut=2025-10-08
2025-09-01 15:30:52 [TripPlan-5] DEBUG c.p.t.s.s.plan.ActivitySearchService - hotelCity Rome location: lat=41.8967068, lon=12.4822025
2025-09-01 15:30:52 [TripPlan-5] DEBUG c.p.t.s.s.plan.ActivitySearchService - hotelCity Ostia location: lat=41.7311182, lon=12.2862694
2025-09-01 15:30:52 [TripPlan-5] DEBUG c.p.t.s.s.plan.ActivitySearchService - hotelCity Paris location: lat=48.8575475, lon=2.3513765
2025-09-01 15:30:52 [TripPlan-4] INFO  c.p.t.s.s.plan.HotelSearchService - Searching hotel offers for city OST with 8 hotels
2025-09-01 15:30:52 [ForkJoinPool.commonPool-worker-6] INFO  c.p.t.s.s.plan.HotelSearchService - Searching hotel offers for city ORY with 20 hotels
2025-09-01 15:30:52 [ForkJoinPool.commonPool-worker-4] INFO  c.p.t.s.s.plan.HotelSearchService - Searching hotel offers for city FCO with 11 hotels
2025-09-01 15:30:52 [TripPlan-5] INFO  c.p.t.s.s.plan.ActivitySearchService - Searching activities for city Ostia ，location HotelLocationInfo(latitude=41.7311182, longitude=12.2862694)
2025-09-01 15:30:52 [ForkJoinPool.commonPool-worker-2] INFO  c.p.t.s.s.plan.ActivitySearchService - Searching activities for city Rome ，location HotelLocationInfo(latitude=41.8967068, longitude=12.4822025)
2025-09-01 15:30:52 [ForkJoinPool.commonPool-worker-3] INFO  c.p.t.s.s.plan.ActivitySearchService - Searching activities for city Paris ，location HotelLocationInfo(latitude=48.8575475, longitude=2.3513765)
2025-09-01 15:30:52 [TripPlan-5] INFO  c.p.t.s.s.e.a.AmadeusActivityService - Searching activities with request: ActivitiesSearchRequest(latitude=41.7311182, longitude=12.2862694, radius=20)
2025-09-01 15:30:52 [ForkJoinPool.commonPool-worker-3] INFO  c.p.t.s.s.e.a.AmadeusActivityService - Searching activities with request: ActivitiesSearchRequest(latitude=48.8575475, longitude=2.3513765, radius=20)
2025-09-01 15:30:52 [ForkJoinPool.commonPool-worker-2] INFO  c.p.t.s.s.e.a.AmadeusActivityService - Searching activities with request: ActivitiesSearchRequest(latitude=41.8967068, longitude=12.4822025, radius=20)
2025-09-01 15:30:52 [ForkJoinPool.commonPool-worker-3] DEBUG c.p.trip.scale.util.CacheKeyUtil - Generated cache key: ac_373944abba1f88ac302d46a6ba91e657 for request: activities|48.8575475|2.3513765|20
2025-09-01 15:30:52 [TripPlan-5] DEBUG c.p.trip.scale.util.CacheKeyUtil - Generated cache key: ac_e77ad97ab0bb34ea534de26358049c1b for request: activities|41.7311182|12.2862694|20
2025-09-01 15:30:52 [ForkJoinPool.commonPool-worker-3] DEBUG c.p.t.s.s.e.a.AmadeusActivityService - Cache miss for key: ac_373944abba1f88ac302d46a6ba91e657
2025-09-01 15:30:52 [TripPlan-5] DEBUG c.p.t.s.s.e.a.AmadeusActivityService - Cache miss for key: ac_e77ad97ab0bb34ea534de26358049c1b
2025-09-01 15:30:52 [ForkJoinPool.commonPool-worker-3] INFO  c.p.t.s.s.e.a.AmadeusActivityService - Cache miss for key: ac_373944abba1f88ac302d46a6ba91e657, calling API
2025-09-01 15:30:52 [TripPlan-5] INFO  c.p.t.s.s.e.a.AmadeusActivityService - Cache miss for key: ac_e77ad97ab0bb34ea534de26358049c1b, calling API
2025-09-01 15:30:52 [ForkJoinPool.commonPool-worker-2] DEBUG c.p.trip.scale.util.CacheKeyUtil - Generated cache key: ac_4924dd02687f3f173ef1ef8466affe9a for request: activities|41.8967068|12.4822025|20
2025-09-01 15:30:52 [ForkJoinPool.commonPool-worker-2] DEBUG c.p.t.s.s.e.a.AmadeusActivityService - Cache miss for key: ac_4924dd02687f3f173ef1ef8466affe9a
2025-09-01 15:30:52 [ForkJoinPool.commonPool-worker-2] INFO  c.p.t.s.s.e.a.AmadeusActivityService - Cache miss for key: ac_4924dd02687f3f173ef1ef8466affe9a, calling API
2025-09-01 15:30:52 [TripPlan-4] INFO  c.p.t.s.s.e.a.AmadeusHotelService - Searching hotel offers with request: HotelOffersSearchRequest(hotelIds=[HSOSTAAO, CHOSTVEL, HSOSTAAF, CHOSTBER, HSOSTAAY, YXOSTTPA, HSOSTAEL, HSOSTAAE], adults=2, checkInDate=2025-10-03, checkOutDate=2025-10-05, countryOfResidence=IT, roomQuantity=1, priceRange=10-5000, currency=CNY, paymentPolicy=NONE, bestRateOnly=true)
2025-09-01 15:30:52 [ForkJoinPool.commonPool-worker-6] INFO  c.p.t.s.s.e.a.AmadeusHotelService - Searching hotel offers with request: HotelOffersSearchRequest(hotelIds=[HLORY208, RTORYORY, HSORYAFI, HSPARCCP, RTORYALT, NNPARC16, BWORY780, RTORYRUN, HSORYAEA, HSPARCDM, NNPARC49, CIORY405, WVPARCCL, NNPARP20, NNPARP25, RTORYCHE, CIORY336, CIORY384, FGORYI7Y, HSPARCDA], adults=2, checkInDate=2025-10-05, checkOutDate=2025-10-08, countryOfResidence=FR, roomQuantity=1, priceRange=10-5000, currency=CNY, paymentPolicy=NONE, bestRateOnly=true)
2025-09-01 15:30:52 [ForkJoinPool.commonPool-worker-4] INFO  c.p.t.s.s.e.a.AmadeusHotelService - Searching hotel offers with request: HotelOffersSearchRequest(hotelIds=[BWFCO336, YXROMSEC, YXROMDLI, YXROMTIB, CIFCO058, WVFCO548, BWFCO270, BNROMABH, ONROMBEL, OIROMBLV, YXFCOLCH], adults=2, checkInDate=2025-10-01, checkOutDate=2025-10-03, countryOfResidence=IT, roomQuantity=1, priceRange=10-5000, currency=CNY, paymentPolicy=NONE, bestRateOnly=true)
2025-09-01 15:30:52 [TripPlan-4] DEBUG c.p.trip.scale.util.CacheKeyUtil - Generated cache key: ho_0fc10ffdb39e87f6575bf279f0ca6653 for request: hotel_offers|CHOSTBER,CHOSTVEL,HSOSTAAE,HSOSTAAF,HSOSTAAO,HSOSTAAY,HSOSTAEL,YXOSTTPA|2|2025-10-03|2025-10-05|IT|1|10-5000|CNY|NONE|true
2025-09-01 15:30:52 [TripPlan-4] DEBUG c.p.t.s.s.e.a.AmadeusHotelService - Cache miss for key: ho_0fc10ffdb39e87f6575bf279f0ca6653
2025-09-01 15:30:52 [TripPlan-4] INFO  c.p.t.s.s.e.a.AmadeusHotelService - Cache miss for key: ho_0fc10ffdb39e87f6575bf279f0ca6653, calling API
2025-09-01 15:30:52 [ForkJoinPool.commonPool-worker-6] DEBUG c.p.trip.scale.util.CacheKeyUtil - Generated cache key: ho_6d0dcec90bf5a2319e9fb9879d595241 for request: hotel_offers|BWORY780,CIORY336,CIORY384,CIORY405,FGORYI7Y,HLORY208,HSORYAEA,HSORYAFI,HSPARCCP,HSPARCDA,HSPARCDM,NNPARC16,NNPARC49,NNPARP20,NNPARP25,RTORYALT,RTORYCHE,RTORYORY,RTORYRUN,WVPARCCL|2|2025-10-05|2025-10-08|FR|1|10-5000|CNY|NONE|true
2025-09-01 15:30:52 [ForkJoinPool.commonPool-worker-6] DEBUG c.p.t.s.s.e.a.AmadeusHotelService - Cache miss for key: ho_6d0dcec90bf5a2319e9fb9879d595241
2025-09-01 15:30:52 [ForkJoinPool.commonPool-worker-6] INFO  c.p.t.s.s.e.a.AmadeusHotelService - Cache miss for key: ho_6d0dcec90bf5a2319e9fb9879d595241, calling API
2025-09-01 15:30:52 [ForkJoinPool.commonPool-worker-4] DEBUG c.p.trip.scale.util.CacheKeyUtil - Generated cache key: ho_c2263665d33f32a2abc4c9554c9ce6ff for request: hotel_offers|BNROMABH,BWFCO270,BWFCO336,CIFCO058,OIROMBLV,ONROMBEL,WVFCO548,YXFCOLCH,YXROMDLI,YXROMSEC,YXROMTIB|2|2025-10-01|2025-10-03|IT|1|10-5000|CNY|NONE|true
2025-09-01 15:30:52 [ForkJoinPool.commonPool-worker-4] DEBUG c.p.t.s.s.e.a.AmadeusHotelService - Cache miss for key: ho_c2263665d33f32a2abc4c9554c9ce6ff
2025-09-01 15:30:52 [ForkJoinPool.commonPool-worker-4] INFO  c.p.t.s.s.e.a.AmadeusHotelService - Cache miss for key: ho_c2263665d33f32a2abc4c9554c9ce6ff, calling API
2025-09-01 15:30:57 [ForkJoinPool.commonPool-worker-4] DEBUG c.p.t.s.s.e.a.AmadeusHotelService - API call completed, found 1 results
2025-09-01 15:30:57 [ForkJoinPool.commonPool-worker-4] DEBUG c.p.t.s.s.e.a.AmadeusHotelService - Cached 1 hotel offers for key: ho_c2263665d33f32a2abc4c9554c9ce6ff
2025-09-01 15:30:57 [ForkJoinPool.commonPool-worker-4] INFO  c.p.t.s.s.e.a.AmadeusHotelService - API result cached successfully - 1 hotel offers for key: ho_c2263665d33f32a2abc4c9554c9ce6ff
2025-09-01 15:30:57 [ForkJoinPool.commonPool-worker-4] DEBUG c.p.t.s.s.e.a.AmadeusHotelService - Hotel offers cache stats - size: 1, hitRate: {:.2f}%, evictionCount: 0.0
2025-09-01 15:30:57 [ForkJoinPool.commonPool-worker-4] INFO  c.p.t.s.s.plan.HotelSearchService - Found 1 hotel offers for city FCO
2025-09-01 15:30:57 [ForkJoinPool.commonPool-worker-4] DEBUG c.p.t.s.s.plan.HotelSearchService - Found 1 hotels for route FCO
2025-09-01 15:30:57 [ForkJoinPool.commonPool-worker-6] DEBUG c.p.t.s.s.e.a.AmadeusHotelService - API call completed, found 3 results
2025-09-01 15:30:57 [ForkJoinPool.commonPool-worker-6] DEBUG c.p.t.s.s.e.a.AmadeusHotelService - Cached 3 hotel offers for key: ho_6d0dcec90bf5a2319e9fb9879d595241
2025-09-01 15:30:57 [ForkJoinPool.commonPool-worker-6] INFO  c.p.t.s.s.e.a.AmadeusHotelService - API result cached successfully - 3 hotel offers for key: ho_6d0dcec90bf5a2319e9fb9879d595241
2025-09-01 15:30:57 [ForkJoinPool.commonPool-worker-6] DEBUG c.p.t.s.s.e.a.AmadeusHotelService - Hotel offers cache stats - size: 2, hitRate: {:.2f}%, evictionCount: 0.0
2025-09-01 15:30:57 [ForkJoinPool.commonPool-worker-6] INFO  c.p.t.s.s.plan.HotelSearchService - Found 1 hotel offers for city ORY
2025-09-01 15:30:57 [ForkJoinPool.commonPool-worker-6] DEBUG c.p.t.s.s.plan.HotelSearchService - Found 1 hotels for route ORY
2025-09-01 15:30:57 [TripPlan-4] DEBUG c.p.t.s.s.e.a.AmadeusHotelService - API call completed, found 1 results
2025-09-01 15:30:57 [TripPlan-4] DEBUG c.p.t.s.s.e.a.AmadeusHotelService - Cached 1 hotel offers for key: ho_0fc10ffdb39e87f6575bf279f0ca6653
2025-09-01 15:30:57 [TripPlan-4] INFO  c.p.t.s.s.e.a.AmadeusHotelService - API result cached successfully - 1 hotel offers for key: ho_0fc10ffdb39e87f6575bf279f0ca6653
2025-09-01 15:30:57 [TripPlan-4] DEBUG c.p.t.s.s.e.a.AmadeusHotelService - Hotel offers cache stats - size: 3, hitRate: {:.2f}%, evictionCount: 0.0
2025-09-01 15:30:57 [TripPlan-4] INFO  c.p.t.s.s.plan.HotelSearchService - Found 1 hotel offers for city OST
2025-09-01 15:30:57 [TripPlan-4] DEBUG c.p.t.s.s.plan.HotelSearchService - Found 1 hotels for route OST
2025-09-01 15:30:57 [TripPlan-4] INFO  c.p.t.s.s.plan.HotelSearchService - Found 3 hotels in total
2025-09-01 15:30:57 [TripPlan-4] INFO  c.p.t.s.p.s.GeneratePlanService - [TripPlan-4] Hotel details search completed in 4818 ms, found 3 hotels
2025-09-01 15:30:57 [TripPlan-5] DEBUG c.p.t.s.s.e.a.AmadeusActivityService - API call completed, found 27 results
2025-09-01 15:30:57 [TripPlan-5] DEBUG c.p.t.s.s.e.a.AmadeusActivityService - Cached 27 activities for key: ac_e77ad97ab0bb34ea534de26358049c1b
2025-09-01 15:30:57 [TripPlan-5] INFO  c.p.t.s.s.e.a.AmadeusActivityService - API result cached successfully - 27 activities for key: ac_e77ad97ab0bb34ea534de26358049c1b
2025-09-01 15:30:57 [TripPlan-5] DEBUG c.p.t.s.s.e.a.AmadeusActivityService - Activities cache stats - size: 1, hitRate: {:.2f}%, evictionCount: 0.0
2025-09-01 15:30:57 [TripPlan-5] INFO  c.p.t.s.s.plan.ActivitySearchService - Found 27 activities for city Ostia, filtered to 6 top activities
2025-09-01 15:31:11 [main] INFO  c.p.trip.scale.TripScaleApplication - Starting TripScaleApplication using Java 21.0.3 with PID 19248 (/Users/liuyang/ideaProjects/pkfare/trip-scale-lite/target/classes started by liuyang in /Users/liuyang/ideaProjects/pkfare/trip-scale-lite)
2025-09-01 15:31:11 [main] DEBUG c.p.trip.scale.TripScaleApplication - Running with Spring Boot v3.2.0, Spring v6.1.1
2025-09-01 15:31:11 [main] INFO  c.p.trip.scale.TripScaleApplication - No active profile set, falling back to 1 default profile: "default"
2025-09-01 15:31:11 [main] INFO  c.p.trip.scale.config.CacheConfig - Creating flight dates cache with expireAfterWrite: 120 minutes, maximumSize: 1000, initialCapacity: 100
2025-09-01 15:31:11 [main] INFO  c.p.trip.scale.config.CacheConfig - Creating flight offers cache with expireAfterWrite: 120 minutes, maximumSize: 1000, initialCapacity: 100
2025-09-01 15:31:11 [main] INFO  c.p.t.s.s.e.a.AmadeusFlightService - AmadeusFlightService initialized with flight dates and flight offers cache
2025-09-01 15:31:11 [main] INFO  c.p.trip.scale.config.CacheConfig - Creating hotel offers cache with expireAfterWrite: 120 minutes, maximumSize: 1000, initialCapacity: 100
2025-09-01 15:31:11 [main] INFO  c.p.t.s.s.e.a.AmadeusHotelService - AmadeusHotelService initialized with hotel offers cache
2025-09-01 15:31:11 [main] INFO  c.p.trip.scale.config.CacheConfig - Creating activities cache with expireAfterWrite: 120 minutes, maximumSize: 1000, initialCapacity: 100
2025-09-01 15:31:11 [main] INFO  c.p.t.s.s.e.a.AmadeusActivityService - AmadeusActivityService initialized with activities cache
2025-09-01 15:31:11 [main] INFO  c.p.t.s.config.AsyncExecutorConfig - Creating custom thread pool for trip plan generation: corePoolSize=16, maxPoolSize=16, queueCapacity=100, keepAliveSeconds=60
2025-09-01 15:31:11 [main] INFO  c.p.t.s.c.ParentChildContextConfig - Creating loadedAgentRegistry bean for parent-child context
2025-09-01 15:31:11 [main] INFO  c.p.t.s.c.ParentChildContextConfig - Creating BaseSessionService bean for parent-child context
2025-09-01 15:31:11 [main] INFO  c.p.trip.scale.TripScaleApplication - Started TripScaleApplication in 1.001 seconds (process running for 6.508)
2025-09-01 15:31:11 [main] INFO  c.p.trip.scale.TripScaleApplication - Parent context created with 130 beans
2025-09-01 15:31:11 [main] INFO  c.p.trip.scale.TripScaleApplication - No active profile set, falling back to 1 default profile: "default"
2025-09-01 15:31:12 [main] INFO  o.s.b.w.e.tomcat.TomcatWebServer - Tomcat initialized with port 8080 (http)
2025-09-01 15:31:12 [main] INFO  o.a.catalina.core.StandardService - Starting service [Tomcat]
2025-09-01 15:31:12 [main] INFO  o.a.catalina.core.StandardEngine - Starting Servlet engine: [Apache Tomcat/10.1.16]
2025-09-01 15:31:12 [main] INFO  o.a.c.c.C.[Tomcat].[localhost].[/] - Initializing Spring embedded WebApplicationContext
2025-09-01 15:31:12 [main] INFO  o.s.b.w.s.c.ServletWebServerApplicationContext - Root WebApplicationContext: initialization completed in 306 ms
2025-09-01 15:31:12 [main] WARN  c.google.adk.web.AgentCompilerLoader - No classpath entries derived from classloader hierarchy. Falling back to System.getProperty("java.class.path").
2025-09-01 15:31:13 [main] ERROR c.google.adk.web.AgentCompilerLoader - ECJ Compilation failed. See console output for details.
2025-09-01 15:31:13 [main] ERROR c.google.adk.web.AgentCompilerLoader - Compilation failed for agent unit: com
2025-09-01 15:31:13 [main] INFO  com.google.adk.web.AdkWebServer - Loaded 0 dynamic agent(s): []
2025-09-01 15:31:13 [main] INFO  com.google.adk.web.AdkWebServer - Using InMemorySessionService
2025-09-01 15:31:13 [main] INFO  com.google.adk.web.AdkWebServer - Using InMemoryArtifactService
2025-09-01 15:31:13 [main] INFO  c.g.a.w.AdkWebServer$AgentController - AgentController initialized with 1 dynamic agents: [Coordinator]
2025-09-01 15:31:13 [main] INFO  o.s.b.w.e.tomcat.TomcatWebServer - Tomcat started on port 8080 (http) with context path ''
2025-09-01 15:31:13 [main] INFO  c.p.trip.scale.TripScaleApplication - Started TripScaleApplication in 1.732 seconds (process running for 8.242)
2025-09-01 15:31:13 [main] INFO  c.p.trip.scale.TripScaleApplication - Child context created with 154 beans
2025-09-01 15:31:28 [http-nio-8080-exec-1] INFO  o.a.c.c.C.[Tomcat].[localhost].[/] - Initializing Spring DispatcherServlet 'dispatcherServlet'
2025-09-01 15:31:28 [http-nio-8080-exec-1] INFO  o.s.web.servlet.DispatcherServlet - Initializing Servlet 'dispatcherServlet'
2025-09-01 15:31:28 [http-nio-8080-exec-1] INFO  o.s.web.servlet.DispatcherServlet - Completed initialization in 2 ms
2025-09-01 15:31:28 [http-nio-8080-exec-10] INFO  c.g.a.w.AdkWebServer$AgentController - Listing apps from dynamic registry. Found: [Coordinator]
2025-09-01 15:31:28 [http-nio-8080-exec-6] WARN  c.g.a.w.AdkWebServer$AgentController - Endpoint /apps/Coordinator/eval_sets (GET) is not implemented
2025-09-01 15:31:28 [http-nio-8080-exec-3] WARN  c.g.a.w.AdkWebServer$AgentController - Endpoint /apps/Coordinator/eval_results (GET) is not implemented
2025-09-01 15:31:28 [http-nio-8080-exec-2] INFO  c.g.a.w.AdkWebServer$AgentController - Request received for POST /apps/Coordinator/users/user/sessions (service generates ID) with state: null
2025-09-01 15:31:28 [http-nio-8080-exec-2] INFO  c.g.a.w.AdkWebServer$AgentController - Session created successfully with generated id: 02313e43-fa89-483c-957a-520d5d3a815f
2025-09-01 15:31:29 [http-nio-8080-exec-4] INFO  c.g.a.w.AdkWebServer$AgentController - Request received for GET /apps/Coordinator/users/user/sessions
2025-09-01 15:31:29 [http-nio-8080-exec-4] INFO  c.g.a.w.AdkWebServer$AgentController - Found 1 non-evaluation sessions for app=Coordinator, user=user
2025-09-01 15:31:29 [http-nio-8080-exec-5] INFO  c.g.a.w.AdkWebServer$AgentController - Request received for GET /apps/Coordinator/users/user/sessions
2025-09-01 15:31:29 [http-nio-8080-exec-5] INFO  c.g.a.w.AdkWebServer$AgentController - Found 1 non-evaluation sessions for app=Coordinator, user=user
2025-09-01 15:31:32 [http-nio-8080-exec-7] INFO  c.g.a.w.AdkWebServer$AgentController - SseEmitter Request received for POST /run_sse_emitter for session: 02313e43-fa89-483c-957a-520d5d3a815f
2025-09-01 15:31:32 [pool-2-thread-1] INFO  c.g.a.web.AdkWebServer$RunnerService - RunnerService: Creating Runner for appName: Coordinator, using agent definition: Coordinator
2025-09-01 15:31:33 [pool-2-thread-1] INFO  c.p.t.s.a.o.AnotherRootAgent - error com.google.gson.JsonSyntaxException: com.google.gson.stream.MalformedJsonException: Use JsonReader.setLenient(true) to accept malformed JSON at line 1 column 9 path $
	at com.google.gson.JsonParser.parseReader(JsonParser.java:76)
	at com.google.gson.JsonParser.parseString(JsonParser.java:51)
	at com.pkfare.trip.scale.agent.orchestration.AnotherRootAgent.stageTransition(AnotherRootAgent.java:107)
	at com.pkfare.trip.scale.agent.orchestration.AnotherRootAgent.lambda$runAsyncImpl$0(AnotherRootAgent.java:88)
	at io.reactivex.rxjava3.internal.operators.flowable.FlowableDoOnEach$DoOnEachSubscriber.onNext(FlowableDoOnEach.java:86)
	at io.reactivex.rxjava3.internal.operators.flowable.FlowableDoFinally$DoFinallySubscriber.onNext(FlowableDoFinally.java:85)
	at io.reactivex.rxjava3.internal.operators.single.SingleFlatMapPublisher$SingleFlatMapPublisherObserver.onNext(SingleFlatMapPublisher.java:107)
	at io.reactivex.rxjava3.internal.operators.flowable.FlowableConcatArray$ConcatArraySubscriber.onNext(FlowableConcatArray.java:78)
	at io.reactivex.rxjava3.internal.operators.flowable.FlowableDoOnEach$DoOnEachSubscriber.onNext(FlowableDoOnEach.java:92)
	at io.reactivex.rxjava3.internal.operators.flowable.FlowableConcatArray$ConcatArraySubscriber.onNext(FlowableConcatArray.java:78)
	at io.reactivex.rxjava3.internal.operators.flowable.FlowableCache.replay(FlowableCache.java:272)
	at io.reactivex.rxjava3.internal.operators.flowable.FlowableCache.onNext(FlowableCache.java:317)
	at io.reactivex.rxjava3.internal.operators.single.SingleFlatMapPublisher$SingleFlatMapPublisherObserver.onNext(SingleFlatMapPublisher.java:107)
	at io.reactivex.rxjava3.internal.operators.flowable.FlowableConcatArray$ConcatArraySubscriber.onNext(FlowableConcatArray.java:78)
	at io.reactivex.rxjava3.internal.util.HalfSerializer.onNext(HalfSerializer.java:46)
	at io.reactivex.rxjava3.internal.operators.flowable.FlowableConcatMap$ConcatMapImmediate.innerNext(FlowableConcatMap.java:206)
	at io.reactivex.rxjava3.internal.operators.flowable.FlowableConcatMap$ConcatMapInner.onNext(FlowableConcatMap.java:563)
	at io.reactivex.rxjava3.internal.operators.flowable.FlowableFromIterable$IteratorSubscription.fastPath(FlowableFromIterable.java:185)
	at io.reactivex.rxjava3.internal.operators.flowable.FlowableFromIterable$BaseRangeSubscription.request(FlowableFromIterable.java:129)
	at io.reactivex.rxjava3.internal.subscriptions.SubscriptionArbiter.setSubscription(SubscriptionArbiter.java:87)
	at io.reactivex.rxjava3.internal.operators.flowable.FlowableConcatMap$ConcatMapInner.onSubscribe(FlowableConcatMap.java:556)
	at io.reactivex.rxjava3.internal.operators.flowable.FlowableFromIterable.subscribe(FlowableFromIterable.java:69)
	at io.reactivex.rxjava3.internal.operators.flowable.FlowableFromIterable.subscribeActual(FlowableFromIterable.java:47)
	at io.reactivex.rxjava3.core.Flowable.subscribe(Flowable.java:15917)
	at io.reactivex.rxjava3.core.Flowable.subscribe(Flowable.java:15863)
	at io.reactivex.rxjava3.internal.operators.flowable.FlowableConcatMap$ConcatMapImmediate.drain(FlowableConcatMap.java:318)
	at io.reactivex.rxjava3.internal.operators.flowable.FlowableConcatMap$BaseConcatMapSubscriber.onNext(FlowableConcatMap.java:159)
	at io.reactivex.rxjava3.internal.util.HalfSerializer.onNext(HalfSerializer.java:46)
	at io.reactivex.rxjava3.internal.operators.flowable.FlowableConcatMap$ConcatMapImmediate.innerNext(FlowableConcatMap.java:206)
	at io.reactivex.rxjava3.internal.operators.flowable.FlowableConcatMap$ConcatMapInner.onNext(FlowableConcatMap.java:563)
	at io.reactivex.rxjava3.internal.subscriptions.DeferredScalarSubscription.complete(DeferredScalarSubscription.java:133)
	at io.reactivex.rxjava3.internal.operators.single.SingleToFlowable$SingleToFlowableObserver.onSuccess(SingleToFlowable.java:63)
	at io.reactivex.rxjava3.internal.operators.single.SingleDoOnSuccess$DoOnSuccess.onSuccess(SingleDoOnSuccess.java:60)
	at io.reactivex.rxjava3.internal.operators.single.SingleFlatMap$SingleFlatMapCallback$FlatMapSingleObserver.onSuccess(SingleFlatMap.java:112)
	at io.reactivex.rxjava3.internal.operators.single.SingleMap$MapSingleObserver.onSuccess(SingleMap.java:65)
	at io.reactivex.rxjava3.internal.operators.maybe.MaybeToSingle$ToSingleMaybeSubscriber.onComplete(MaybeToSingle.java:96)
	at io.reactivex.rxjava3.internal.operators.maybe.MaybeMap$MapMaybeObserver.onComplete(MaybeMap.java:100)
	at io.reactivex.rxjava3.internal.disposables.EmptyDisposable.complete(EmptyDisposable.java:58)
	at io.reactivex.rxjava3.internal.operators.maybe.MaybeEmpty.subscribeActual(MaybeEmpty.java:29)
	at io.reactivex.rxjava3.core.Maybe.subscribe(Maybe.java:5375)
	at io.reactivex.rxjava3.internal.operators.maybe.MaybeMap.subscribeActual(MaybeMap.java:41)
	at io.reactivex.rxjava3.core.Maybe.subscribe(Maybe.java:5375)
	at io.reactivex.rxjava3.internal.operators.maybe.MaybeToSingle.subscribeActual(MaybeToSingle.java:46)
	at io.reactivex.rxjava3.core.Single.subscribe(Single.java:4855)
	at io.reactivex.rxjava3.internal.operators.single.SingleMap.subscribeActual(SingleMap.java:35)
	at io.reactivex.rxjava3.core.Single.subscribe(Single.java:4855)
	at io.reactivex.rxjava3.internal.operators.single.SingleFlatMap$SingleFlatMapCallback.onSuccess(SingleFlatMap.java:85)
	at io.reactivex.rxjava3.internal.operators.single.SingleJust.subscribeActual(SingleJust.java:30)
	at io.reactivex.rxjava3.core.Single.subscribe(Single.java:4855)
	at io.reactivex.rxjava3.internal.operators.single.SingleFlatMap.subscribeActual(SingleFlatMap.java:37)
	at io.reactivex.rxjava3.core.Single.subscribe(Single.java:4855)
	at io.reactivex.rxjava3.internal.operators.single.SingleDoOnSuccess.subscribeActual(SingleDoOnSuccess.java:35)
	at io.reactivex.rxjava3.core.Single.subscribe(Single.java:4855)
	at io.reactivex.rxjava3.internal.operators.single.SingleToFlowable.subscribeActual(SingleToFlowable.java:38)
	at io.reactivex.rxjava3.core.Flowable.subscribe(Flowable.java:15917)
	at io.reactivex.rxjava3.core.Flowable.subscribe(Flowable.java:15863)
	at io.reactivex.rxjava3.internal.operators.flowable.FlowableConcatMap$ConcatMapImmediate.drain(FlowableConcatMap.java:318)
	at io.reactivex.rxjava3.internal.operators.flowable.FlowableConcatMap$BaseConcatMapSubscriber.onNext(FlowableConcatMap.java:159)
	at io.reactivex.rxjava3.internal.operators.single.SingleFlatMapPublisher$SingleFlatMapPublisherObserver.onNext(SingleFlatMapPublisher.java:107)
	at io.reactivex.rxjava3.internal.util.HalfSerializer.onNext(HalfSerializer.java:46)
	at io.reactivex.rxjava3.internal.operators.flowable.FlowableConcatMap$ConcatMapImmediate.innerNext(FlowableConcatMap.java:206)
	at io.reactivex.rxjava3.internal.operators.flowable.FlowableConcatMap$ConcatMapInner.onNext(FlowableConcatMap.java:563)
	at io.reactivex.rxjava3.internal.subscriptions.DeferredScalarSubscription.complete(DeferredScalarSubscription.java:133)
	at io.reactivex.rxjava3.internal.operators.single.SingleToFlowable$SingleToFlowableObserver.onSuccess(SingleToFlowable.java:63)
	at io.reactivex.rxjava3.internal.operators.single.SingleJust.subscribeActual(SingleJust.java:30)
	at io.reactivex.rxjava3.core.Single.subscribe(Single.java:4855)
	at io.reactivex.rxjava3.internal.operators.single.SingleToFlowable.subscribeActual(SingleToFlowable.java:38)
	at io.reactivex.rxjava3.core.Flowable.subscribe(Flowable.java:15917)
	at io.reactivex.rxjava3.core.Flowable.subscribe(Flowable.java:15863)
	at io.reactivex.rxjava3.internal.operators.flowable.FlowableConcatMap$ConcatMapImmediate.drain(FlowableConcatMap.java:318)
	at io.reactivex.rxjava3.internal.operators.flowable.FlowableConcatMap$BaseConcatMapSubscriber.onNext(FlowableConcatMap.java:159)
	at io.reactivex.rxjava3.internal.operators.flowable.FlowableDoFinally$DoFinallySubscriber.onNext(FlowableDoFinally.java:85)
	at io.reactivex.rxjava3.internal.operators.flowable.FlowableDoOnEach$DoOnEachSubscriber.onNext(FlowableDoOnEach.java:92)
	at io.reactivex.rxjava3.internal.operators.flowable.FlowableDoOnEach$DoOnEachSubscriber.onNext(FlowableDoOnEach.java:92)
	at io.reactivex.rxjava3.internal.subscriptions.DeferredScalarSubscription.complete(DeferredScalarSubscription.java:133)
	at io.reactivex.rxjava3.internal.operators.flowable.FlowableFromFuture.subscribeActual(FlowableFromFuture.java:54)
	at io.reactivex.rxjava3.core.Flowable.subscribe(Flowable.java:15917)
	at io.reactivex.rxjava3.internal.operators.flowable.FlowableDoOnEach.subscribeActual(FlowableDoOnEach.java:50)
	at io.reactivex.rxjava3.core.Flowable.subscribe(Flowable.java:15917)
	at io.reactivex.rxjava3.internal.operators.flowable.FlowableDoOnEach.subscribeActual(FlowableDoOnEach.java:50)
	at io.reactivex.rxjava3.core.Flowable.subscribe(Flowable.java:15917)
	at io.reactivex.rxjava3.internal.operators.flowable.FlowableDoFinally.subscribeActual(FlowableDoFinally.java:47)
	at io.reactivex.rxjava3.core.Flowable.subscribe(Flowable.java:15917)
	at io.reactivex.rxjava3.core.Flowable.subscribe(Flowable.java:15863)
	at io.reactivex.rxjava3.internal.operators.flowable.FlowableDefer.subscribeActual(FlowableDefer.java:42)
	at io.reactivex.rxjava3.core.Flowable.subscribe(Flowable.java:15917)
	at io.reactivex.rxjava3.core.Flowable.subscribe(Flowable.java:15863)
	at io.reactivex.rxjava3.internal.operators.flowable.FlowableConcatMap.subscribeActual(FlowableConcatMap.java:66)
	at io.reactivex.rxjava3.core.Flowable.subscribe(Flowable.java:15917)
	at io.reactivex.rxjava3.core.Flowable.subscribe(Flowable.java:15863)
	at io.reactivex.rxjava3.internal.operators.single.SingleFlatMapPublisher$SingleFlatMapPublisherObserver.onSuccess(SingleFlatMapPublisher.java:96)
	at io.reactivex.rxjava3.internal.operators.single.SingleJust.subscribeActual(SingleJust.java:30)
	at io.reactivex.rxjava3.core.Single.subscribe(Single.java:4855)
	at io.reactivex.rxjava3.internal.operators.single.SingleFlatMapPublisher.subscribeActual(SingleFlatMapPublisher.java:59)
	at io.reactivex.rxjava3.core.Flowable.subscribe(Flowable.java:15917)
	at io.reactivex.rxjava3.core.Flowable.subscribe(Flowable.java:15863)
	at io.reactivex.rxjava3.internal.operators.flowable.FlowableConcatMap.subscribeActual(FlowableConcatMap.java:66)
	at io.reactivex.rxjava3.core.Flowable.subscribe(Flowable.java:15917)
	at io.reactivex.rxjava3.core.Flowable.subscribe(Flowable.java:15863)
	at io.reactivex.rxjava3.internal.operators.flowable.FlowableConcatMap.subscribeActual(FlowableConcatMap.java:66)
	at io.reactivex.rxjava3.core.Flowable.subscribe(Flowable.java:15917)
	at io.reactivex.rxjava3.core.Flowable.subscribe(Flowable.java:15863)
	at io.reactivex.rxjava3.internal.operators.flowable.FlowableConcatArray$ConcatArraySubscriber.onComplete(FlowableConcatArray.java:141)
	at io.reactivex.rxjava3.internal.operators.flowable.FlowableConcatArray.subscribeActual(FlowableConcatArray.java:41)
	at io.reactivex.rxjava3.core.Flowable.subscribe(Flowable.java:15917)
	at io.reactivex.rxjava3.core.Flowable.subscribe(Flowable.java:15863)
	at io.reactivex.rxjava3.internal.operators.single.SingleFlatMapPublisher$SingleFlatMapPublisherObserver.onSuccess(SingleFlatMapPublisher.java:96)
	at io.reactivex.rxjava3.internal.operators.single.SingleFlatMap$SingleFlatMapCallback$FlatMapSingleObserver.onSuccess(SingleFlatMap.java:112)
	at io.reactivex.rxjava3.internal.observers.ResumeSingleObserver.onSuccess(ResumeSingleObserver.java:46)
	at io.reactivex.rxjava3.internal.operators.single.SingleFromCallable.subscribeActual(SingleFromCallable.java:55)
	at io.reactivex.rxjava3.core.Single.subscribe(Single.java:4855)
	at io.reactivex.rxjava3.internal.operators.single.SingleDelayWithCompletable$OtherObserver.onComplete(SingleDelayWithCompletable.java:69)
	at io.reactivex.rxjava3.internal.util.AtomicThrowable.tryTerminateConsumer(AtomicThrowable.java:154)
	at io.reactivex.rxjava3.internal.operators.mixed.FlowableConcatMapCompletable$ConcatMapCompletableObserver.drain(FlowableConcatMapCompletable.java:166)
	at io.reactivex.rxjava3.internal.operators.mixed.ConcatMapXMainSubscriber.onComplete(ConcatMapXMainSubscriber.java:123)
	at io.reactivex.rxjava3.internal.subscriptions.EmptySubscription.complete(EmptySubscription.java:69)
	at io.reactivex.rxjava3.internal.operators.flowable.FlowableFromIterable.subscribe(FlowableFromIterable.java:61)
	at io.reactivex.rxjava3.internal.operators.flowable.FlowableFromIterable.subscribeActual(FlowableFromIterable.java:47)
	at io.reactivex.rxjava3.core.Flowable.subscribe(Flowable.java:15917)
	at io.reactivex.rxjava3.internal.operators.mixed.FlowableConcatMapCompletable.subscribeActual(FlowableConcatMapCompletable.java:56)
	at io.reactivex.rxjava3.core.Completable.subscribe(Completable.java:2859)
	at io.reactivex.rxjava3.internal.operators.single.SingleDelayWithCompletable.subscribeActual(SingleDelayWithCompletable.java:36)
	at io.reactivex.rxjava3.core.Single.subscribe(Single.java:4855)
	at io.reactivex.rxjava3.internal.operators.single.SingleFlatMap$SingleFlatMapCallback.onSuccess(SingleFlatMap.java:85)
	at io.reactivex.rxjava3.internal.operators.single.SingleMap$MapSingleObserver.onSuccess(SingleMap.java:65)
	at io.reactivex.rxjava3.internal.operators.single.SingleDoOnSuccess$DoOnSuccess.onSuccess(SingleDoOnSuccess.java:60)
	at io.reactivex.rxjava3.internal.operators.single.SingleFlatMap$SingleFlatMapCallback$FlatMapSingleObserver.onSuccess(SingleFlatMap.java:112)
	at io.reactivex.rxjava3.internal.operators.single.SingleJust.subscribeActual(SingleJust.java:30)
	at io.reactivex.rxjava3.core.Single.subscribe(Single.java:4855)
	at io.reactivex.rxjava3.internal.operators.single.SingleFlatMap$SingleFlatMapCallback.onSuccess(SingleFlatMap.java:85)
	at io.reactivex.rxjava3.internal.operators.single.SingleMap$MapSingleObserver.onSuccess(SingleMap.java:65)
	at io.reactivex.rxjava3.internal.operators.single.SingleDoOnSuccess$DoOnSuccess.onSuccess(SingleDoOnSuccess.java:60)
	at io.reactivex.rxjava3.internal.operators.single.SingleFlatMap$SingleFlatMapCallback$FlatMapSingleObserver.onSuccess(SingleFlatMap.java:112)
	at io.reactivex.rxjava3.internal.operators.single.SingleJust.subscribeActual(SingleJust.java:30)
	at io.reactivex.rxjava3.core.Single.subscribe(Single.java:4855)
	at io.reactivex.rxjava3.internal.operators.single.SingleFlatMap$SingleFlatMapCallback.onSuccess(SingleFlatMap.java:85)
	at io.reactivex.rxjava3.internal.operators.single.SingleMap$MapSingleObserver.onSuccess(SingleMap.java:65)
	at io.reactivex.rxjava3.internal.operators.single.SingleDoOnSuccess$DoOnSuccess.onSuccess(SingleDoOnSuccess.java:60)
	at io.reactivex.rxjava3.internal.operators.single.SingleFlatMap$SingleFlatMapCallback$FlatMapSingleObserver.onSuccess(SingleFlatMap.java:112)
	at io.reactivex.rxjava3.internal.operators.single.SingleJust.subscribeActual(SingleJust.java:30)
	at io.reactivex.rxjava3.core.Single.subscribe(Single.java:4855)
	at io.reactivex.rxjava3.internal.operators.single.SingleFlatMap$SingleFlatMapCallback.onSuccess(SingleFlatMap.java:85)
	at io.reactivex.rxjava3.internal.operators.single.SingleMap$MapSingleObserver.onSuccess(SingleMap.java:65)
	at io.reactivex.rxjava3.internal.operators.single.SingleDoOnSuccess$DoOnSuccess.onSuccess(SingleDoOnSuccess.java:60)
	at io.reactivex.rxjava3.internal.operators.single.SingleFlatMap$SingleFlatMapCallback$FlatMapSingleObserver.onSuccess(SingleFlatMap.java:112)
	at io.reactivex.rxjava3.internal.operators.single.SingleJust.subscribeActual(SingleJust.java:30)
	at io.reactivex.rxjava3.core.Single.subscribe(Single.java:4855)
	at io.reactivex.rxjava3.internal.operators.single.SingleFlatMap$SingleFlatMapCallback.onSuccess(SingleFlatMap.java:85)
	at io.reactivex.rxjava3.internal.operators.single.SingleMap$MapSingleObserver.onSuccess(SingleMap.java:65)
	at io.reactivex.rxjava3.internal.operators.single.SingleDoOnSuccess$DoOnSuccess.onSuccess(SingleDoOnSuccess.java:60)
	at io.reactivex.rxjava3.internal.operators.single.SingleFlatMap$SingleFlatMapCallback$FlatMapSingleObserver.onSuccess(SingleFlatMap.java:112)
	at io.reactivex.rxjava3.internal.operators.single.SingleMap$MapSingleObserver.onSuccess(SingleMap.java:65)
	at io.reactivex.rxjava3.internal.operators.single.SingleFlatMap$SingleFlatMapCallback$FlatMapSingleObserver.onSuccess(SingleFlatMap.java:112)
	at io.reactivex.rxjava3.internal.operators.single.SingleFlatMap$SingleFlatMapCallback$FlatMapSingleObserver.onSuccess(SingleFlatMap.java:112)
	at io.reactivex.rxjava3.internal.operators.single.SingleMap$MapSingleObserver.onSuccess(SingleMap.java:65)
	at io.reactivex.rxjava3.internal.operators.single.SingleZipArray$ZipCoordinator.innerSuccess(SingleZipArray.java:126)
	at io.reactivex.rxjava3.internal.operators.single.SingleZipArray$ZipSingleObserver.onSuccess(SingleZipArray.java:178)
	at io.reactivex.rxjava3.internal.operators.single.SingleJust.subscribeActual(SingleJust.java:30)
	at io.reactivex.rxjava3.core.Single.subscribe(Single.java:4855)
	at io.reactivex.rxjava3.internal.operators.single.SingleZipIterable.subscribeActual(SingleZipIterable.java:77)
	at io.reactivex.rxjava3.core.Single.subscribe(Single.java:4855)
	at io.reactivex.rxjava3.internal.operators.single.SingleMap.subscribeActual(SingleMap.java:35)
	at io.reactivex.rxjava3.core.Single.subscribe(Single.java:4855)
	at io.reactivex.rxjava3.internal.operators.single.SingleFlatMap$SingleFlatMapCallback.onSuccess(SingleFlatMap.java:85)
	at io.reactivex.rxjava3.internal.operators.single.SingleJust.subscribeActual(SingleJust.java:30)
	at io.reactivex.rxjava3.core.Single.subscribe(Single.java:4855)
	at io.reactivex.rxjava3.internal.operators.single.SingleFlatMap.subscribeActual(SingleFlatMap.java:37)
	at io.reactivex.rxjava3.core.Single.subscribe(Single.java:4855)
	at io.reactivex.rxjava3.internal.operators.single.SingleFlatMap$SingleFlatMapCallback.onSuccess(SingleFlatMap.java:85)
	at io.reactivex.rxjava3.internal.operators.single.SingleJust.subscribeActual(SingleJust.java:30)
	at io.reactivex.rxjava3.core.Single.subscribe(Single.java:4855)
	at io.reactivex.rxjava3.internal.operators.single.SingleFlatMap.subscribeActual(SingleFlatMap.java:37)
	at io.reactivex.rxjava3.core.Single.subscribe(Single.java:4855)
	at io.reactivex.rxjava3.internal.operators.single.SingleMap.subscribeActual(SingleMap.java:35)
	at io.reactivex.rxjava3.core.Single.subscribe(Single.java:4855)
	at io.reactivex.rxjava3.internal.operators.single.SingleFlatMap$SingleFlatMapCallback.onSuccess(SingleFlatMap.java:85)
	at io.reactivex.rxjava3.internal.operators.single.SingleMap$MapSingleObserver.onSuccess(SingleMap.java:65)
	at io.reactivex.rxjava3.internal.operators.single.SingleDoOnSuccess$DoOnSuccess.onSuccess(SingleDoOnSuccess.java:60)
	at io.reactivex.rxjava3.internal.operators.single.SingleFlatMap$SingleFlatMapCallback$FlatMapSingleObserver.onSuccess(SingleFlatMap.java:112)
	at io.reactivex.rxjava3.internal.operators.single.SingleJust.subscribeActual(SingleJust.java:30)
	at io.reactivex.rxjava3.core.Single.subscribe(Single.java:4855)
	at io.reactivex.rxjava3.internal.operators.single.SingleFlatMap$SingleFlatMapCallback.onSuccess(SingleFlatMap.java:85)
	at io.reactivex.rxjava3.internal.operators.single.SingleJust.subscribeActual(SingleJust.java:30)
	at io.reactivex.rxjava3.core.Single.subscribe(Single.java:4855)
	at io.reactivex.rxjava3.internal.operators.single.SingleFlatMap.subscribeActual(SingleFlatMap.java:37)
	at io.reactivex.rxjava3.core.Single.subscribe(Single.java:4855)
	at io.reactivex.rxjava3.internal.operators.single.SingleDoOnSuccess.subscribeActual(SingleDoOnSuccess.java:35)
	at io.reactivex.rxjava3.core.Single.subscribe(Single.java:4855)
	at io.reactivex.rxjava3.internal.operators.single.SingleMap.subscribeActual(SingleMap.java:35)
	at io.reactivex.rxjava3.core.Single.subscribe(Single.java:4855)
	at io.reactivex.rxjava3.internal.operators.single.SingleFlatMap.subscribeActual(SingleFlatMap.java:37)
	at io.reactivex.rxjava3.core.Single.subscribe(Single.java:4855)
	at io.reactivex.rxjava3.internal.operators.single.SingleDoOnSuccess.subscribeActual(SingleDoOnSuccess.java:35)
	at io.reactivex.rxjava3.core.Single.subscribe(Single.java:4855)
	at io.reactivex.rxjava3.internal.operators.single.SingleMap.subscribeActual(SingleMap.java:35)
	at io.reactivex.rxjava3.core.Single.subscribe(Single.java:4855)
	at io.reactivex.rxjava3.internal.operators.single.SingleFlatMap.subscribeActual(SingleFlatMap.java:37)
	at io.reactivex.rxjava3.core.Single.subscribe(Single.java:4855)
	at io.reactivex.rxjava3.internal.operators.single.SingleDoOnSuccess.subscribeActual(SingleDoOnSuccess.java:35)
	at io.reactivex.rxjava3.core.Single.subscribe(Single.java:4855)
	at io.reactivex.rxjava3.internal.operators.single.SingleMap.subscribeActual(SingleMap.java:35)
	at io.reactivex.rxjava3.core.Single.subscribe(Single.java:4855)
	at io.reactivex.rxjava3.internal.operators.single.SingleFlatMap.subscribeActual(SingleFlatMap.java:37)
	at io.reactivex.rxjava3.core.Single.subscribe(Single.java:4855)
	at io.reactivex.rxjava3.internal.operators.single.SingleDoOnSuccess.subscribeActual(SingleDoOnSuccess.java:35)
	at io.reactivex.rxjava3.core.Single.subscribe(Single.java:4855)
	at io.reactivex.rxjava3.internal.operators.single.SingleMap.subscribeActual(SingleMap.java:35)
	at io.reactivex.rxjava3.core.Single.subscribe(Single.java:4855)
	at io.reactivex.rxjava3.internal.operators.single.SingleFlatMap.subscribeActual(SingleFlatMap.java:37)
	at io.reactivex.rxjava3.core.Single.subscribe(Single.java:4855)
	at io.reactivex.rxjava3.internal.operators.single.SingleDoOnSuccess.subscribeActual(SingleDoOnSuccess.java:35)
	at io.reactivex.rxjava3.core.Single.subscribe(Single.java:4855)
	at io.reactivex.rxjava3.internal.operators.single.SingleMap.subscribeActual(SingleMap.java:35)
	at io.reactivex.rxjava3.core.Single.subscribe(Single.java:4855)
	at io.reactivex.rxjava3.internal.operators.single.SingleFlatMap.subscribeActual(SingleFlatMap.java:37)
	at io.reactivex.rxjava3.core.Single.subscribe(Single.java:4855)
	at io.reactivex.rxjava3.internal.operators.single.SingleDoOnSuccess.subscribeActual(SingleDoOnSuccess.java:35)
	at io.reactivex.rxjava3.core.Single.subscribe(Single.java:4855)
	at io.reactivex.rxjava3.internal.operators.single.SingleMap.subscribeActual(SingleMap.java:35)
	at io.reactivex.rxjava3.core.Single.subscribe(Single.java:4855)
	at io.reactivex.rxjava3.internal.operators.single.SingleFlatMap.subscribeActual(SingleFlatMap.java:37)
	at io.reactivex.rxjava3.core.Single.subscribe(Single.java:4855)
	at io.reactivex.rxjava3.internal.operators.single.SingleFlatMapPublisher.subscribeActual(SingleFlatMapPublisher.java:59)
	at io.reactivex.rxjava3.core.Flowable.subscribe(Flowable.java:15917)
	at io.reactivex.rxjava3.internal.operators.flowable.FlowableCache.subscribeActual(FlowableCache.java:115)
	at io.reactivex.rxjava3.core.Flowable.subscribe(Flowable.java:15917)
	at io.reactivex.rxjava3.core.Flowable.subscribe(Flowable.java:15863)
	at io.reactivex.rxjava3.internal.operators.flowable.FlowableConcatArray$ConcatArraySubscriber.onComplete(FlowableConcatArray.java:141)
	at io.reactivex.rxjava3.internal.operators.flowable.FlowableConcatArray.subscribeActual(FlowableConcatArray.java:41)
	at io.reactivex.rxjava3.core.Flowable.subscribe(Flowable.java:15917)
	at io.reactivex.rxjava3.internal.operators.flowable.FlowableDoOnEach.subscribeActual(FlowableDoOnEach.java:50)
	at io.reactivex.rxjava3.core.Flowable.subscribe(Flowable.java:15917)
	at io.reactivex.rxjava3.core.Flowable.subscribe(Flowable.java:15863)
	at io.reactivex.rxjava3.internal.operators.flowable.FlowableDefer.subscribeActual(FlowableDefer.java:42)
	at io.reactivex.rxjava3.core.Flowable.subscribe(Flowable.java:15917)
	at io.reactivex.rxjava3.core.Flowable.subscribe(Flowable.java:15863)
	at io.reactivex.rxjava3.internal.operators.flowable.FlowableConcatArray$ConcatArraySubscriber.onComplete(FlowableConcatArray.java:141)
	at io.reactivex.rxjava3.internal.operators.flowable.FlowableConcatArray.subscribeActual(FlowableConcatArray.java:41)
	at io.reactivex.rxjava3.core.Flowable.subscribe(Flowable.java:15917)
	at io.reactivex.rxjava3.core.Flowable.subscribe(Flowable.java:15863)
	at io.reactivex.rxjava3.internal.operators.single.SingleFlatMapPublisher$SingleFlatMapPublisherObserver.onSuccess(SingleFlatMapPublisher.java:96)
	at io.reactivex.rxjava3.internal.operators.single.SingleJust.subscribeActual(SingleJust.java:30)
	at io.reactivex.rxjava3.core.Single.subscribe(Single.java:4855)
	at io.reactivex.rxjava3.internal.operators.single.SingleFlatMapPublisher.subscribeActual(SingleFlatMapPublisher.java:59)
	at io.reactivex.rxjava3.core.Flowable.subscribe(Flowable.java:15917)
	at io.reactivex.rxjava3.internal.operators.flowable.FlowableDoFinally.subscribeActual(FlowableDoFinally.java:47)
	at io.reactivex.rxjava3.core.Flowable.subscribe(Flowable.java:15917)
	at io.reactivex.rxjava3.core.Flowable.subscribe(Flowable.java:15863)
	at io.reactivex.rxjava3.internal.operators.flowable.FlowableDefer.subscribeActual(FlowableDefer.java:42)
	at io.reactivex.rxjava3.core.Flowable.subscribe(Flowable.java:15917)
	at io.reactivex.rxjava3.internal.operators.flowable.FlowableDoOnEach.subscribeActual(FlowableDoOnEach.java:50)
	at io.reactivex.rxjava3.core.Flowable.subscribe(Flowable.java:15917)
	at io.reactivex.rxjava3.core.Flowable.subscribe(Flowable.java:15863)
	at io.reactivex.rxjava3.internal.operators.flowable.FlowableDefer.subscribeActual(FlowableDefer.java:42)
	at io.reactivex.rxjava3.core.Flowable.subscribe(Flowable.java:15917)
	at io.reactivex.rxjava3.core.Flowable.subscribe(Flowable.java:15863)
	at io.reactivex.rxjava3.internal.operators.flowable.FlowableConcatArray$ConcatArraySubscriber.onComplete(FlowableConcatArray.java:141)
	at io.reactivex.rxjava3.internal.operators.flowable.FlowableConcatArray.subscribeActual(FlowableConcatArray.java:41)
	at io.reactivex.rxjava3.core.Flowable.subscribe(Flowable.java:15917)
	at io.reactivex.rxjava3.core.Flowable.subscribe(Flowable.java:15863)
	at io.reactivex.rxjava3.internal.operators.single.SingleFlatMapPublisher$SingleFlatMapPublisherObserver.onSuccess(SingleFlatMapPublisher.java:96)
	at io.reactivex.rxjava3.internal.operators.single.SingleJust.subscribeActual(SingleJust.java:30)
	at io.reactivex.rxjava3.core.Single.subscribe(Single.java:4855)
	at io.reactivex.rxjava3.internal.operators.single.SingleFlatMapPublisher.subscribeActual(SingleFlatMapPublisher.java:59)
	at io.reactivex.rxjava3.core.Flowable.subscribe(Flowable.java:15917)
	at io.reactivex.rxjava3.internal.operators.flowable.FlowableDoFinally.subscribeActual(FlowableDoFinally.java:47)
	at io.reactivex.rxjava3.core.Flowable.subscribe(Flowable.java:15917)
	at io.reactivex.rxjava3.core.Flowable.subscribe(Flowable.java:15863)
	at io.reactivex.rxjava3.internal.operators.flowable.FlowableDefer.subscribeActual(FlowableDefer.java:42)
	at io.reactivex.rxjava3.core.Flowable.subscribe(Flowable.java:15917)
	at io.reactivex.rxjava3.internal.operators.flowable.FlowableDoOnEach.subscribeActual(FlowableDoOnEach.java:50)
	at io.reactivex.rxjava3.core.Flowable.subscribe(Flowable.java:15917)
	at io.reactivex.rxjava3.core.Flowable.subscribe(Flowable.java:15863)
	at io.reactivex.rxjava3.internal.operators.flowable.FlowableScalarXMap$ScalarXMapFlowable.subscribeActual(FlowableScalarXMap.java:160)
	at io.reactivex.rxjava3.core.Flowable.subscribe(Flowable.java:15917)
	at io.reactivex.rxjava3.internal.operators.flowable.FlowableDoOnEach.subscribeActual(FlowableDoOnEach.java:50)
	at io.reactivex.rxjava3.core.Flowable.subscribe(Flowable.java:15917)
	at io.reactivex.rxjava3.internal.operators.flowable.FlowableDoFinally.subscribeActual(FlowableDoFinally.java:47)
	at io.reactivex.rxjava3.core.Flowable.subscribe(Flowable.java:15917)
	at io.reactivex.rxjava3.core.Flowable.subscribe(Flowable.java:15863)
	at io.reactivex.rxjava3.internal.operators.single.SingleFlatMapPublisher$SingleFlatMapPublisherObserver.onSuccess(SingleFlatMapPublisher.java:96)
	at io.reactivex.rxjava3.internal.operators.maybe.MaybeSwitchIfEmptySingle$SwitchIfEmptyMaybeObserver.onSuccess(MaybeSwitchIfEmptySingle.java:82)
	at io.reactivex.rxjava3.internal.operators.maybe.MaybeJust.subscribeActual(MaybeJust.java:36)
	at io.reactivex.rxjava3.core.Maybe.subscribe(Maybe.java:5375)
	at io.reactivex.rxjava3.internal.operators.maybe.MaybeSwitchIfEmptySingle.subscribeActual(MaybeSwitchIfEmptySingle.java:45)
	at io.reactivex.rxjava3.core.Single.subscribe(Single.java:4855)
	at io.reactivex.rxjava3.internal.operators.single.SingleFlatMapPublisher.subscribeActual(SingleFlatMapPublisher.java:59)
	at io.reactivex.rxjava3.core.Flowable.subscribe(Flowable.java:15917)
	at io.reactivex.rxjava3.internal.operators.flowable.FlowableObserveOn.subscribeActual(FlowableObserveOn.java:58)
	at io.reactivex.rxjava3.core.Flowable.subscribe(Flowable.java:15917)
	at io.reactivex.rxjava3.core.Flowable.subscribe(Flowable.java:15808)
	at com.google.adk.web.AdkWebServer$AgentController.lambda$agentRunSse$0(AdkWebServer.java:1241)
	at java.base/java.util.concurrent.ThreadPoolExecutor.runWorker(ThreadPoolExecutor.java:1144)
	at java.base/java.util.concurrent.ThreadPoolExecutor$Worker.run(ThreadPoolExecutor.java:642)
	at java.base/java.lang.Thread.run(Thread.java:1583)
Caused by: com.google.gson.stream.MalformedJsonException: Use JsonReader.setLenient(true) to accept malformed JSON at line 1 column 9 path $
	at com.google.gson.stream.JsonReader.syntaxError(JsonReader.java:1659)
	at com.google.gson.stream.JsonReader.checkLenient(JsonReader.java:1465)
	at com.google.gson.stream.JsonReader.doPeek(JsonReader.java:551)
	at com.google.gson.stream.JsonReader.peek(JsonReader.java:433)
	at com.google.gson.JsonParser.parseReader(JsonParser.java:71)
	... 294 more

2025-09-01 15:31:33 [http-nio-8080-exec-1] INFO  c.g.a.w.AdkWebServer$AgentController - Request received for GET /debug/trace/session/02313e43-fa89-483c-957a-520d5d3a815f
2025-09-01 15:31:33 [http-nio-8080-exec-9] INFO  c.g.a.w.AdkWebServer$AgentController - Request received for GET /apps/Coordinator/users/user/sessions/02313e43-fa89-483c-957a-520d5d3a815f
2025-09-01 15:31:33 [http-nio-8080-exec-1] INFO  c.g.a.w.AdkWebServer$AgentController - Returning 1 spans for session ID: 02313e43-fa89-483c-957a-520d5d3a815f
2025-09-01 15:31:41 [http-nio-8080-exec-10] INFO  c.g.a.w.AdkWebServer$AgentController - SseEmitter Request received for POST /run_sse_emitter for session: 02313e43-fa89-483c-957a-520d5d3a815f
2025-09-01 15:31:42 [pool-2-thread-1] INFO  c.p.t.s.a.o.AnotherRootAgent - error com.google.gson.JsonSyntaxException: com.google.gson.stream.MalformedJsonException: Use JsonReader.setLenient(true) to accept malformed JSON at line 1 column 8 path $
	at com.google.gson.JsonParser.parseReader(JsonParser.java:76)
	at com.google.gson.JsonParser.parseString(JsonParser.java:51)
	at com.pkfare.trip.scale.agent.orchestration.AnotherRootAgent.stageTransition(AnotherRootAgent.java:107)
	at com.pkfare.trip.scale.agent.orchestration.AnotherRootAgent.lambda$runAsyncImpl$0(AnotherRootAgent.java:88)
	at io.reactivex.rxjava3.internal.operators.flowable.FlowableDoOnEach$DoOnEachSubscriber.onNext(FlowableDoOnEach.java:86)
	at io.reactivex.rxjava3.internal.operators.flowable.FlowableDoFinally$DoFinallySubscriber.onNext(FlowableDoFinally.java:85)
	at io.reactivex.rxjava3.internal.operators.single.SingleFlatMapPublisher$SingleFlatMapPublisherObserver.onNext(SingleFlatMapPublisher.java:107)
	at io.reactivex.rxjava3.internal.operators.flowable.FlowableConcatArray$ConcatArraySubscriber.onNext(FlowableConcatArray.java:78)
	at io.reactivex.rxjava3.internal.operators.flowable.FlowableDoOnEach$DoOnEachSubscriber.onNext(FlowableDoOnEach.java:92)
	at io.reactivex.rxjava3.internal.operators.flowable.FlowableConcatArray$ConcatArraySubscriber.onNext(FlowableConcatArray.java:78)
	at io.reactivex.rxjava3.internal.operators.flowable.FlowableCache.replay(FlowableCache.java:272)
	at io.reactivex.rxjava3.internal.operators.flowable.FlowableCache.onNext(FlowableCache.java:317)
	at io.reactivex.rxjava3.internal.operators.single.SingleFlatMapPublisher$SingleFlatMapPublisherObserver.onNext(SingleFlatMapPublisher.java:107)
	at io.reactivex.rxjava3.internal.operators.flowable.FlowableConcatArray$ConcatArraySubscriber.onNext(FlowableConcatArray.java:78)
	at io.reactivex.rxjava3.internal.util.HalfSerializer.onNext(HalfSerializer.java:46)
	at io.reactivex.rxjava3.internal.operators.flowable.FlowableConcatMap$ConcatMapImmediate.innerNext(FlowableConcatMap.java:206)
	at io.reactivex.rxjava3.internal.operators.flowable.FlowableConcatMap$ConcatMapInner.onNext(FlowableConcatMap.java:563)
	at io.reactivex.rxjava3.internal.operators.flowable.FlowableFromIterable$IteratorSubscription.fastPath(FlowableFromIterable.java:185)
	at io.reactivex.rxjava3.internal.operators.flowable.FlowableFromIterable$BaseRangeSubscription.request(FlowableFromIterable.java:129)
	at io.reactivex.rxjava3.internal.subscriptions.SubscriptionArbiter.setSubscription(SubscriptionArbiter.java:87)
	at io.reactivex.rxjava3.internal.operators.flowable.FlowableConcatMap$ConcatMapInner.onSubscribe(FlowableConcatMap.java:556)
	at io.reactivex.rxjava3.internal.operators.flowable.FlowableFromIterable.subscribe(FlowableFromIterable.java:69)
	at io.reactivex.rxjava3.internal.operators.flowable.FlowableFromIterable.subscribeActual(FlowableFromIterable.java:47)
	at io.reactivex.rxjava3.core.Flowable.subscribe(Flowable.java:15917)
	at io.reactivex.rxjava3.core.Flowable.subscribe(Flowable.java:15863)
	at io.reactivex.rxjava3.internal.operators.flowable.FlowableConcatMap$ConcatMapImmediate.drain(FlowableConcatMap.java:318)
	at io.reactivex.rxjava3.internal.operators.flowable.FlowableConcatMap$BaseConcatMapSubscriber.onNext(FlowableConcatMap.java:159)
	at io.reactivex.rxjava3.internal.util.HalfSerializer.onNext(HalfSerializer.java:46)
	at io.reactivex.rxjava3.internal.operators.flowable.FlowableConcatMap$ConcatMapImmediate.innerNext(FlowableConcatMap.java:206)
	at io.reactivex.rxjava3.internal.operators.flowable.FlowableConcatMap$ConcatMapInner.onNext(FlowableConcatMap.java:563)
	at io.reactivex.rxjava3.internal.subscriptions.DeferredScalarSubscription.complete(DeferredScalarSubscription.java:133)
	at io.reactivex.rxjava3.internal.operators.single.SingleToFlowable$SingleToFlowableObserver.onSuccess(SingleToFlowable.java:63)
	at io.reactivex.rxjava3.internal.operators.single.SingleDoOnSuccess$DoOnSuccess.onSuccess(SingleDoOnSuccess.java:60)
	at io.reactivex.rxjava3.internal.operators.single.SingleFlatMap$SingleFlatMapCallback$FlatMapSingleObserver.onSuccess(SingleFlatMap.java:112)
	at io.reactivex.rxjava3.internal.operators.single.SingleMap$MapSingleObserver.onSuccess(SingleMap.java:65)
	at io.reactivex.rxjava3.internal.operators.maybe.MaybeToSingle$ToSingleMaybeSubscriber.onComplete(MaybeToSingle.java:96)
	at io.reactivex.rxjava3.internal.operators.maybe.MaybeMap$MapMaybeObserver.onComplete(MaybeMap.java:100)
	at io.reactivex.rxjava3.internal.disposables.EmptyDisposable.complete(EmptyDisposable.java:58)
	at io.reactivex.rxjava3.internal.operators.maybe.MaybeEmpty.subscribeActual(MaybeEmpty.java:29)
	at io.reactivex.rxjava3.core.Maybe.subscribe(Maybe.java:5375)
	at io.reactivex.rxjava3.internal.operators.maybe.MaybeMap.subscribeActual(MaybeMap.java:41)
	at io.reactivex.rxjava3.core.Maybe.subscribe(Maybe.java:5375)
	at io.reactivex.rxjava3.internal.operators.maybe.MaybeToSingle.subscribeActual(MaybeToSingle.java:46)
	at io.reactivex.rxjava3.core.Single.subscribe(Single.java:4855)
	at io.reactivex.rxjava3.internal.operators.single.SingleMap.subscribeActual(SingleMap.java:35)
	at io.reactivex.rxjava3.core.Single.subscribe(Single.java:4855)
	at io.reactivex.rxjava3.internal.operators.single.SingleFlatMap$SingleFlatMapCallback.onSuccess(SingleFlatMap.java:85)
	at io.reactivex.rxjava3.internal.operators.single.SingleJust.subscribeActual(SingleJust.java:30)
	at io.reactivex.rxjava3.core.Single.subscribe(Single.java:4855)
	at io.reactivex.rxjava3.internal.operators.single.SingleFlatMap.subscribeActual(SingleFlatMap.java:37)
	at io.reactivex.rxjava3.core.Single.subscribe(Single.java:4855)
	at io.reactivex.rxjava3.internal.operators.single.SingleDoOnSuccess.subscribeActual(SingleDoOnSuccess.java:35)
	at io.reactivex.rxjava3.core.Single.subscribe(Single.java:4855)
	at io.reactivex.rxjava3.internal.operators.single.SingleToFlowable.subscribeActual(SingleToFlowable.java:38)
	at io.reactivex.rxjava3.core.Flowable.subscribe(Flowable.java:15917)
	at io.reactivex.rxjava3.core.Flowable.subscribe(Flowable.java:15863)
	at io.reactivex.rxjava3.internal.operators.flowable.FlowableConcatMap$ConcatMapImmediate.drain(FlowableConcatMap.java:318)
	at io.reactivex.rxjava3.internal.operators.flowable.FlowableConcatMap$BaseConcatMapSubscriber.onNext(FlowableConcatMap.java:159)
	at io.reactivex.rxjava3.internal.operators.single.SingleFlatMapPublisher$SingleFlatMapPublisherObserver.onNext(SingleFlatMapPublisher.java:107)
	at io.reactivex.rxjava3.internal.util.HalfSerializer.onNext(HalfSerializer.java:46)
	at io.reactivex.rxjava3.internal.operators.flowable.FlowableConcatMap$ConcatMapImmediate.innerNext(FlowableConcatMap.java:206)
	at io.reactivex.rxjava3.internal.operators.flowable.FlowableConcatMap$ConcatMapInner.onNext(FlowableConcatMap.java:563)
	at io.reactivex.rxjava3.internal.subscriptions.DeferredScalarSubscription.complete(DeferredScalarSubscription.java:133)
	at io.reactivex.rxjava3.internal.operators.single.SingleToFlowable$SingleToFlowableObserver.onSuccess(SingleToFlowable.java:63)
	at io.reactivex.rxjava3.internal.operators.single.SingleJust.subscribeActual(SingleJust.java:30)
	at io.reactivex.rxjava3.core.Single.subscribe(Single.java:4855)
	at io.reactivex.rxjava3.internal.operators.single.SingleToFlowable.subscribeActual(SingleToFlowable.java:38)
	at io.reactivex.rxjava3.core.Flowable.subscribe(Flowable.java:15917)
	at io.reactivex.rxjava3.core.Flowable.subscribe(Flowable.java:15863)
	at io.reactivex.rxjava3.internal.operators.flowable.FlowableConcatMap$ConcatMapImmediate.drain(FlowableConcatMap.java:318)
	at io.reactivex.rxjava3.internal.operators.flowable.FlowableConcatMap$BaseConcatMapSubscriber.onNext(FlowableConcatMap.java:159)
	at io.reactivex.rxjava3.internal.operators.flowable.FlowableDoFinally$DoFinallySubscriber.onNext(FlowableDoFinally.java:85)
	at io.reactivex.rxjava3.internal.operators.flowable.FlowableDoOnEach$DoOnEachSubscriber.onNext(FlowableDoOnEach.java:92)
	at io.reactivex.rxjava3.internal.operators.flowable.FlowableDoOnEach$DoOnEachSubscriber.onNext(FlowableDoOnEach.java:92)
	at io.reactivex.rxjava3.internal.subscriptions.DeferredScalarSubscription.complete(DeferredScalarSubscription.java:133)
	at io.reactivex.rxjava3.internal.operators.flowable.FlowableFromFuture.subscribeActual(FlowableFromFuture.java:54)
	at io.reactivex.rxjava3.core.Flowable.subscribe(Flowable.java:15917)
	at io.reactivex.rxjava3.internal.operators.flowable.FlowableDoOnEach.subscribeActual(FlowableDoOnEach.java:50)
	at io.reactivex.rxjava3.core.Flowable.subscribe(Flowable.java:15917)
	at io.reactivex.rxjava3.internal.operators.flowable.FlowableDoOnEach.subscribeActual(FlowableDoOnEach.java:50)
	at io.reactivex.rxjava3.core.Flowable.subscribe(Flowable.java:15917)
	at io.reactivex.rxjava3.internal.operators.flowable.FlowableDoFinally.subscribeActual(FlowableDoFinally.java:47)
	at io.reactivex.rxjava3.core.Flowable.subscribe(Flowable.java:15917)
	at io.reactivex.rxjava3.core.Flowable.subscribe(Flowable.java:15863)
	at io.reactivex.rxjava3.internal.operators.flowable.FlowableDefer.subscribeActual(FlowableDefer.java:42)
	at io.reactivex.rxjava3.core.Flowable.subscribe(Flowable.java:15917)
	at io.reactivex.rxjava3.core.Flowable.subscribe(Flowable.java:15863)
	at io.reactivex.rxjava3.internal.operators.flowable.FlowableConcatMap.subscribeActual(FlowableConcatMap.java:66)
	at io.reactivex.rxjava3.core.Flowable.subscribe(Flowable.java:15917)
	at io.reactivex.rxjava3.core.Flowable.subscribe(Flowable.java:15863)
	at io.reactivex.rxjava3.internal.operators.single.SingleFlatMapPublisher$SingleFlatMapPublisherObserver.onSuccess(SingleFlatMapPublisher.java:96)
	at io.reactivex.rxjava3.internal.operators.single.SingleJust.subscribeActual(SingleJust.java:30)
	at io.reactivex.rxjava3.core.Single.subscribe(Single.java:4855)
	at io.reactivex.rxjava3.internal.operators.single.SingleFlatMapPublisher.subscribeActual(SingleFlatMapPublisher.java:59)
	at io.reactivex.rxjava3.core.Flowable.subscribe(Flowable.java:15917)
	at io.reactivex.rxjava3.core.Flowable.subscribe(Flowable.java:15863)
	at io.reactivex.rxjava3.internal.operators.flowable.FlowableConcatMap.subscribeActual(FlowableConcatMap.java:66)
	at io.reactivex.rxjava3.core.Flowable.subscribe(Flowable.java:15917)
	at io.reactivex.rxjava3.core.Flowable.subscribe(Flowable.java:15863)
	at io.reactivex.rxjava3.internal.operators.flowable.FlowableConcatMap.subscribeActual(FlowableConcatMap.java:66)
	at io.reactivex.rxjava3.core.Flowable.subscribe(Flowable.java:15917)
	at io.reactivex.rxjava3.core.Flowable.subscribe(Flowable.java:15863)
	at io.reactivex.rxjava3.internal.operators.flowable.FlowableConcatArray$ConcatArraySubscriber.onComplete(FlowableConcatArray.java:141)
	at io.reactivex.rxjava3.internal.operators.flowable.FlowableConcatArray.subscribeActual(FlowableConcatArray.java:41)
	at io.reactivex.rxjava3.core.Flowable.subscribe(Flowable.java:15917)
	at io.reactivex.rxjava3.core.Flowable.subscribe(Flowable.java:15863)
	at io.reactivex.rxjava3.internal.operators.single.SingleFlatMapPublisher$SingleFlatMapPublisherObserver.onSuccess(SingleFlatMapPublisher.java:96)
	at io.reactivex.rxjava3.internal.operators.single.SingleFlatMap$SingleFlatMapCallback$FlatMapSingleObserver.onSuccess(SingleFlatMap.java:112)
	at io.reactivex.rxjava3.internal.observers.ResumeSingleObserver.onSuccess(ResumeSingleObserver.java:46)
	at io.reactivex.rxjava3.internal.operators.single.SingleFromCallable.subscribeActual(SingleFromCallable.java:55)
	at io.reactivex.rxjava3.core.Single.subscribe(Single.java:4855)
	at io.reactivex.rxjava3.internal.operators.single.SingleDelayWithCompletable$OtherObserver.onComplete(SingleDelayWithCompletable.java:69)
	at io.reactivex.rxjava3.internal.util.AtomicThrowable.tryTerminateConsumer(AtomicThrowable.java:154)
	at io.reactivex.rxjava3.internal.operators.mixed.FlowableConcatMapCompletable$ConcatMapCompletableObserver.drain(FlowableConcatMapCompletable.java:166)
	at io.reactivex.rxjava3.internal.operators.mixed.ConcatMapXMainSubscriber.onComplete(ConcatMapXMainSubscriber.java:123)
	at io.reactivex.rxjava3.internal.subscriptions.EmptySubscription.complete(EmptySubscription.java:69)
	at io.reactivex.rxjava3.internal.operators.flowable.FlowableFromIterable.subscribe(FlowableFromIterable.java:61)
	at io.reactivex.rxjava3.internal.operators.flowable.FlowableFromIterable.subscribeActual(FlowableFromIterable.java:47)
	at io.reactivex.rxjava3.core.Flowable.subscribe(Flowable.java:15917)
	at io.reactivex.rxjava3.internal.operators.mixed.FlowableConcatMapCompletable.subscribeActual(FlowableConcatMapCompletable.java:56)
	at io.reactivex.rxjava3.core.Completable.subscribe(Completable.java:2859)
	at io.reactivex.rxjava3.internal.operators.single.SingleDelayWithCompletable.subscribeActual(SingleDelayWithCompletable.java:36)
	at io.reactivex.rxjava3.core.Single.subscribe(Single.java:4855)
	at io.reactivex.rxjava3.internal.operators.single.SingleFlatMap$SingleFlatMapCallback.onSuccess(SingleFlatMap.java:85)
	at io.reactivex.rxjava3.internal.operators.single.SingleMap$MapSingleObserver.onSuccess(SingleMap.java:65)
	at io.reactivex.rxjava3.internal.operators.single.SingleDoOnSuccess$DoOnSuccess.onSuccess(SingleDoOnSuccess.java:60)
	at io.reactivex.rxjava3.internal.operators.single.SingleFlatMap$SingleFlatMapCallback$FlatMapSingleObserver.onSuccess(SingleFlatMap.java:112)
	at io.reactivex.rxjava3.internal.operators.single.SingleJust.subscribeActual(SingleJust.java:30)
	at io.reactivex.rxjava3.core.Single.subscribe(Single.java:4855)
	at io.reactivex.rxjava3.internal.operators.single.SingleFlatMap$SingleFlatMapCallback.onSuccess(SingleFlatMap.java:85)
	at io.reactivex.rxjava3.internal.operators.single.SingleMap$MapSingleObserver.onSuccess(SingleMap.java:65)
	at io.reactivex.rxjava3.internal.operators.single.SingleDoOnSuccess$DoOnSuccess.onSuccess(SingleDoOnSuccess.java:60)
	at io.reactivex.rxjava3.internal.operators.single.SingleFlatMap$SingleFlatMapCallback$FlatMapSingleObserver.onSuccess(SingleFlatMap.java:112)
	at io.reactivex.rxjava3.internal.operators.single.SingleJust.subscribeActual(SingleJust.java:30)
	at io.reactivex.rxjava3.core.Single.subscribe(Single.java:4855)
	at io.reactivex.rxjava3.internal.operators.single.SingleFlatMap$SingleFlatMapCallback.onSuccess(SingleFlatMap.java:85)
	at io.reactivex.rxjava3.internal.operators.single.SingleMap$MapSingleObserver.onSuccess(SingleMap.java:65)
	at io.reactivex.rxjava3.internal.operators.single.SingleDoOnSuccess$DoOnSuccess.onSuccess(SingleDoOnSuccess.java:60)
	at io.reactivex.rxjava3.internal.operators.single.SingleFlatMap$SingleFlatMapCallback$FlatMapSingleObserver.onSuccess(SingleFlatMap.java:112)
	at io.reactivex.rxjava3.internal.operators.single.SingleJust.subscribeActual(SingleJust.java:30)
	at io.reactivex.rxjava3.core.Single.subscribe(Single.java:4855)
	at io.reactivex.rxjava3.internal.operators.single.SingleFlatMap$SingleFlatMapCallback.onSuccess(SingleFlatMap.java:85)
	at io.reactivex.rxjava3.internal.operators.single.SingleMap$MapSingleObserver.onSuccess(SingleMap.java:65)
	at io.reactivex.rxjava3.internal.operators.single.SingleDoOnSuccess$DoOnSuccess.onSuccess(SingleDoOnSuccess.java:60)
	at io.reactivex.rxjava3.internal.operators.single.SingleFlatMap$SingleFlatMapCallback$FlatMapSingleObserver.onSuccess(SingleFlatMap.java:112)
	at io.reactivex.rxjava3.internal.operators.single.SingleJust.subscribeActual(SingleJust.java:30)
	at io.reactivex.rxjava3.core.Single.subscribe(Single.java:4855)
	at io.reactivex.rxjava3.internal.operators.single.SingleFlatMap$SingleFlatMapCallback.onSuccess(SingleFlatMap.java:85)
	at io.reactivex.rxjava3.internal.operators.single.SingleMap$MapSingleObserver.onSuccess(SingleMap.java:65)
	at io.reactivex.rxjava3.internal.operators.single.SingleDoOnSuccess$DoOnSuccess.onSuccess(SingleDoOnSuccess.java:60)
	at io.reactivex.rxjava3.internal.operators.single.SingleFlatMap$SingleFlatMapCallback$FlatMapSingleObserver.onSuccess(SingleFlatMap.java:112)
	at io.reactivex.rxjava3.internal.operators.single.SingleMap$MapSingleObserver.onSuccess(SingleMap.java:65)
	at io.reactivex.rxjava3.internal.operators.single.SingleFlatMap$SingleFlatMapCallback$FlatMapSingleObserver.onSuccess(SingleFlatMap.java:112)
	at io.reactivex.rxjava3.internal.operators.single.SingleFlatMap$SingleFlatMapCallback$FlatMapSingleObserver.onSuccess(SingleFlatMap.java:112)
	at io.reactivex.rxjava3.internal.operators.single.SingleMap$MapSingleObserver.onSuccess(SingleMap.java:65)
	at io.reactivex.rxjava3.internal.operators.single.SingleZipArray$ZipCoordinator.innerSuccess(SingleZipArray.java:126)
	at io.reactivex.rxjava3.internal.operators.single.SingleZipArray$ZipSingleObserver.onSuccess(SingleZipArray.java:178)
	at io.reactivex.rxjava3.internal.operators.single.SingleJust.subscribeActual(SingleJust.java:30)
	at io.reactivex.rxjava3.core.Single.subscribe(Single.java:4855)
	at io.reactivex.rxjava3.internal.operators.single.SingleZipIterable.subscribeActual(SingleZipIterable.java:77)
	at io.reactivex.rxjava3.core.Single.subscribe(Single.java:4855)
	at io.reactivex.rxjava3.internal.operators.single.SingleMap.subscribeActual(SingleMap.java:35)
	at io.reactivex.rxjava3.core.Single.subscribe(Single.java:4855)
	at io.reactivex.rxjava3.internal.operators.single.SingleFlatMap$SingleFlatMapCallback.onSuccess(SingleFlatMap.java:85)
	at io.reactivex.rxjava3.internal.operators.single.SingleJust.subscribeActual(SingleJust.java:30)
	at io.reactivex.rxjava3.core.Single.subscribe(Single.java:4855)
	at io.reactivex.rxjava3.internal.operators.single.SingleFlatMap.subscribeActual(SingleFlatMap.java:37)
	at io.reactivex.rxjava3.core.Single.subscribe(Single.java:4855)
	at io.reactivex.rxjava3.internal.operators.single.SingleFlatMap$SingleFlatMapCallback.onSuccess(SingleFlatMap.java:85)
	at io.reactivex.rxjava3.internal.operators.single.SingleJust.subscribeActual(SingleJust.java:30)
	at io.reactivex.rxjava3.core.Single.subscribe(Single.java:4855)
	at io.reactivex.rxjava3.internal.operators.single.SingleFlatMap.subscribeActual(SingleFlatMap.java:37)
	at io.reactivex.rxjava3.core.Single.subscribe(Single.java:4855)
	at io.reactivex.rxjava3.internal.operators.single.SingleMap.subscribeActual(SingleMap.java:35)
	at io.reactivex.rxjava3.core.Single.subscribe(Single.java:4855)
	at io.reactivex.rxjava3.internal.operators.single.SingleFlatMap$SingleFlatMapCallback.onSuccess(SingleFlatMap.java:85)
	at io.reactivex.rxjava3.internal.operators.single.SingleMap$MapSingleObserver.onSuccess(SingleMap.java:65)
	at io.reactivex.rxjava3.internal.operators.single.SingleDoOnSuccess$DoOnSuccess.onSuccess(SingleDoOnSuccess.java:60)
	at io.reactivex.rxjava3.internal.operators.single.SingleFlatMap$SingleFlatMapCallback$FlatMapSingleObserver.onSuccess(SingleFlatMap.java:112)
	at io.reactivex.rxjava3.internal.operators.single.SingleJust.subscribeActual(SingleJust.java:30)
	at io.reactivex.rxjava3.core.Single.subscribe(Single.java:4855)
	at io.reactivex.rxjava3.internal.operators.single.SingleFlatMap$SingleFlatMapCallback.onSuccess(SingleFlatMap.java:85)
	at io.reactivex.rxjava3.internal.operators.single.SingleJust.subscribeActual(SingleJust.java:30)
	at io.reactivex.rxjava3.core.Single.subscribe(Single.java:4855)
	at io.reactivex.rxjava3.internal.operators.single.SingleFlatMap.subscribeActual(SingleFlatMap.java:37)
	at io.reactivex.rxjava3.core.Single.subscribe(Single.java:4855)
	at io.reactivex.rxjava3.internal.operators.single.SingleDoOnSuccess.subscribeActual(SingleDoOnSuccess.java:35)
	at io.reactivex.rxjava3.core.Single.subscribe(Single.java:4855)
	at io.reactivex.rxjava3.internal.operators.single.SingleMap.subscribeActual(SingleMap.java:35)
	at io.reactivex.rxjava3.core.Single.subscribe(Single.java:4855)
	at io.reactivex.rxjava3.internal.operators.single.SingleFlatMap.subscribeActual(SingleFlatMap.java:37)
	at io.reactivex.rxjava3.core.Single.subscribe(Single.java:4855)
	at io.reactivex.rxjava3.internal.operators.single.SingleDoOnSuccess.subscribeActual(SingleDoOnSuccess.java:35)
	at io.reactivex.rxjava3.core.Single.subscribe(Single.java:4855)
	at io.reactivex.rxjava3.internal.operators.single.SingleMap.subscribeActual(SingleMap.java:35)
	at io.reactivex.rxjava3.core.Single.subscribe(Single.java:4855)
	at io.reactivex.rxjava3.internal.operators.single.SingleFlatMap.subscribeActual(SingleFlatMap.java:37)
	at io.reactivex.rxjava3.core.Single.subscribe(Single.java:4855)
	at io.reactivex.rxjava3.internal.operators.single.SingleDoOnSuccess.subscribeActual(SingleDoOnSuccess.java:35)
	at io.reactivex.rxjava3.core.Single.subscribe(Single.java:4855)
	at io.reactivex.rxjava3.internal.operators.single.SingleMap.subscribeActual(SingleMap.java:35)
	at io.reactivex.rxjava3.core.Single.subscribe(Single.java:4855)
	at io.reactivex.rxjava3.internal.operators.single.SingleFlatMap.subscribeActual(SingleFlatMap.java:37)
	at io.reactivex.rxjava3.core.Single.subscribe(Single.java:4855)
	at io.reactivex.rxjava3.internal.operators.single.SingleDoOnSuccess.subscribeActual(SingleDoOnSuccess.java:35)
	at io.reactivex.rxjava3.core.Single.subscribe(Single.java:4855)
	at io.reactivex.rxjava3.internal.operators.single.SingleMap.subscribeActual(SingleMap.java:35)
	at io.reactivex.rxjava3.core.Single.subscribe(Single.java:4855)
	at io.reactivex.rxjava3.internal.operators.single.SingleFlatMap.subscribeActual(SingleFlatMap.java:37)
	at io.reactivex.rxjava3.core.Single.subscribe(Single.java:4855)
	at io.reactivex.rxjava3.internal.operators.single.SingleDoOnSuccess.subscribeActual(SingleDoOnSuccess.java:35)
	at io.reactivex.rxjava3.core.Single.subscribe(Single.java:4855)
	at io.reactivex.rxjava3.internal.operators.single.SingleMap.subscribeActual(SingleMap.java:35)
	at io.reactivex.rxjava3.core.Single.subscribe(Single.java:4855)
	at io.reactivex.rxjava3.internal.operators.single.SingleFlatMap.subscribeActual(SingleFlatMap.java:37)
	at io.reactivex.rxjava3.core.Single.subscribe(Single.java:4855)
	at io.reactivex.rxjava3.internal.operators.single.SingleDoOnSuccess.subscribeActual(SingleDoOnSuccess.java:35)
	at io.reactivex.rxjava3.core.Single.subscribe(Single.java:4855)
	at io.reactivex.rxjava3.internal.operators.single.SingleMap.subscribeActual(SingleMap.java:35)
	at io.reactivex.rxjava3.core.Single.subscribe(Single.java:4855)
	at io.reactivex.rxjava3.internal.operators.single.SingleFlatMap.subscribeActual(SingleFlatMap.java:37)
	at io.reactivex.rxjava3.core.Single.subscribe(Single.java:4855)
	at io.reactivex.rxjava3.internal.operators.single.SingleFlatMapPublisher.subscribeActual(SingleFlatMapPublisher.java:59)
	at io.reactivex.rxjava3.core.Flowable.subscribe(Flowable.java:15917)
	at io.reactivex.rxjava3.internal.operators.flowable.FlowableCache.subscribeActual(FlowableCache.java:115)
	at io.reactivex.rxjava3.core.Flowable.subscribe(Flowable.java:15917)
	at io.reactivex.rxjava3.core.Flowable.subscribe(Flowable.java:15863)
	at io.reactivex.rxjava3.internal.operators.flowable.FlowableConcatArray$ConcatArraySubscriber.onComplete(FlowableConcatArray.java:141)
	at io.reactivex.rxjava3.internal.operators.flowable.FlowableConcatArray.subscribeActual(FlowableConcatArray.java:41)
	at io.reactivex.rxjava3.core.Flowable.subscribe(Flowable.java:15917)
	at io.reactivex.rxjava3.internal.operators.flowable.FlowableDoOnEach.subscribeActual(FlowableDoOnEach.java:50)
	at io.reactivex.rxjava3.core.Flowable.subscribe(Flowable.java:15917)
	at io.reactivex.rxjava3.core.Flowable.subscribe(Flowable.java:15863)
	at io.reactivex.rxjava3.internal.operators.flowable.FlowableDefer.subscribeActual(FlowableDefer.java:42)
	at io.reactivex.rxjava3.core.Flowable.subscribe(Flowable.java:15917)
	at io.reactivex.rxjava3.core.Flowable.subscribe(Flowable.java:15863)
	at io.reactivex.rxjava3.internal.operators.flowable.FlowableConcatArray$ConcatArraySubscriber.onComplete(FlowableConcatArray.java:141)
	at io.reactivex.rxjava3.internal.operators.flowable.FlowableConcatArray.subscribeActual(FlowableConcatArray.java:41)
	at io.reactivex.rxjava3.core.Flowable.subscribe(Flowable.java:15917)
	at io.reactivex.rxjava3.core.Flowable.subscribe(Flowable.java:15863)
	at io.reactivex.rxjava3.internal.operators.single.SingleFlatMapPublisher$SingleFlatMapPublisherObserver.onSuccess(SingleFlatMapPublisher.java:96)
	at io.reactivex.rxjava3.internal.operators.single.SingleJust.subscribeActual(SingleJust.java:30)
	at io.reactivex.rxjava3.core.Single.subscribe(Single.java:4855)
	at io.reactivex.rxjava3.internal.operators.single.SingleFlatMapPublisher.subscribeActual(SingleFlatMapPublisher.java:59)
	at io.reactivex.rxjava3.core.Flowable.subscribe(Flowable.java:15917)
	at io.reactivex.rxjava3.internal.operators.flowable.FlowableDoFinally.subscribeActual(FlowableDoFinally.java:47)
	at io.reactivex.rxjava3.core.Flowable.subscribe(Flowable.java:15917)
	at io.reactivex.rxjava3.core.Flowable.subscribe(Flowable.java:15863)
	at io.reactivex.rxjava3.internal.operators.flowable.FlowableDefer.subscribeActual(FlowableDefer.java:42)
	at io.reactivex.rxjava3.core.Flowable.subscribe(Flowable.java:15917)
	at io.reactivex.rxjava3.internal.operators.flowable.FlowableDoOnEach.subscribeActual(FlowableDoOnEach.java:50)
	at io.reactivex.rxjava3.core.Flowable.subscribe(Flowable.java:15917)
	at io.reactivex.rxjava3.core.Flowable.subscribe(Flowable.java:15863)
	at io.reactivex.rxjava3.internal.operators.flowable.FlowableDefer.subscribeActual(FlowableDefer.java:42)
	at io.reactivex.rxjava3.core.Flowable.subscribe(Flowable.java:15917)
	at io.reactivex.rxjava3.core.Flowable.subscribe(Flowable.java:15863)
	at io.reactivex.rxjava3.internal.operators.flowable.FlowableConcatArray$ConcatArraySubscriber.onComplete(FlowableConcatArray.java:141)
	at io.reactivex.rxjava3.internal.operators.flowable.FlowableConcatArray.subscribeActual(FlowableConcatArray.java:41)
	at io.reactivex.rxjava3.core.Flowable.subscribe(Flowable.java:15917)
	at io.reactivex.rxjava3.core.Flowable.subscribe(Flowable.java:15863)
	at io.reactivex.rxjava3.internal.operators.single.SingleFlatMapPublisher$SingleFlatMapPublisherObserver.onSuccess(SingleFlatMapPublisher.java:96)
	at io.reactivex.rxjava3.internal.operators.single.SingleJust.subscribeActual(SingleJust.java:30)
	at io.reactivex.rxjava3.core.Single.subscribe(Single.java:4855)
	at io.reactivex.rxjava3.internal.operators.single.SingleFlatMapPublisher.subscribeActual(SingleFlatMapPublisher.java:59)
	at io.reactivex.rxjava3.core.Flowable.subscribe(Flowable.java:15917)
	at io.reactivex.rxjava3.internal.operators.flowable.FlowableDoFinally.subscribeActual(FlowableDoFinally.java:47)
	at io.reactivex.rxjava3.core.Flowable.subscribe(Flowable.java:15917)
	at io.reactivex.rxjava3.core.Flowable.subscribe(Flowable.java:15863)
	at io.reactivex.rxjava3.internal.operators.flowable.FlowableDefer.subscribeActual(FlowableDefer.java:42)
	at io.reactivex.rxjava3.core.Flowable.subscribe(Flowable.java:15917)
	at io.reactivex.rxjava3.internal.operators.flowable.FlowableDoOnEach.subscribeActual(FlowableDoOnEach.java:50)
	at io.reactivex.rxjava3.core.Flowable.subscribe(Flowable.java:15917)
	at io.reactivex.rxjava3.core.Flowable.subscribe(Flowable.java:15863)
	at io.reactivex.rxjava3.internal.operators.flowable.FlowableScalarXMap$ScalarXMapFlowable.subscribeActual(FlowableScalarXMap.java:160)
	at io.reactivex.rxjava3.core.Flowable.subscribe(Flowable.java:15917)
	at io.reactivex.rxjava3.internal.operators.flowable.FlowableDoOnEach.subscribeActual(FlowableDoOnEach.java:50)
	at io.reactivex.rxjava3.core.Flowable.subscribe(Flowable.java:15917)
	at io.reactivex.rxjava3.internal.operators.flowable.FlowableDoFinally.subscribeActual(FlowableDoFinally.java:47)
	at io.reactivex.rxjava3.core.Flowable.subscribe(Flowable.java:15917)
	at io.reactivex.rxjava3.core.Flowable.subscribe(Flowable.java:15863)
	at io.reactivex.rxjava3.internal.operators.single.SingleFlatMapPublisher$SingleFlatMapPublisherObserver.onSuccess(SingleFlatMapPublisher.java:96)
	at io.reactivex.rxjava3.internal.operators.maybe.MaybeSwitchIfEmptySingle$SwitchIfEmptyMaybeObserver.onSuccess(MaybeSwitchIfEmptySingle.java:82)
	at io.reactivex.rxjava3.internal.operators.maybe.MaybeJust.subscribeActual(MaybeJust.java:36)
	at io.reactivex.rxjava3.core.Maybe.subscribe(Maybe.java:5375)
	at io.reactivex.rxjava3.internal.operators.maybe.MaybeSwitchIfEmptySingle.subscribeActual(MaybeSwitchIfEmptySingle.java:45)
	at io.reactivex.rxjava3.core.Single.subscribe(Single.java:4855)
	at io.reactivex.rxjava3.internal.operators.single.SingleFlatMapPublisher.subscribeActual(SingleFlatMapPublisher.java:59)
	at io.reactivex.rxjava3.core.Flowable.subscribe(Flowable.java:15917)
	at io.reactivex.rxjava3.internal.operators.flowable.FlowableObserveOn.subscribeActual(FlowableObserveOn.java:58)
	at io.reactivex.rxjava3.core.Flowable.subscribe(Flowable.java:15917)
	at io.reactivex.rxjava3.core.Flowable.subscribe(Flowable.java:15808)
	at com.google.adk.web.AdkWebServer$AgentController.lambda$agentRunSse$0(AdkWebServer.java:1241)
	at java.base/java.util.concurrent.ThreadPoolExecutor.runWorker(ThreadPoolExecutor.java:1144)
	at java.base/java.util.concurrent.ThreadPoolExecutor$Worker.run(ThreadPoolExecutor.java:642)
	at java.base/java.lang.Thread.run(Thread.java:1583)
Caused by: com.google.gson.stream.MalformedJsonException: Use JsonReader.setLenient(true) to accept malformed JSON at line 1 column 8 path $
	at com.google.gson.stream.JsonReader.syntaxError(JsonReader.java:1659)
	at com.google.gson.stream.JsonReader.checkLenient(JsonReader.java:1465)
	at com.google.gson.stream.JsonReader.doPeek(JsonReader.java:551)
	at com.google.gson.stream.JsonReader.peek(JsonReader.java:433)
	at com.google.gson.JsonParser.parseReader(JsonParser.java:71)
	... 294 more

2025-09-01 15:31:42 [http-nio-8080-exec-2] INFO  c.g.a.w.AdkWebServer$AgentController - Request received for GET /debug/trace/session/02313e43-fa89-483c-957a-520d5d3a815f
2025-09-01 15:31:42 [http-nio-8080-exec-2] INFO  c.g.a.w.AdkWebServer$AgentController - Returning 2 spans for session ID: 02313e43-fa89-483c-957a-520d5d3a815f
2025-09-01 15:31:42 [http-nio-8080-exec-3] INFO  c.g.a.w.AdkWebServer$AgentController - Request received for GET /apps/Coordinator/users/user/sessions/02313e43-fa89-483c-957a-520d5d3a815f
2025-09-01 15:31:45 [http-nio-8080-exec-4] INFO  c.g.a.w.AdkWebServer$AgentController - SseEmitter Request received for POST /run_sse_emitter for session: 02313e43-fa89-483c-957a-520d5d3a815f
2025-09-01 15:31:46 [pool-2-thread-1] INFO  c.p.t.s.a.o.AnotherRootAgent - error com.google.gson.JsonSyntaxException: com.google.gson.stream.MalformedJsonException: Use JsonReader.setLenient(true) to accept malformed JSON at line 1 column 7 path $
	at com.google.gson.JsonParser.parseReader(JsonParser.java:76)
	at com.google.gson.JsonParser.parseString(JsonParser.java:51)
	at com.pkfare.trip.scale.agent.orchestration.AnotherRootAgent.stageTransition(AnotherRootAgent.java:107)
	at com.pkfare.trip.scale.agent.orchestration.AnotherRootAgent.lambda$runAsyncImpl$0(AnotherRootAgent.java:88)
	at io.reactivex.rxjava3.internal.operators.flowable.FlowableDoOnEach$DoOnEachSubscriber.onNext(FlowableDoOnEach.java:86)
	at io.reactivex.rxjava3.internal.operators.flowable.FlowableDoFinally$DoFinallySubscriber.onNext(FlowableDoFinally.java:85)
	at io.reactivex.rxjava3.internal.operators.single.SingleFlatMapPublisher$SingleFlatMapPublisherObserver.onNext(SingleFlatMapPublisher.java:107)
	at io.reactivex.rxjava3.internal.operators.flowable.FlowableConcatArray$ConcatArraySubscriber.onNext(FlowableConcatArray.java:78)
	at io.reactivex.rxjava3.internal.operators.flowable.FlowableDoOnEach$DoOnEachSubscriber.onNext(FlowableDoOnEach.java:92)
	at io.reactivex.rxjava3.internal.operators.flowable.FlowableConcatArray$ConcatArraySubscriber.onNext(FlowableConcatArray.java:78)
	at io.reactivex.rxjava3.internal.operators.flowable.FlowableCache.replay(FlowableCache.java:272)
	at io.reactivex.rxjava3.internal.operators.flowable.FlowableCache.onNext(FlowableCache.java:317)
	at io.reactivex.rxjava3.internal.operators.single.SingleFlatMapPublisher$SingleFlatMapPublisherObserver.onNext(SingleFlatMapPublisher.java:107)
	at io.reactivex.rxjava3.internal.operators.flowable.FlowableConcatArray$ConcatArraySubscriber.onNext(FlowableConcatArray.java:78)
	at io.reactivex.rxjava3.internal.util.HalfSerializer.onNext(HalfSerializer.java:46)
	at io.reactivex.rxjava3.internal.operators.flowable.FlowableConcatMap$ConcatMapImmediate.innerNext(FlowableConcatMap.java:206)
	at io.reactivex.rxjava3.internal.operators.flowable.FlowableConcatMap$ConcatMapInner.onNext(FlowableConcatMap.java:563)
	at io.reactivex.rxjava3.internal.operators.flowable.FlowableFromIterable$IteratorSubscription.fastPath(FlowableFromIterable.java:185)
	at io.reactivex.rxjava3.internal.operators.flowable.FlowableFromIterable$BaseRangeSubscription.request(FlowableFromIterable.java:129)
	at io.reactivex.rxjava3.internal.subscriptions.SubscriptionArbiter.setSubscription(SubscriptionArbiter.java:87)
	at io.reactivex.rxjava3.internal.operators.flowable.FlowableConcatMap$ConcatMapInner.onSubscribe(FlowableConcatMap.java:556)
	at io.reactivex.rxjava3.internal.operators.flowable.FlowableFromIterable.subscribe(FlowableFromIterable.java:69)
	at io.reactivex.rxjava3.internal.operators.flowable.FlowableFromIterable.subscribeActual(FlowableFromIterable.java:47)
	at io.reactivex.rxjava3.core.Flowable.subscribe(Flowable.java:15917)
	at io.reactivex.rxjava3.core.Flowable.subscribe(Flowable.java:15863)
	at io.reactivex.rxjava3.internal.operators.flowable.FlowableConcatMap$ConcatMapImmediate.drain(FlowableConcatMap.java:318)
	at io.reactivex.rxjava3.internal.operators.flowable.FlowableConcatMap$BaseConcatMapSubscriber.onNext(FlowableConcatMap.java:159)
	at io.reactivex.rxjava3.internal.util.HalfSerializer.onNext(HalfSerializer.java:46)
	at io.reactivex.rxjava3.internal.operators.flowable.FlowableConcatMap$ConcatMapImmediate.innerNext(FlowableConcatMap.java:206)
	at io.reactivex.rxjava3.internal.operators.flowable.FlowableConcatMap$ConcatMapInner.onNext(FlowableConcatMap.java:563)
	at io.reactivex.rxjava3.internal.subscriptions.DeferredScalarSubscription.complete(DeferredScalarSubscription.java:133)
	at io.reactivex.rxjava3.internal.operators.single.SingleToFlowable$SingleToFlowableObserver.onSuccess(SingleToFlowable.java:63)
	at io.reactivex.rxjava3.internal.operators.single.SingleDoOnSuccess$DoOnSuccess.onSuccess(SingleDoOnSuccess.java:60)
	at io.reactivex.rxjava3.internal.operators.single.SingleFlatMap$SingleFlatMapCallback$FlatMapSingleObserver.onSuccess(SingleFlatMap.java:112)
	at io.reactivex.rxjava3.internal.operators.single.SingleMap$MapSingleObserver.onSuccess(SingleMap.java:65)
	at io.reactivex.rxjava3.internal.operators.maybe.MaybeToSingle$ToSingleMaybeSubscriber.onComplete(MaybeToSingle.java:96)
	at io.reactivex.rxjava3.internal.operators.maybe.MaybeMap$MapMaybeObserver.onComplete(MaybeMap.java:100)
	at io.reactivex.rxjava3.internal.disposables.EmptyDisposable.complete(EmptyDisposable.java:58)
	at io.reactivex.rxjava3.internal.operators.maybe.MaybeEmpty.subscribeActual(MaybeEmpty.java:29)
	at io.reactivex.rxjava3.core.Maybe.subscribe(Maybe.java:5375)
	at io.reactivex.rxjava3.internal.operators.maybe.MaybeMap.subscribeActual(MaybeMap.java:41)
	at io.reactivex.rxjava3.core.Maybe.subscribe(Maybe.java:5375)
	at io.reactivex.rxjava3.internal.operators.maybe.MaybeToSingle.subscribeActual(MaybeToSingle.java:46)
	at io.reactivex.rxjava3.core.Single.subscribe(Single.java:4855)
	at io.reactivex.rxjava3.internal.operators.single.SingleMap.subscribeActual(SingleMap.java:35)
	at io.reactivex.rxjava3.core.Single.subscribe(Single.java:4855)
	at io.reactivex.rxjava3.internal.operators.single.SingleFlatMap$SingleFlatMapCallback.onSuccess(SingleFlatMap.java:85)
	at io.reactivex.rxjava3.internal.operators.single.SingleJust.subscribeActual(SingleJust.java:30)
	at io.reactivex.rxjava3.core.Single.subscribe(Single.java:4855)
	at io.reactivex.rxjava3.internal.operators.single.SingleFlatMap.subscribeActual(SingleFlatMap.java:37)
	at io.reactivex.rxjava3.core.Single.subscribe(Single.java:4855)
	at io.reactivex.rxjava3.internal.operators.single.SingleDoOnSuccess.subscribeActual(SingleDoOnSuccess.java:35)
	at io.reactivex.rxjava3.core.Single.subscribe(Single.java:4855)
	at io.reactivex.rxjava3.internal.operators.single.SingleToFlowable.subscribeActual(SingleToFlowable.java:38)
	at io.reactivex.rxjava3.core.Flowable.subscribe(Flowable.java:15917)
	at io.reactivex.rxjava3.core.Flowable.subscribe(Flowable.java:15863)
	at io.reactivex.rxjava3.internal.operators.flowable.FlowableConcatMap$ConcatMapImmediate.drain(FlowableConcatMap.java:318)
	at io.reactivex.rxjava3.internal.operators.flowable.FlowableConcatMap$BaseConcatMapSubscriber.onNext(FlowableConcatMap.java:159)
	at io.reactivex.rxjava3.internal.operators.single.SingleFlatMapPublisher$SingleFlatMapPublisherObserver.onNext(SingleFlatMapPublisher.java:107)
	at io.reactivex.rxjava3.internal.util.HalfSerializer.onNext(HalfSerializer.java:46)
	at io.reactivex.rxjava3.internal.operators.flowable.FlowableConcatMap$ConcatMapImmediate.innerNext(FlowableConcatMap.java:206)
	at io.reactivex.rxjava3.internal.operators.flowable.FlowableConcatMap$ConcatMapInner.onNext(FlowableConcatMap.java:563)
	at io.reactivex.rxjava3.internal.subscriptions.DeferredScalarSubscription.complete(DeferredScalarSubscription.java:133)
	at io.reactivex.rxjava3.internal.operators.single.SingleToFlowable$SingleToFlowableObserver.onSuccess(SingleToFlowable.java:63)
	at io.reactivex.rxjava3.internal.operators.single.SingleJust.subscribeActual(SingleJust.java:30)
	at io.reactivex.rxjava3.core.Single.subscribe(Single.java:4855)
	at io.reactivex.rxjava3.internal.operators.single.SingleToFlowable.subscribeActual(SingleToFlowable.java:38)
	at io.reactivex.rxjava3.core.Flowable.subscribe(Flowable.java:15917)
	at io.reactivex.rxjava3.core.Flowable.subscribe(Flowable.java:15863)
	at io.reactivex.rxjava3.internal.operators.flowable.FlowableConcatMap$ConcatMapImmediate.drain(FlowableConcatMap.java:318)
	at io.reactivex.rxjava3.internal.operators.flowable.FlowableConcatMap$BaseConcatMapSubscriber.onNext(FlowableConcatMap.java:159)
	at io.reactivex.rxjava3.internal.operators.flowable.FlowableDoFinally$DoFinallySubscriber.onNext(FlowableDoFinally.java:85)
	at io.reactivex.rxjava3.internal.operators.flowable.FlowableDoOnEach$DoOnEachSubscriber.onNext(FlowableDoOnEach.java:92)
	at io.reactivex.rxjava3.internal.operators.flowable.FlowableDoOnEach$DoOnEachSubscriber.onNext(FlowableDoOnEach.java:92)
	at io.reactivex.rxjava3.internal.subscriptions.DeferredScalarSubscription.complete(DeferredScalarSubscription.java:133)
	at io.reactivex.rxjava3.internal.operators.flowable.FlowableFromFuture.subscribeActual(FlowableFromFuture.java:54)
	at io.reactivex.rxjava3.core.Flowable.subscribe(Flowable.java:15917)
	at io.reactivex.rxjava3.internal.operators.flowable.FlowableDoOnEach.subscribeActual(FlowableDoOnEach.java:50)
	at io.reactivex.rxjava3.core.Flowable.subscribe(Flowable.java:15917)
	at io.reactivex.rxjava3.internal.operators.flowable.FlowableDoOnEach.subscribeActual(FlowableDoOnEach.java:50)
	at io.reactivex.rxjava3.core.Flowable.subscribe(Flowable.java:15917)
	at io.reactivex.rxjava3.internal.operators.flowable.FlowableDoFinally.subscribeActual(FlowableDoFinally.java:47)
	at io.reactivex.rxjava3.core.Flowable.subscribe(Flowable.java:15917)
	at io.reactivex.rxjava3.core.Flowable.subscribe(Flowable.java:15863)
	at io.reactivex.rxjava3.internal.operators.flowable.FlowableDefer.subscribeActual(FlowableDefer.java:42)
	at io.reactivex.rxjava3.core.Flowable.subscribe(Flowable.java:15917)
	at io.reactivex.rxjava3.core.Flowable.subscribe(Flowable.java:15863)
	at io.reactivex.rxjava3.internal.operators.flowable.FlowableConcatMap.subscribeActual(FlowableConcatMap.java:66)
	at io.reactivex.rxjava3.core.Flowable.subscribe(Flowable.java:15917)
	at io.reactivex.rxjava3.core.Flowable.subscribe(Flowable.java:15863)
	at io.reactivex.rxjava3.internal.operators.single.SingleFlatMapPublisher$SingleFlatMapPublisherObserver.onSuccess(SingleFlatMapPublisher.java:96)
	at io.reactivex.rxjava3.internal.operators.single.SingleJust.subscribeActual(SingleJust.java:30)
	at io.reactivex.rxjava3.core.Single.subscribe(Single.java:4855)
	at io.reactivex.rxjava3.internal.operators.single.SingleFlatMapPublisher.subscribeActual(SingleFlatMapPublisher.java:59)
	at io.reactivex.rxjava3.core.Flowable.subscribe(Flowable.java:15917)
	at io.reactivex.rxjava3.core.Flowable.subscribe(Flowable.java:15863)
	at io.reactivex.rxjava3.internal.operators.flowable.FlowableConcatMap.subscribeActual(FlowableConcatMap.java:66)
	at io.reactivex.rxjava3.core.Flowable.subscribe(Flowable.java:15917)
	at io.reactivex.rxjava3.core.Flowable.subscribe(Flowable.java:15863)
	at io.reactivex.rxjava3.internal.operators.flowable.FlowableConcatMap.subscribeActual(FlowableConcatMap.java:66)
	at io.reactivex.rxjava3.core.Flowable.subscribe(Flowable.java:15917)
	at io.reactivex.rxjava3.core.Flowable.subscribe(Flowable.java:15863)
	at io.reactivex.rxjava3.internal.operators.flowable.FlowableConcatArray$ConcatArraySubscriber.onComplete(FlowableConcatArray.java:141)
	at io.reactivex.rxjava3.internal.operators.flowable.FlowableConcatArray.subscribeActual(FlowableConcatArray.java:41)
	at io.reactivex.rxjava3.core.Flowable.subscribe(Flowable.java:15917)
	at io.reactivex.rxjava3.core.Flowable.subscribe(Flowable.java:15863)
	at io.reactivex.rxjava3.internal.operators.single.SingleFlatMapPublisher$SingleFlatMapPublisherObserver.onSuccess(SingleFlatMapPublisher.java:96)
	at io.reactivex.rxjava3.internal.operators.single.SingleFlatMap$SingleFlatMapCallback$FlatMapSingleObserver.onSuccess(SingleFlatMap.java:112)
	at io.reactivex.rxjava3.internal.observers.ResumeSingleObserver.onSuccess(ResumeSingleObserver.java:46)
	at io.reactivex.rxjava3.internal.operators.single.SingleFromCallable.subscribeActual(SingleFromCallable.java:55)
	at io.reactivex.rxjava3.core.Single.subscribe(Single.java:4855)
	at io.reactivex.rxjava3.internal.operators.single.SingleDelayWithCompletable$OtherObserver.onComplete(SingleDelayWithCompletable.java:69)
	at io.reactivex.rxjava3.internal.util.AtomicThrowable.tryTerminateConsumer(AtomicThrowable.java:154)
	at io.reactivex.rxjava3.internal.operators.mixed.FlowableConcatMapCompletable$ConcatMapCompletableObserver.drain(FlowableConcatMapCompletable.java:166)
	at io.reactivex.rxjava3.internal.operators.mixed.ConcatMapXMainSubscriber.onComplete(ConcatMapXMainSubscriber.java:123)
	at io.reactivex.rxjava3.internal.subscriptions.EmptySubscription.complete(EmptySubscription.java:69)
	at io.reactivex.rxjava3.internal.operators.flowable.FlowableFromIterable.subscribe(FlowableFromIterable.java:61)
	at io.reactivex.rxjava3.internal.operators.flowable.FlowableFromIterable.subscribeActual(FlowableFromIterable.java:47)
	at io.reactivex.rxjava3.core.Flowable.subscribe(Flowable.java:15917)
	at io.reactivex.rxjava3.internal.operators.mixed.FlowableConcatMapCompletable.subscribeActual(FlowableConcatMapCompletable.java:56)
	at io.reactivex.rxjava3.core.Completable.subscribe(Completable.java:2859)
	at io.reactivex.rxjava3.internal.operators.single.SingleDelayWithCompletable.subscribeActual(SingleDelayWithCompletable.java:36)
	at io.reactivex.rxjava3.core.Single.subscribe(Single.java:4855)
	at io.reactivex.rxjava3.internal.operators.single.SingleFlatMap$SingleFlatMapCallback.onSuccess(SingleFlatMap.java:85)
	at io.reactivex.rxjava3.internal.operators.single.SingleMap$MapSingleObserver.onSuccess(SingleMap.java:65)
	at io.reactivex.rxjava3.internal.operators.single.SingleDoOnSuccess$DoOnSuccess.onSuccess(SingleDoOnSuccess.java:60)
	at io.reactivex.rxjava3.internal.operators.single.SingleFlatMap$SingleFlatMapCallback$FlatMapSingleObserver.onSuccess(SingleFlatMap.java:112)
	at io.reactivex.rxjava3.internal.operators.single.SingleJust.subscribeActual(SingleJust.java:30)
	at io.reactivex.rxjava3.core.Single.subscribe(Single.java:4855)
	at io.reactivex.rxjava3.internal.operators.single.SingleFlatMap$SingleFlatMapCallback.onSuccess(SingleFlatMap.java:85)
	at io.reactivex.rxjava3.internal.operators.single.SingleMap$MapSingleObserver.onSuccess(SingleMap.java:65)
	at io.reactivex.rxjava3.internal.operators.single.SingleDoOnSuccess$DoOnSuccess.onSuccess(SingleDoOnSuccess.java:60)
	at io.reactivex.rxjava3.internal.operators.single.SingleFlatMap$SingleFlatMapCallback$FlatMapSingleObserver.onSuccess(SingleFlatMap.java:112)
	at io.reactivex.rxjava3.internal.operators.single.SingleJust.subscribeActual(SingleJust.java:30)
	at io.reactivex.rxjava3.core.Single.subscribe(Single.java:4855)
	at io.reactivex.rxjava3.internal.operators.single.SingleFlatMap$SingleFlatMapCallback.onSuccess(SingleFlatMap.java:85)
	at io.reactivex.rxjava3.internal.operators.single.SingleMap$MapSingleObserver.onSuccess(SingleMap.java:65)
	at io.reactivex.rxjava3.internal.operators.single.SingleDoOnSuccess$DoOnSuccess.onSuccess(SingleDoOnSuccess.java:60)
	at io.reactivex.rxjava3.internal.operators.single.SingleFlatMap$SingleFlatMapCallback$FlatMapSingleObserver.onSuccess(SingleFlatMap.java:112)
	at io.reactivex.rxjava3.internal.operators.single.SingleJust.subscribeActual(SingleJust.java:30)
	at io.reactivex.rxjava3.core.Single.subscribe(Single.java:4855)
	at io.reactivex.rxjava3.internal.operators.single.SingleFlatMap$SingleFlatMapCallback.onSuccess(SingleFlatMap.java:85)
	at io.reactivex.rxjava3.internal.operators.single.SingleMap$MapSingleObserver.onSuccess(SingleMap.java:65)
	at io.reactivex.rxjava3.internal.operators.single.SingleDoOnSuccess$DoOnSuccess.onSuccess(SingleDoOnSuccess.java:60)
	at io.reactivex.rxjava3.internal.operators.single.SingleFlatMap$SingleFlatMapCallback$FlatMapSingleObserver.onSuccess(SingleFlatMap.java:112)
	at io.reactivex.rxjava3.internal.operators.single.SingleJust.subscribeActual(SingleJust.java:30)
	at io.reactivex.rxjava3.core.Single.subscribe(Single.java:4855)
	at io.reactivex.rxjava3.internal.operators.single.SingleFlatMap$SingleFlatMapCallback.onSuccess(SingleFlatMap.java:85)
	at io.reactivex.rxjava3.internal.operators.single.SingleMap$MapSingleObserver.onSuccess(SingleMap.java:65)
	at io.reactivex.rxjava3.internal.operators.single.SingleDoOnSuccess$DoOnSuccess.onSuccess(SingleDoOnSuccess.java:60)
	at io.reactivex.rxjava3.internal.operators.single.SingleFlatMap$SingleFlatMapCallback$FlatMapSingleObserver.onSuccess(SingleFlatMap.java:112)
	at io.reactivex.rxjava3.internal.operators.single.SingleMap$MapSingleObserver.onSuccess(SingleMap.java:65)
	at io.reactivex.rxjava3.internal.operators.single.SingleFlatMap$SingleFlatMapCallback$FlatMapSingleObserver.onSuccess(SingleFlatMap.java:112)
	at io.reactivex.rxjava3.internal.operators.single.SingleFlatMap$SingleFlatMapCallback$FlatMapSingleObserver.onSuccess(SingleFlatMap.java:112)
	at io.reactivex.rxjava3.internal.operators.single.SingleMap$MapSingleObserver.onSuccess(SingleMap.java:65)
	at io.reactivex.rxjava3.internal.operators.single.SingleZipArray$ZipCoordinator.innerSuccess(SingleZipArray.java:126)
	at io.reactivex.rxjava3.internal.operators.single.SingleZipArray$ZipSingleObserver.onSuccess(SingleZipArray.java:178)
	at io.reactivex.rxjava3.internal.operators.single.SingleJust.subscribeActual(SingleJust.java:30)
	at io.reactivex.rxjava3.core.Single.subscribe(Single.java:4855)
	at io.reactivex.rxjava3.internal.operators.single.SingleZipIterable.subscribeActual(SingleZipIterable.java:77)
	at io.reactivex.rxjava3.core.Single.subscribe(Single.java:4855)
	at io.reactivex.rxjava3.internal.operators.single.SingleMap.subscribeActual(SingleMap.java:35)
	at io.reactivex.rxjava3.core.Single.subscribe(Single.java:4855)
	at io.reactivex.rxjava3.internal.operators.single.SingleFlatMap$SingleFlatMapCallback.onSuccess(SingleFlatMap.java:85)
	at io.reactivex.rxjava3.internal.operators.single.SingleJust.subscribeActual(SingleJust.java:30)
	at io.reactivex.rxjava3.core.Single.subscribe(Single.java:4855)
	at io.reactivex.rxjava3.internal.operators.single.SingleFlatMap.subscribeActual(SingleFlatMap.java:37)
	at io.reactivex.rxjava3.core.Single.subscribe(Single.java:4855)
	at io.reactivex.rxjava3.internal.operators.single.SingleFlatMap$SingleFlatMapCallback.onSuccess(SingleFlatMap.java:85)
	at io.reactivex.rxjava3.internal.operators.single.SingleJust.subscribeActual(SingleJust.java:30)
	at io.reactivex.rxjava3.core.Single.subscribe(Single.java:4855)
	at io.reactivex.rxjava3.internal.operators.single.SingleFlatMap.subscribeActual(SingleFlatMap.java:37)
	at io.reactivex.rxjava3.core.Single.subscribe(Single.java:4855)
	at io.reactivex.rxjava3.internal.operators.single.SingleMap.subscribeActual(SingleMap.java:35)
	at io.reactivex.rxjava3.core.Single.subscribe(Single.java:4855)
	at io.reactivex.rxjava3.internal.operators.single.SingleFlatMap$SingleFlatMapCallback.onSuccess(SingleFlatMap.java:85)
	at io.reactivex.rxjava3.internal.operators.single.SingleMap$MapSingleObserver.onSuccess(SingleMap.java:65)
	at io.reactivex.rxjava3.internal.operators.single.SingleDoOnSuccess$DoOnSuccess.onSuccess(SingleDoOnSuccess.java:60)
	at io.reactivex.rxjava3.internal.operators.single.SingleFlatMap$SingleFlatMapCallback$FlatMapSingleObserver.onSuccess(SingleFlatMap.java:112)
	at io.reactivex.rxjava3.internal.operators.single.SingleJust.subscribeActual(SingleJust.java:30)
	at io.reactivex.rxjava3.core.Single.subscribe(Single.java:4855)
	at io.reactivex.rxjava3.internal.operators.single.SingleFlatMap$SingleFlatMapCallback.onSuccess(SingleFlatMap.java:85)
	at io.reactivex.rxjava3.internal.operators.single.SingleJust.subscribeActual(SingleJust.java:30)
	at io.reactivex.rxjava3.core.Single.subscribe(Single.java:4855)
	at io.reactivex.rxjava3.internal.operators.single.SingleFlatMap.subscribeActual(SingleFlatMap.java:37)
	at io.reactivex.rxjava3.core.Single.subscribe(Single.java:4855)
	at io.reactivex.rxjava3.internal.operators.single.SingleDoOnSuccess.subscribeActual(SingleDoOnSuccess.java:35)
	at io.reactivex.rxjava3.core.Single.subscribe(Single.java:4855)
	at io.reactivex.rxjava3.internal.operators.single.SingleMap.subscribeActual(SingleMap.java:35)
	at io.reactivex.rxjava3.core.Single.subscribe(Single.java:4855)
	at io.reactivex.rxjava3.internal.operators.single.SingleFlatMap.subscribeActual(SingleFlatMap.java:37)
	at io.reactivex.rxjava3.core.Single.subscribe(Single.java:4855)
	at io.reactivex.rxjava3.internal.operators.single.SingleDoOnSuccess.subscribeActual(SingleDoOnSuccess.java:35)
	at io.reactivex.rxjava3.core.Single.subscribe(Single.java:4855)
	at io.reactivex.rxjava3.internal.operators.single.SingleMap.subscribeActual(SingleMap.java:35)
	at io.reactivex.rxjava3.core.Single.subscribe(Single.java:4855)
	at io.reactivex.rxjava3.internal.operators.single.SingleFlatMap.subscribeActual(SingleFlatMap.java:37)
	at io.reactivex.rxjava3.core.Single.subscribe(Single.java:4855)
	at io.reactivex.rxjava3.internal.operators.single.SingleDoOnSuccess.subscribeActual(SingleDoOnSuccess.java:35)
	at io.reactivex.rxjava3.core.Single.subscribe(Single.java:4855)
	at io.reactivex.rxjava3.internal.operators.single.SingleMap.subscribeActual(SingleMap.java:35)
	at io.reactivex.rxjava3.core.Single.subscribe(Single.java:4855)
	at io.reactivex.rxjava3.internal.operators.single.SingleFlatMap.subscribeActual(SingleFlatMap.java:37)
	at io.reactivex.rxjava3.core.Single.subscribe(Single.java:4855)
	at io.reactivex.rxjava3.internal.operators.single.SingleDoOnSuccess.subscribeActual(SingleDoOnSuccess.java:35)
	at io.reactivex.rxjava3.core.Single.subscribe(Single.java:4855)
	at io.reactivex.rxjava3.internal.operators.single.SingleMap.subscribeActual(SingleMap.java:35)
	at io.reactivex.rxjava3.core.Single.subscribe(Single.java:4855)
	at io.reactivex.rxjava3.internal.operators.single.SingleFlatMap.subscribeActual(SingleFlatMap.java:37)
	at io.reactivex.rxjava3.core.Single.subscribe(Single.java:4855)
	at io.reactivex.rxjava3.internal.operators.single.SingleDoOnSuccess.subscribeActual(SingleDoOnSuccess.java:35)
	at io.reactivex.rxjava3.core.Single.subscribe(Single.java:4855)
	at io.reactivex.rxjava3.internal.operators.single.SingleMap.subscribeActual(SingleMap.java:35)
	at io.reactivex.rxjava3.core.Single.subscribe(Single.java:4855)
	at io.reactivex.rxjava3.internal.operators.single.SingleFlatMap.subscribeActual(SingleFlatMap.java:37)
	at io.reactivex.rxjava3.core.Single.subscribe(Single.java:4855)
	at io.reactivex.rxjava3.internal.operators.single.SingleDoOnSuccess.subscribeActual(SingleDoOnSuccess.java:35)
	at io.reactivex.rxjava3.core.Single.subscribe(Single.java:4855)
	at io.reactivex.rxjava3.internal.operators.single.SingleMap.subscribeActual(SingleMap.java:35)
	at io.reactivex.rxjava3.core.Single.subscribe(Single.java:4855)
	at io.reactivex.rxjava3.internal.operators.single.SingleFlatMap.subscribeActual(SingleFlatMap.java:37)
	at io.reactivex.rxjava3.core.Single.subscribe(Single.java:4855)
	at io.reactivex.rxjava3.internal.operators.single.SingleFlatMapPublisher.subscribeActual(SingleFlatMapPublisher.java:59)
	at io.reactivex.rxjava3.core.Flowable.subscribe(Flowable.java:15917)
	at io.reactivex.rxjava3.internal.operators.flowable.FlowableCache.subscribeActual(FlowableCache.java:115)
	at io.reactivex.rxjava3.core.Flowable.subscribe(Flowable.java:15917)
	at io.reactivex.rxjava3.core.Flowable.subscribe(Flowable.java:15863)
	at io.reactivex.rxjava3.internal.operators.flowable.FlowableConcatArray$ConcatArraySubscriber.onComplete(FlowableConcatArray.java:141)
	at io.reactivex.rxjava3.internal.operators.flowable.FlowableConcatArray.subscribeActual(FlowableConcatArray.java:41)
	at io.reactivex.rxjava3.core.Flowable.subscribe(Flowable.java:15917)
	at io.reactivex.rxjava3.internal.operators.flowable.FlowableDoOnEach.subscribeActual(FlowableDoOnEach.java:50)
	at io.reactivex.rxjava3.core.Flowable.subscribe(Flowable.java:15917)
	at io.reactivex.rxjava3.core.Flowable.subscribe(Flowable.java:15863)
	at io.reactivex.rxjava3.internal.operators.flowable.FlowableDefer.subscribeActual(FlowableDefer.java:42)
	at io.reactivex.rxjava3.core.Flowable.subscribe(Flowable.java:15917)
	at io.reactivex.rxjava3.core.Flowable.subscribe(Flowable.java:15863)
	at io.reactivex.rxjava3.internal.operators.flowable.FlowableConcatArray$ConcatArraySubscriber.onComplete(FlowableConcatArray.java:141)
	at io.reactivex.rxjava3.internal.operators.flowable.FlowableConcatArray.subscribeActual(FlowableConcatArray.java:41)
	at io.reactivex.rxjava3.core.Flowable.subscribe(Flowable.java:15917)
	at io.reactivex.rxjava3.core.Flowable.subscribe(Flowable.java:15863)
	at io.reactivex.rxjava3.internal.operators.single.SingleFlatMapPublisher$SingleFlatMapPublisherObserver.onSuccess(SingleFlatMapPublisher.java:96)
	at io.reactivex.rxjava3.internal.operators.single.SingleJust.subscribeActual(SingleJust.java:30)
	at io.reactivex.rxjava3.core.Single.subscribe(Single.java:4855)
	at io.reactivex.rxjava3.internal.operators.single.SingleFlatMapPublisher.subscribeActual(SingleFlatMapPublisher.java:59)
	at io.reactivex.rxjava3.core.Flowable.subscribe(Flowable.java:15917)
	at io.reactivex.rxjava3.internal.operators.flowable.FlowableDoFinally.subscribeActual(FlowableDoFinally.java:47)
	at io.reactivex.rxjava3.core.Flowable.subscribe(Flowable.java:15917)
	at io.reactivex.rxjava3.core.Flowable.subscribe(Flowable.java:15863)
	at io.reactivex.rxjava3.internal.operators.flowable.FlowableDefer.subscribeActual(FlowableDefer.java:42)
	at io.reactivex.rxjava3.core.Flowable.subscribe(Flowable.java:15917)
	at io.reactivex.rxjava3.internal.operators.flowable.FlowableDoOnEach.subscribeActual(FlowableDoOnEach.java:50)
	at io.reactivex.rxjava3.core.Flowable.subscribe(Flowable.java:15917)
	at io.reactivex.rxjava3.core.Flowable.subscribe(Flowable.java:15863)
	at io.reactivex.rxjava3.internal.operators.flowable.FlowableDefer.subscribeActual(FlowableDefer.java:42)
	at io.reactivex.rxjava3.core.Flowable.subscribe(Flowable.java:15917)
	at io.reactivex.rxjava3.core.Flowable.subscribe(Flowable.java:15863)
	at io.reactivex.rxjava3.internal.operators.flowable.FlowableConcatArray$ConcatArraySubscriber.onComplete(FlowableConcatArray.java:141)
	at io.reactivex.rxjava3.internal.operators.flowable.FlowableConcatArray.subscribeActual(FlowableConcatArray.java:41)
	at io.reactivex.rxjava3.core.Flowable.subscribe(Flowable.java:15917)
	at io.reactivex.rxjava3.core.Flowable.subscribe(Flowable.java:15863)
	at io.reactivex.rxjava3.internal.operators.single.SingleFlatMapPublisher$SingleFlatMapPublisherObserver.onSuccess(SingleFlatMapPublisher.java:96)
	at io.reactivex.rxjava3.internal.operators.single.SingleJust.subscribeActual(SingleJust.java:30)
	at io.reactivex.rxjava3.core.Single.subscribe(Single.java:4855)
	at io.reactivex.rxjava3.internal.operators.single.SingleFlatMapPublisher.subscribeActual(SingleFlatMapPublisher.java:59)
	at io.reactivex.rxjava3.core.Flowable.subscribe(Flowable.java:15917)
	at io.reactivex.rxjava3.internal.operators.flowable.FlowableDoFinally.subscribeActual(FlowableDoFinally.java:47)
	at io.reactivex.rxjava3.core.Flowable.subscribe(Flowable.java:15917)
	at io.reactivex.rxjava3.core.Flowable.subscribe(Flowable.java:15863)
	at io.reactivex.rxjava3.internal.operators.flowable.FlowableDefer.subscribeActual(FlowableDefer.java:42)
	at io.reactivex.rxjava3.core.Flowable.subscribe(Flowable.java:15917)
	at io.reactivex.rxjava3.internal.operators.flowable.FlowableDoOnEach.subscribeActual(FlowableDoOnEach.java:50)
	at io.reactivex.rxjava3.core.Flowable.subscribe(Flowable.java:15917)
	at io.reactivex.rxjava3.core.Flowable.subscribe(Flowable.java:15863)
	at io.reactivex.rxjava3.internal.operators.flowable.FlowableScalarXMap$ScalarXMapFlowable.subscribeActual(FlowableScalarXMap.java:160)
	at io.reactivex.rxjava3.core.Flowable.subscribe(Flowable.java:15917)
	at io.reactivex.rxjava3.internal.operators.flowable.FlowableDoOnEach.subscribeActual(FlowableDoOnEach.java:50)
	at io.reactivex.rxjava3.core.Flowable.subscribe(Flowable.java:15917)
	at io.reactivex.rxjava3.internal.operators.flowable.FlowableDoFinally.subscribeActual(FlowableDoFinally.java:47)
	at io.reactivex.rxjava3.core.Flowable.subscribe(Flowable.java:15917)
	at io.reactivex.rxjava3.core.Flowable.subscribe(Flowable.java:15863)
	at io.reactivex.rxjava3.internal.operators.single.SingleFlatMapPublisher$SingleFlatMapPublisherObserver.onSuccess(SingleFlatMapPublisher.java:96)
	at io.reactivex.rxjava3.internal.operators.maybe.MaybeSwitchIfEmptySingle$SwitchIfEmptyMaybeObserver.onSuccess(MaybeSwitchIfEmptySingle.java:82)
	at io.reactivex.rxjava3.internal.operators.maybe.MaybeJust.subscribeActual(MaybeJust.java:36)
	at io.reactivex.rxjava3.core.Maybe.subscribe(Maybe.java:5375)
	at io.reactivex.rxjava3.internal.operators.maybe.MaybeSwitchIfEmptySingle.subscribeActual(MaybeSwitchIfEmptySingle.java:45)
	at io.reactivex.rxjava3.core.Single.subscribe(Single.java:4855)
	at io.reactivex.rxjava3.internal.operators.single.SingleFlatMapPublisher.subscribeActual(SingleFlatMapPublisher.java:59)
	at io.reactivex.rxjava3.core.Flowable.subscribe(Flowable.java:15917)
	at io.reactivex.rxjava3.internal.operators.flowable.FlowableObserveOn.subscribeActual(FlowableObserveOn.java:58)
	at io.reactivex.rxjava3.core.Flowable.subscribe(Flowable.java:15917)
	at io.reactivex.rxjava3.core.Flowable.subscribe(Flowable.java:15808)
	at com.google.adk.web.AdkWebServer$AgentController.lambda$agentRunSse$0(AdkWebServer.java:1241)
	at java.base/java.util.concurrent.ThreadPoolExecutor.runWorker(ThreadPoolExecutor.java:1144)
	at java.base/java.util.concurrent.ThreadPoolExecutor$Worker.run(ThreadPoolExecutor.java:642)
	at java.base/java.lang.Thread.run(Thread.java:1583)
Caused by: com.google.gson.stream.MalformedJsonException: Use JsonReader.setLenient(true) to accept malformed JSON at line 1 column 7 path $
	at com.google.gson.stream.JsonReader.syntaxError(JsonReader.java:1659)
	at com.google.gson.stream.JsonReader.checkLenient(JsonReader.java:1465)
	at com.google.gson.stream.JsonReader.doPeek(JsonReader.java:551)
	at com.google.gson.stream.JsonReader.peek(JsonReader.java:433)
	at com.google.gson.JsonParser.parseReader(JsonParser.java:71)
	... 294 more

2025-09-01 15:31:46 [http-nio-8080-exec-8] INFO  c.g.a.w.AdkWebServer$AgentController - Request received for GET /debug/trace/session/02313e43-fa89-483c-957a-520d5d3a815f
2025-09-01 15:31:46 [http-nio-8080-exec-8] INFO  c.g.a.w.AdkWebServer$AgentController - Returning 3 spans for session ID: 02313e43-fa89-483c-957a-520d5d3a815f
2025-09-01 15:31:46 [http-nio-8080-exec-7] INFO  c.g.a.w.AdkWebServer$AgentController - Request received for GET /apps/Coordinator/users/user/sessions/02313e43-fa89-483c-957a-520d5d3a815f
2025-09-01 15:31:49 [http-nio-8080-exec-1] INFO  c.g.a.w.AdkWebServer$AgentController - SseEmitter Request received for POST /run_sse_emitter for session: 02313e43-fa89-483c-957a-520d5d3a815f
2025-09-01 15:31:50 [pool-2-thread-1] INFO  c.p.t.s.a.o.AnotherRootAgent - error com.google.gson.JsonSyntaxException: com.google.gson.stream.MalformedJsonException: Use JsonReader.setLenient(true) to accept malformed JSON at line 1 column 6 path $
	at com.google.gson.JsonParser.parseReader(JsonParser.java:76)
	at com.google.gson.JsonParser.parseString(JsonParser.java:51)
	at com.pkfare.trip.scale.agent.orchestration.AnotherRootAgent.stageTransition(AnotherRootAgent.java:107)
	at com.pkfare.trip.scale.agent.orchestration.AnotherRootAgent.lambda$runAsyncImpl$0(AnotherRootAgent.java:88)
	at io.reactivex.rxjava3.internal.operators.flowable.FlowableDoOnEach$DoOnEachSubscriber.onNext(FlowableDoOnEach.java:86)
	at io.reactivex.rxjava3.internal.operators.flowable.FlowableDoFinally$DoFinallySubscriber.onNext(FlowableDoFinally.java:85)
	at io.reactivex.rxjava3.internal.operators.single.SingleFlatMapPublisher$SingleFlatMapPublisherObserver.onNext(SingleFlatMapPublisher.java:107)
	at io.reactivex.rxjava3.internal.operators.flowable.FlowableConcatArray$ConcatArraySubscriber.onNext(FlowableConcatArray.java:78)
	at io.reactivex.rxjava3.internal.operators.flowable.FlowableDoOnEach$DoOnEachSubscriber.onNext(FlowableDoOnEach.java:92)
	at io.reactivex.rxjava3.internal.operators.flowable.FlowableConcatArray$ConcatArraySubscriber.onNext(FlowableConcatArray.java:78)
	at io.reactivex.rxjava3.internal.operators.flowable.FlowableCache.replay(FlowableCache.java:272)
	at io.reactivex.rxjava3.internal.operators.flowable.FlowableCache.onNext(FlowableCache.java:317)
	at io.reactivex.rxjava3.internal.operators.single.SingleFlatMapPublisher$SingleFlatMapPublisherObserver.onNext(SingleFlatMapPublisher.java:107)
	at io.reactivex.rxjava3.internal.operators.flowable.FlowableConcatArray$ConcatArraySubscriber.onNext(FlowableConcatArray.java:78)
	at io.reactivex.rxjava3.internal.util.HalfSerializer.onNext(HalfSerializer.java:46)
	at io.reactivex.rxjava3.internal.operators.flowable.FlowableConcatMap$ConcatMapImmediate.innerNext(FlowableConcatMap.java:206)
	at io.reactivex.rxjava3.internal.operators.flowable.FlowableConcatMap$ConcatMapInner.onNext(FlowableConcatMap.java:563)
	at io.reactivex.rxjava3.internal.operators.flowable.FlowableFromIterable$IteratorSubscription.fastPath(FlowableFromIterable.java:185)
	at io.reactivex.rxjava3.internal.operators.flowable.FlowableFromIterable$BaseRangeSubscription.request(FlowableFromIterable.java:129)
	at io.reactivex.rxjava3.internal.subscriptions.SubscriptionArbiter.setSubscription(SubscriptionArbiter.java:87)
	at io.reactivex.rxjava3.internal.operators.flowable.FlowableConcatMap$ConcatMapInner.onSubscribe(FlowableConcatMap.java:556)
	at io.reactivex.rxjava3.internal.operators.flowable.FlowableFromIterable.subscribe(FlowableFromIterable.java:69)
	at io.reactivex.rxjava3.internal.operators.flowable.FlowableFromIterable.subscribeActual(FlowableFromIterable.java:47)
	at io.reactivex.rxjava3.core.Flowable.subscribe(Flowable.java:15917)
	at io.reactivex.rxjava3.core.Flowable.subscribe(Flowable.java:15863)
	at io.reactivex.rxjava3.internal.operators.flowable.FlowableConcatMap$ConcatMapImmediate.drain(FlowableConcatMap.java:318)
	at io.reactivex.rxjava3.internal.operators.flowable.FlowableConcatMap$BaseConcatMapSubscriber.onNext(FlowableConcatMap.java:159)
	at io.reactivex.rxjava3.internal.util.HalfSerializer.onNext(HalfSerializer.java:46)
	at io.reactivex.rxjava3.internal.operators.flowable.FlowableConcatMap$ConcatMapImmediate.innerNext(FlowableConcatMap.java:206)
	at io.reactivex.rxjava3.internal.operators.flowable.FlowableConcatMap$ConcatMapInner.onNext(FlowableConcatMap.java:563)
	at io.reactivex.rxjava3.internal.subscriptions.DeferredScalarSubscription.complete(DeferredScalarSubscription.java:133)
	at io.reactivex.rxjava3.internal.operators.single.SingleToFlowable$SingleToFlowableObserver.onSuccess(SingleToFlowable.java:63)
	at io.reactivex.rxjava3.internal.operators.single.SingleDoOnSuccess$DoOnSuccess.onSuccess(SingleDoOnSuccess.java:60)
	at io.reactivex.rxjava3.internal.operators.single.SingleFlatMap$SingleFlatMapCallback$FlatMapSingleObserver.onSuccess(SingleFlatMap.java:112)
	at io.reactivex.rxjava3.internal.operators.single.SingleMap$MapSingleObserver.onSuccess(SingleMap.java:65)
	at io.reactivex.rxjava3.internal.operators.maybe.MaybeToSingle$ToSingleMaybeSubscriber.onComplete(MaybeToSingle.java:96)
	at io.reactivex.rxjava3.internal.operators.maybe.MaybeMap$MapMaybeObserver.onComplete(MaybeMap.java:100)
	at io.reactivex.rxjava3.internal.disposables.EmptyDisposable.complete(EmptyDisposable.java:58)
	at io.reactivex.rxjava3.internal.operators.maybe.MaybeEmpty.subscribeActual(MaybeEmpty.java:29)
	at io.reactivex.rxjava3.core.Maybe.subscribe(Maybe.java:5375)
	at io.reactivex.rxjava3.internal.operators.maybe.MaybeMap.subscribeActual(MaybeMap.java:41)
	at io.reactivex.rxjava3.core.Maybe.subscribe(Maybe.java:5375)
	at io.reactivex.rxjava3.internal.operators.maybe.MaybeToSingle.subscribeActual(MaybeToSingle.java:46)
	at io.reactivex.rxjava3.core.Single.subscribe(Single.java:4855)
	at io.reactivex.rxjava3.internal.operators.single.SingleMap.subscribeActual(SingleMap.java:35)
	at io.reactivex.rxjava3.core.Single.subscribe(Single.java:4855)
	at io.reactivex.rxjava3.internal.operators.single.SingleFlatMap$SingleFlatMapCallback.onSuccess(SingleFlatMap.java:85)
	at io.reactivex.rxjava3.internal.operators.single.SingleJust.subscribeActual(SingleJust.java:30)
	at io.reactivex.rxjava3.core.Single.subscribe(Single.java:4855)
	at io.reactivex.rxjava3.internal.operators.single.SingleFlatMap.subscribeActual(SingleFlatMap.java:37)
	at io.reactivex.rxjava3.core.Single.subscribe(Single.java:4855)
	at io.reactivex.rxjava3.internal.operators.single.SingleDoOnSuccess.subscribeActual(SingleDoOnSuccess.java:35)
	at io.reactivex.rxjava3.core.Single.subscribe(Single.java:4855)
	at io.reactivex.rxjava3.internal.operators.single.SingleToFlowable.subscribeActual(SingleToFlowable.java:38)
	at io.reactivex.rxjava3.core.Flowable.subscribe(Flowable.java:15917)
	at io.reactivex.rxjava3.core.Flowable.subscribe(Flowable.java:15863)
	at io.reactivex.rxjava3.internal.operators.flowable.FlowableConcatMap$ConcatMapImmediate.drain(FlowableConcatMap.java:318)
	at io.reactivex.rxjava3.internal.operators.flowable.FlowableConcatMap$BaseConcatMapSubscriber.onNext(FlowableConcatMap.java:159)
	at io.reactivex.rxjava3.internal.operators.single.SingleFlatMapPublisher$SingleFlatMapPublisherObserver.onNext(SingleFlatMapPublisher.java:107)
	at io.reactivex.rxjava3.internal.util.HalfSerializer.onNext(HalfSerializer.java:46)
	at io.reactivex.rxjava3.internal.operators.flowable.FlowableConcatMap$ConcatMapImmediate.innerNext(FlowableConcatMap.java:206)
	at io.reactivex.rxjava3.internal.operators.flowable.FlowableConcatMap$ConcatMapInner.onNext(FlowableConcatMap.java:563)
	at io.reactivex.rxjava3.internal.subscriptions.DeferredScalarSubscription.complete(DeferredScalarSubscription.java:133)
	at io.reactivex.rxjava3.internal.operators.single.SingleToFlowable$SingleToFlowableObserver.onSuccess(SingleToFlowable.java:63)
	at io.reactivex.rxjava3.internal.operators.single.SingleJust.subscribeActual(SingleJust.java:30)
	at io.reactivex.rxjava3.core.Single.subscribe(Single.java:4855)
	at io.reactivex.rxjava3.internal.operators.single.SingleToFlowable.subscribeActual(SingleToFlowable.java:38)
	at io.reactivex.rxjava3.core.Flowable.subscribe(Flowable.java:15917)
	at io.reactivex.rxjava3.core.Flowable.subscribe(Flowable.java:15863)
	at io.reactivex.rxjava3.internal.operators.flowable.FlowableConcatMap$ConcatMapImmediate.drain(FlowableConcatMap.java:318)
	at io.reactivex.rxjava3.internal.operators.flowable.FlowableConcatMap$BaseConcatMapSubscriber.onNext(FlowableConcatMap.java:159)
	at io.reactivex.rxjava3.internal.operators.flowable.FlowableDoFinally$DoFinallySubscriber.onNext(FlowableDoFinally.java:85)
	at io.reactivex.rxjava3.internal.operators.flowable.FlowableDoOnEach$DoOnEachSubscriber.onNext(FlowableDoOnEach.java:92)
	at io.reactivex.rxjava3.internal.operators.flowable.FlowableDoOnEach$DoOnEachSubscriber.onNext(FlowableDoOnEach.java:92)
	at io.reactivex.rxjava3.internal.subscriptions.DeferredScalarSubscription.complete(DeferredScalarSubscription.java:133)
	at io.reactivex.rxjava3.internal.operators.flowable.FlowableFromFuture.subscribeActual(FlowableFromFuture.java:54)
	at io.reactivex.rxjava3.core.Flowable.subscribe(Flowable.java:15917)
	at io.reactivex.rxjava3.internal.operators.flowable.FlowableDoOnEach.subscribeActual(FlowableDoOnEach.java:50)
	at io.reactivex.rxjava3.core.Flowable.subscribe(Flowable.java:15917)
	at io.reactivex.rxjava3.internal.operators.flowable.FlowableDoOnEach.subscribeActual(FlowableDoOnEach.java:50)
	at io.reactivex.rxjava3.core.Flowable.subscribe(Flowable.java:15917)
	at io.reactivex.rxjava3.internal.operators.flowable.FlowableDoFinally.subscribeActual(FlowableDoFinally.java:47)
	at io.reactivex.rxjava3.core.Flowable.subscribe(Flowable.java:15917)
	at io.reactivex.rxjava3.core.Flowable.subscribe(Flowable.java:15863)
	at io.reactivex.rxjava3.internal.operators.flowable.FlowableDefer.subscribeActual(FlowableDefer.java:42)
	at io.reactivex.rxjava3.core.Flowable.subscribe(Flowable.java:15917)
	at io.reactivex.rxjava3.core.Flowable.subscribe(Flowable.java:15863)
	at io.reactivex.rxjava3.internal.operators.flowable.FlowableConcatMap.subscribeActual(FlowableConcatMap.java:66)
	at io.reactivex.rxjava3.core.Flowable.subscribe(Flowable.java:15917)
	at io.reactivex.rxjava3.core.Flowable.subscribe(Flowable.java:15863)
	at io.reactivex.rxjava3.internal.operators.single.SingleFlatMapPublisher$SingleFlatMapPublisherObserver.onSuccess(SingleFlatMapPublisher.java:96)
	at io.reactivex.rxjava3.internal.operators.single.SingleJust.subscribeActual(SingleJust.java:30)
	at io.reactivex.rxjava3.core.Single.subscribe(Single.java:4855)
	at io.reactivex.rxjava3.internal.operators.single.SingleFlatMapPublisher.subscribeActual(SingleFlatMapPublisher.java:59)
	at io.reactivex.rxjava3.core.Flowable.subscribe(Flowable.java:15917)
	at io.reactivex.rxjava3.core.Flowable.subscribe(Flowable.java:15863)
	at io.reactivex.rxjava3.internal.operators.flowable.FlowableConcatMap.subscribeActual(FlowableConcatMap.java:66)
	at io.reactivex.rxjava3.core.Flowable.subscribe(Flowable.java:15917)
	at io.reactivex.rxjava3.core.Flowable.subscribe(Flowable.java:15863)
	at io.reactivex.rxjava3.internal.operators.flowable.FlowableConcatMap.subscribeActual(FlowableConcatMap.java:66)
	at io.reactivex.rxjava3.core.Flowable.subscribe(Flowable.java:15917)
	at io.reactivex.rxjava3.core.Flowable.subscribe(Flowable.java:15863)
	at io.reactivex.rxjava3.internal.operators.flowable.FlowableConcatArray$ConcatArraySubscriber.onComplete(FlowableConcatArray.java:141)
	at io.reactivex.rxjava3.internal.operators.flowable.FlowableConcatArray.subscribeActual(FlowableConcatArray.java:41)
	at io.reactivex.rxjava3.core.Flowable.subscribe(Flowable.java:15917)
	at io.reactivex.rxjava3.core.Flowable.subscribe(Flowable.java:15863)
	at io.reactivex.rxjava3.internal.operators.single.SingleFlatMapPublisher$SingleFlatMapPublisherObserver.onSuccess(SingleFlatMapPublisher.java:96)
	at io.reactivex.rxjava3.internal.operators.single.SingleFlatMap$SingleFlatMapCallback$FlatMapSingleObserver.onSuccess(SingleFlatMap.java:112)
	at io.reactivex.rxjava3.internal.observers.ResumeSingleObserver.onSuccess(ResumeSingleObserver.java:46)
	at io.reactivex.rxjava3.internal.operators.single.SingleFromCallable.subscribeActual(SingleFromCallable.java:55)
	at io.reactivex.rxjava3.core.Single.subscribe(Single.java:4855)
	at io.reactivex.rxjava3.internal.operators.single.SingleDelayWithCompletable$OtherObserver.onComplete(SingleDelayWithCompletable.java:69)
	at io.reactivex.rxjava3.internal.util.AtomicThrowable.tryTerminateConsumer(AtomicThrowable.java:154)
	at io.reactivex.rxjava3.internal.operators.mixed.FlowableConcatMapCompletable$ConcatMapCompletableObserver.drain(FlowableConcatMapCompletable.java:166)
	at io.reactivex.rxjava3.internal.operators.mixed.ConcatMapXMainSubscriber.onComplete(ConcatMapXMainSubscriber.java:123)
	at io.reactivex.rxjava3.internal.subscriptions.EmptySubscription.complete(EmptySubscription.java:69)
	at io.reactivex.rxjava3.internal.operators.flowable.FlowableFromIterable.subscribe(FlowableFromIterable.java:61)
	at io.reactivex.rxjava3.internal.operators.flowable.FlowableFromIterable.subscribeActual(FlowableFromIterable.java:47)
	at io.reactivex.rxjava3.core.Flowable.subscribe(Flowable.java:15917)
	at io.reactivex.rxjava3.internal.operators.mixed.FlowableConcatMapCompletable.subscribeActual(FlowableConcatMapCompletable.java:56)
	at io.reactivex.rxjava3.core.Completable.subscribe(Completable.java:2859)
	at io.reactivex.rxjava3.internal.operators.single.SingleDelayWithCompletable.subscribeActual(SingleDelayWithCompletable.java:36)
	at io.reactivex.rxjava3.core.Single.subscribe(Single.java:4855)
	at io.reactivex.rxjava3.internal.operators.single.SingleFlatMap$SingleFlatMapCallback.onSuccess(SingleFlatMap.java:85)
	at io.reactivex.rxjava3.internal.operators.single.SingleMap$MapSingleObserver.onSuccess(SingleMap.java:65)
	at io.reactivex.rxjava3.internal.operators.single.SingleDoOnSuccess$DoOnSuccess.onSuccess(SingleDoOnSuccess.java:60)
	at io.reactivex.rxjava3.internal.operators.single.SingleFlatMap$SingleFlatMapCallback$FlatMapSingleObserver.onSuccess(SingleFlatMap.java:112)
	at io.reactivex.rxjava3.internal.operators.single.SingleJust.subscribeActual(SingleJust.java:30)
	at io.reactivex.rxjava3.core.Single.subscribe(Single.java:4855)
	at io.reactivex.rxjava3.internal.operators.single.SingleFlatMap$SingleFlatMapCallback.onSuccess(SingleFlatMap.java:85)
	at io.reactivex.rxjava3.internal.operators.single.SingleMap$MapSingleObserver.onSuccess(SingleMap.java:65)
	at io.reactivex.rxjava3.internal.operators.single.SingleDoOnSuccess$DoOnSuccess.onSuccess(SingleDoOnSuccess.java:60)
	at io.reactivex.rxjava3.internal.operators.single.SingleFlatMap$SingleFlatMapCallback$FlatMapSingleObserver.onSuccess(SingleFlatMap.java:112)
	at io.reactivex.rxjava3.internal.operators.single.SingleJust.subscribeActual(SingleJust.java:30)
	at io.reactivex.rxjava3.core.Single.subscribe(Single.java:4855)
	at io.reactivex.rxjava3.internal.operators.single.SingleFlatMap$SingleFlatMapCallback.onSuccess(SingleFlatMap.java:85)
	at io.reactivex.rxjava3.internal.operators.single.SingleMap$MapSingleObserver.onSuccess(SingleMap.java:65)
	at io.reactivex.rxjava3.internal.operators.single.SingleDoOnSuccess$DoOnSuccess.onSuccess(SingleDoOnSuccess.java:60)
	at io.reactivex.rxjava3.internal.operators.single.SingleFlatMap$SingleFlatMapCallback$FlatMapSingleObserver.onSuccess(SingleFlatMap.java:112)
	at io.reactivex.rxjava3.internal.operators.single.SingleJust.subscribeActual(SingleJust.java:30)
	at io.reactivex.rxjava3.core.Single.subscribe(Single.java:4855)
	at io.reactivex.rxjava3.internal.operators.single.SingleFlatMap$SingleFlatMapCallback.onSuccess(SingleFlatMap.java:85)
	at io.reactivex.rxjava3.internal.operators.single.SingleMap$MapSingleObserver.onSuccess(SingleMap.java:65)
	at io.reactivex.rxjava3.internal.operators.single.SingleDoOnSuccess$DoOnSuccess.onSuccess(SingleDoOnSuccess.java:60)
	at io.reactivex.rxjava3.internal.operators.single.SingleFlatMap$SingleFlatMapCallback$FlatMapSingleObserver.onSuccess(SingleFlatMap.java:112)
	at io.reactivex.rxjava3.internal.operators.single.SingleJust.subscribeActual(SingleJust.java:30)
	at io.reactivex.rxjava3.core.Single.subscribe(Single.java:4855)
	at io.reactivex.rxjava3.internal.operators.single.SingleFlatMap$SingleFlatMapCallback.onSuccess(SingleFlatMap.java:85)
	at io.reactivex.rxjava3.internal.operators.single.SingleMap$MapSingleObserver.onSuccess(SingleMap.java:65)
	at io.reactivex.rxjava3.internal.operators.single.SingleDoOnSuccess$DoOnSuccess.onSuccess(SingleDoOnSuccess.java:60)
	at io.reactivex.rxjava3.internal.operators.single.SingleFlatMap$SingleFlatMapCallback$FlatMapSingleObserver.onSuccess(SingleFlatMap.java:112)
	at io.reactivex.rxjava3.internal.operators.single.SingleMap$MapSingleObserver.onSuccess(SingleMap.java:65)
	at io.reactivex.rxjava3.internal.operators.single.SingleFlatMap$SingleFlatMapCallback$FlatMapSingleObserver.onSuccess(SingleFlatMap.java:112)
	at io.reactivex.rxjava3.internal.operators.single.SingleFlatMap$SingleFlatMapCallback$FlatMapSingleObserver.onSuccess(SingleFlatMap.java:112)
	at io.reactivex.rxjava3.internal.operators.single.SingleMap$MapSingleObserver.onSuccess(SingleMap.java:65)
	at io.reactivex.rxjava3.internal.operators.single.SingleZipArray$ZipCoordinator.innerSuccess(SingleZipArray.java:126)
	at io.reactivex.rxjava3.internal.operators.single.SingleZipArray$ZipSingleObserver.onSuccess(SingleZipArray.java:178)
	at io.reactivex.rxjava3.internal.operators.single.SingleJust.subscribeActual(SingleJust.java:30)
	at io.reactivex.rxjava3.core.Single.subscribe(Single.java:4855)
	at io.reactivex.rxjava3.internal.operators.single.SingleZipIterable.subscribeActual(SingleZipIterable.java:77)
	at io.reactivex.rxjava3.core.Single.subscribe(Single.java:4855)
	at io.reactivex.rxjava3.internal.operators.single.SingleMap.subscribeActual(SingleMap.java:35)
	at io.reactivex.rxjava3.core.Single.subscribe(Single.java:4855)
	at io.reactivex.rxjava3.internal.operators.single.SingleFlatMap$SingleFlatMapCallback.onSuccess(SingleFlatMap.java:85)
	at io.reactivex.rxjava3.internal.operators.single.SingleJust.subscribeActual(SingleJust.java:30)
	at io.reactivex.rxjava3.core.Single.subscribe(Single.java:4855)
	at io.reactivex.rxjava3.internal.operators.single.SingleFlatMap.subscribeActual(SingleFlatMap.java:37)
	at io.reactivex.rxjava3.core.Single.subscribe(Single.java:4855)
	at io.reactivex.rxjava3.internal.operators.single.SingleFlatMap$SingleFlatMapCallback.onSuccess(SingleFlatMap.java:85)
	at io.reactivex.rxjava3.internal.operators.single.SingleJust.subscribeActual(SingleJust.java:30)
	at io.reactivex.rxjava3.core.Single.subscribe(Single.java:4855)
	at io.reactivex.rxjava3.internal.operators.single.SingleFlatMap.subscribeActual(SingleFlatMap.java:37)
	at io.reactivex.rxjava3.core.Single.subscribe(Single.java:4855)
	at io.reactivex.rxjava3.internal.operators.single.SingleMap.subscribeActual(SingleMap.java:35)
	at io.reactivex.rxjava3.core.Single.subscribe(Single.java:4855)
	at io.reactivex.rxjava3.internal.operators.single.SingleFlatMap$SingleFlatMapCallback.onSuccess(SingleFlatMap.java:85)
	at io.reactivex.rxjava3.internal.operators.single.SingleMap$MapSingleObserver.onSuccess(SingleMap.java:65)
	at io.reactivex.rxjava3.internal.operators.single.SingleDoOnSuccess$DoOnSuccess.onSuccess(SingleDoOnSuccess.java:60)
	at io.reactivex.rxjava3.internal.operators.single.SingleFlatMap$SingleFlatMapCallback$FlatMapSingleObserver.onSuccess(SingleFlatMap.java:112)
	at io.reactivex.rxjava3.internal.operators.single.SingleJust.subscribeActual(SingleJust.java:30)
	at io.reactivex.rxjava3.core.Single.subscribe(Single.java:4855)
	at io.reactivex.rxjava3.internal.operators.single.SingleFlatMap$SingleFlatMapCallback.onSuccess(SingleFlatMap.java:85)
	at io.reactivex.rxjava3.internal.operators.single.SingleJust.subscribeActual(SingleJust.java:30)
	at io.reactivex.rxjava3.core.Single.subscribe(Single.java:4855)
	at io.reactivex.rxjava3.internal.operators.single.SingleFlatMap.subscribeActual(SingleFlatMap.java:37)
	at io.reactivex.rxjava3.core.Single.subscribe(Single.java:4855)
	at io.reactivex.rxjava3.internal.operators.single.SingleDoOnSuccess.subscribeActual(SingleDoOnSuccess.java:35)
	at io.reactivex.rxjava3.core.Single.subscribe(Single.java:4855)
	at io.reactivex.rxjava3.internal.operators.single.SingleMap.subscribeActual(SingleMap.java:35)
	at io.reactivex.rxjava3.core.Single.subscribe(Single.java:4855)
	at io.reactivex.rxjava3.internal.operators.single.SingleFlatMap.subscribeActual(SingleFlatMap.java:37)
	at io.reactivex.rxjava3.core.Single.subscribe(Single.java:4855)
	at io.reactivex.rxjava3.internal.operators.single.SingleDoOnSuccess.subscribeActual(SingleDoOnSuccess.java:35)
	at io.reactivex.rxjava3.core.Single.subscribe(Single.java:4855)
	at io.reactivex.rxjava3.internal.operators.single.SingleMap.subscribeActual(SingleMap.java:35)
	at io.reactivex.rxjava3.core.Single.subscribe(Single.java:4855)
	at io.reactivex.rxjava3.internal.operators.single.SingleFlatMap.subscribeActual(SingleFlatMap.java:37)
	at io.reactivex.rxjava3.core.Single.subscribe(Single.java:4855)
	at io.reactivex.rxjava3.internal.operators.single.SingleDoOnSuccess.subscribeActual(SingleDoOnSuccess.java:35)
	at io.reactivex.rxjava3.core.Single.subscribe(Single.java:4855)
	at io.reactivex.rxjava3.internal.operators.single.SingleMap.subscribeActual(SingleMap.java:35)
	at io.reactivex.rxjava3.core.Single.subscribe(Single.java:4855)
	at io.reactivex.rxjava3.internal.operators.single.SingleFlatMap.subscribeActual(SingleFlatMap.java:37)
	at io.reactivex.rxjava3.core.Single.subscribe(Single.java:4855)
	at io.reactivex.rxjava3.internal.operators.single.SingleDoOnSuccess.subscribeActual(SingleDoOnSuccess.java:35)
	at io.reactivex.rxjava3.core.Single.subscribe(Single.java:4855)
	at io.reactivex.rxjava3.internal.operators.single.SingleMap.subscribeActual(SingleMap.java:35)
	at io.reactivex.rxjava3.core.Single.subscribe(Single.java:4855)
	at io.reactivex.rxjava3.internal.operators.single.SingleFlatMap.subscribeActual(SingleFlatMap.java:37)
	at io.reactivex.rxjava3.core.Single.subscribe(Single.java:4855)
	at io.reactivex.rxjava3.internal.operators.single.SingleDoOnSuccess.subscribeActual(SingleDoOnSuccess.java:35)
	at io.reactivex.rxjava3.core.Single.subscribe(Single.java:4855)
	at io.reactivex.rxjava3.internal.operators.single.SingleMap.subscribeActual(SingleMap.java:35)
	at io.reactivex.rxjava3.core.Single.subscribe(Single.java:4855)
	at io.reactivex.rxjava3.internal.operators.single.SingleFlatMap.subscribeActual(SingleFlatMap.java:37)
	at io.reactivex.rxjava3.core.Single.subscribe(Single.java:4855)
	at io.reactivex.rxjava3.internal.operators.single.SingleDoOnSuccess.subscribeActual(SingleDoOnSuccess.java:35)
	at io.reactivex.rxjava3.core.Single.subscribe(Single.java:4855)
	at io.reactivex.rxjava3.internal.operators.single.SingleMap.subscribeActual(SingleMap.java:35)
	at io.reactivex.rxjava3.core.Single.subscribe(Single.java:4855)
	at io.reactivex.rxjava3.internal.operators.single.SingleFlatMap.subscribeActual(SingleFlatMap.java:37)
	at io.reactivex.rxjava3.core.Single.subscribe(Single.java:4855)
	at io.reactivex.rxjava3.internal.operators.single.SingleFlatMapPublisher.subscribeActual(SingleFlatMapPublisher.java:59)
	at io.reactivex.rxjava3.core.Flowable.subscribe(Flowable.java:15917)
	at io.reactivex.rxjava3.internal.operators.flowable.FlowableCache.subscribeActual(FlowableCache.java:115)
	at io.reactivex.rxjava3.core.Flowable.subscribe(Flowable.java:15917)
	at io.reactivex.rxjava3.core.Flowable.subscribe(Flowable.java:15863)
	at io.reactivex.rxjava3.internal.operators.flowable.FlowableConcatArray$ConcatArraySubscriber.onComplete(FlowableConcatArray.java:141)
	at io.reactivex.rxjava3.internal.operators.flowable.FlowableConcatArray.subscribeActual(FlowableConcatArray.java:41)
	at io.reactivex.rxjava3.core.Flowable.subscribe(Flowable.java:15917)
	at io.reactivex.rxjava3.internal.operators.flowable.FlowableDoOnEach.subscribeActual(FlowableDoOnEach.java:50)
	at io.reactivex.rxjava3.core.Flowable.subscribe(Flowable.java:15917)
	at io.reactivex.rxjava3.core.Flowable.subscribe(Flowable.java:15863)
	at io.reactivex.rxjava3.internal.operators.flowable.FlowableDefer.subscribeActual(FlowableDefer.java:42)
	at io.reactivex.rxjava3.core.Flowable.subscribe(Flowable.java:15917)
	at io.reactivex.rxjava3.core.Flowable.subscribe(Flowable.java:15863)
	at io.reactivex.rxjava3.internal.operators.flowable.FlowableConcatArray$ConcatArraySubscriber.onComplete(FlowableConcatArray.java:141)
	at io.reactivex.rxjava3.internal.operators.flowable.FlowableConcatArray.subscribeActual(FlowableConcatArray.java:41)
	at io.reactivex.rxjava3.core.Flowable.subscribe(Flowable.java:15917)
	at io.reactivex.rxjava3.core.Flowable.subscribe(Flowable.java:15863)
	at io.reactivex.rxjava3.internal.operators.single.SingleFlatMapPublisher$SingleFlatMapPublisherObserver.onSuccess(SingleFlatMapPublisher.java:96)
	at io.reactivex.rxjava3.internal.operators.single.SingleJust.subscribeActual(SingleJust.java:30)
	at io.reactivex.rxjava3.core.Single.subscribe(Single.java:4855)
	at io.reactivex.rxjava3.internal.operators.single.SingleFlatMapPublisher.subscribeActual(SingleFlatMapPublisher.java:59)
	at io.reactivex.rxjava3.core.Flowable.subscribe(Flowable.java:15917)
	at io.reactivex.rxjava3.internal.operators.flowable.FlowableDoFinally.subscribeActual(FlowableDoFinally.java:47)
	at io.reactivex.rxjava3.core.Flowable.subscribe(Flowable.java:15917)
	at io.reactivex.rxjava3.core.Flowable.subscribe(Flowable.java:15863)
	at io.reactivex.rxjava3.internal.operators.flowable.FlowableDefer.subscribeActual(FlowableDefer.java:42)
	at io.reactivex.rxjava3.core.Flowable.subscribe(Flowable.java:15917)
	at io.reactivex.rxjava3.internal.operators.flowable.FlowableDoOnEach.subscribeActual(FlowableDoOnEach.java:50)
	at io.reactivex.rxjava3.core.Flowable.subscribe(Flowable.java:15917)
	at io.reactivex.rxjava3.core.Flowable.subscribe(Flowable.java:15863)
	at io.reactivex.rxjava3.internal.operators.flowable.FlowableDefer.subscribeActual(FlowableDefer.java:42)
	at io.reactivex.rxjava3.core.Flowable.subscribe(Flowable.java:15917)
	at io.reactivex.rxjava3.core.Flowable.subscribe(Flowable.java:15863)
	at io.reactivex.rxjava3.internal.operators.flowable.FlowableConcatArray$ConcatArraySubscriber.onComplete(FlowableConcatArray.java:141)
	at io.reactivex.rxjava3.internal.operators.flowable.FlowableConcatArray.subscribeActual(FlowableConcatArray.java:41)
	at io.reactivex.rxjava3.core.Flowable.subscribe(Flowable.java:15917)
	at io.reactivex.rxjava3.core.Flowable.subscribe(Flowable.java:15863)
	at io.reactivex.rxjava3.internal.operators.single.SingleFlatMapPublisher$SingleFlatMapPublisherObserver.onSuccess(SingleFlatMapPublisher.java:96)
	at io.reactivex.rxjava3.internal.operators.single.SingleJust.subscribeActual(SingleJust.java:30)
	at io.reactivex.rxjava3.core.Single.subscribe(Single.java:4855)
	at io.reactivex.rxjava3.internal.operators.single.SingleFlatMapPublisher.subscribeActual(SingleFlatMapPublisher.java:59)
	at io.reactivex.rxjava3.core.Flowable.subscribe(Flowable.java:15917)
	at io.reactivex.rxjava3.internal.operators.flowable.FlowableDoFinally.subscribeActual(FlowableDoFinally.java:47)
	at io.reactivex.rxjava3.core.Flowable.subscribe(Flowable.java:15917)
	at io.reactivex.rxjava3.core.Flowable.subscribe(Flowable.java:15863)
	at io.reactivex.rxjava3.internal.operators.flowable.FlowableDefer.subscribeActual(FlowableDefer.java:42)
	at io.reactivex.rxjava3.core.Flowable.subscribe(Flowable.java:15917)
	at io.reactivex.rxjava3.internal.operators.flowable.FlowableDoOnEach.subscribeActual(FlowableDoOnEach.java:50)
	at io.reactivex.rxjava3.core.Flowable.subscribe(Flowable.java:15917)
	at io.reactivex.rxjava3.core.Flowable.subscribe(Flowable.java:15863)
	at io.reactivex.rxjava3.internal.operators.flowable.FlowableScalarXMap$ScalarXMapFlowable.subscribeActual(FlowableScalarXMap.java:160)
	at io.reactivex.rxjava3.core.Flowable.subscribe(Flowable.java:15917)
	at io.reactivex.rxjava3.internal.operators.flowable.FlowableDoOnEach.subscribeActual(FlowableDoOnEach.java:50)
	at io.reactivex.rxjava3.core.Flowable.subscribe(Flowable.java:15917)
	at io.reactivex.rxjava3.internal.operators.flowable.FlowableDoFinally.subscribeActual(FlowableDoFinally.java:47)
	at io.reactivex.rxjava3.core.Flowable.subscribe(Flowable.java:15917)
	at io.reactivex.rxjava3.core.Flowable.subscribe(Flowable.java:15863)
	at io.reactivex.rxjava3.internal.operators.single.SingleFlatMapPublisher$SingleFlatMapPublisherObserver.onSuccess(SingleFlatMapPublisher.java:96)
	at io.reactivex.rxjava3.internal.operators.maybe.MaybeSwitchIfEmptySingle$SwitchIfEmptyMaybeObserver.onSuccess(MaybeSwitchIfEmptySingle.java:82)
	at io.reactivex.rxjava3.internal.operators.maybe.MaybeJust.subscribeActual(MaybeJust.java:36)
	at io.reactivex.rxjava3.core.Maybe.subscribe(Maybe.java:5375)
	at io.reactivex.rxjava3.internal.operators.maybe.MaybeSwitchIfEmptySingle.subscribeActual(MaybeSwitchIfEmptySingle.java:45)
	at io.reactivex.rxjava3.core.Single.subscribe(Single.java:4855)
	at io.reactivex.rxjava3.internal.operators.single.SingleFlatMapPublisher.subscribeActual(SingleFlatMapPublisher.java:59)
	at io.reactivex.rxjava3.core.Flowable.subscribe(Flowable.java:15917)
	at io.reactivex.rxjava3.internal.operators.flowable.FlowableObserveOn.subscribeActual(FlowableObserveOn.java:58)
	at io.reactivex.rxjava3.core.Flowable.subscribe(Flowable.java:15917)
	at io.reactivex.rxjava3.core.Flowable.subscribe(Flowable.java:15808)
	at com.google.adk.web.AdkWebServer$AgentController.lambda$agentRunSse$0(AdkWebServer.java:1241)
	at java.base/java.util.concurrent.ThreadPoolExecutor.runWorker(ThreadPoolExecutor.java:1144)
	at java.base/java.util.concurrent.ThreadPoolExecutor$Worker.run(ThreadPoolExecutor.java:642)
	at java.base/java.lang.Thread.run(Thread.java:1583)
Caused by: com.google.gson.stream.MalformedJsonException: Use JsonReader.setLenient(true) to accept malformed JSON at line 1 column 6 path $
	at com.google.gson.stream.JsonReader.syntaxError(JsonReader.java:1659)
	at com.google.gson.stream.JsonReader.checkLenient(JsonReader.java:1465)
	at com.google.gson.stream.JsonReader.doPeek(JsonReader.java:551)
	at com.google.gson.stream.JsonReader.peek(JsonReader.java:433)
	at com.google.gson.JsonParser.parseReader(JsonParser.java:71)
	... 294 more

2025-09-01 15:31:50 [http-nio-8080-exec-6] INFO  c.g.a.w.AdkWebServer$AgentController - Request received for GET /debug/trace/session/02313e43-fa89-483c-957a-520d5d3a815f
2025-09-01 15:31:50 [http-nio-8080-exec-6] INFO  c.g.a.w.AdkWebServer$AgentController - Returning 4 spans for session ID: 02313e43-fa89-483c-957a-520d5d3a815f
2025-09-01 15:31:50 [http-nio-8080-exec-10] INFO  c.g.a.w.AdkWebServer$AgentController - Request received for GET /apps/Coordinator/users/user/sessions/02313e43-fa89-483c-957a-520d5d3a815f
2025-09-01 15:31:53 [http-nio-8080-exec-2] INFO  c.g.a.w.AdkWebServer$AgentController - SseEmitter Request received for POST /run_sse_emitter for session: 02313e43-fa89-483c-957a-520d5d3a815f
2025-09-01 15:31:54 [pool-2-thread-1] INFO  c.p.t.s.a.o.AnotherRootAgent - error com.google.gson.JsonSyntaxException: com.google.gson.stream.MalformedJsonException: Use JsonReader.setLenient(true) to accept malformed JSON at line 1 column 9 path $
	at com.google.gson.JsonParser.parseReader(JsonParser.java:76)
	at com.google.gson.JsonParser.parseString(JsonParser.java:51)
	at com.pkfare.trip.scale.agent.orchestration.AnotherRootAgent.stageTransition(AnotherRootAgent.java:107)
	at com.pkfare.trip.scale.agent.orchestration.AnotherRootAgent.lambda$runAsyncImpl$0(AnotherRootAgent.java:88)
	at io.reactivex.rxjava3.internal.operators.flowable.FlowableDoOnEach$DoOnEachSubscriber.onNext(FlowableDoOnEach.java:86)
	at io.reactivex.rxjava3.internal.operators.flowable.FlowableDoFinally$DoFinallySubscriber.onNext(FlowableDoFinally.java:85)
	at io.reactivex.rxjava3.internal.operators.single.SingleFlatMapPublisher$SingleFlatMapPublisherObserver.onNext(SingleFlatMapPublisher.java:107)
	at io.reactivex.rxjava3.internal.operators.flowable.FlowableConcatArray$ConcatArraySubscriber.onNext(FlowableConcatArray.java:78)
	at io.reactivex.rxjava3.internal.operators.flowable.FlowableDoOnEach$DoOnEachSubscriber.onNext(FlowableDoOnEach.java:92)
	at io.reactivex.rxjava3.internal.operators.flowable.FlowableConcatArray$ConcatArraySubscriber.onNext(FlowableConcatArray.java:78)
	at io.reactivex.rxjava3.internal.operators.flowable.FlowableCache.replay(FlowableCache.java:272)
	at io.reactivex.rxjava3.internal.operators.flowable.FlowableCache.onNext(FlowableCache.java:317)
	at io.reactivex.rxjava3.internal.operators.single.SingleFlatMapPublisher$SingleFlatMapPublisherObserver.onNext(SingleFlatMapPublisher.java:107)
	at io.reactivex.rxjava3.internal.operators.flowable.FlowableConcatArray$ConcatArraySubscriber.onNext(FlowableConcatArray.java:78)
	at io.reactivex.rxjava3.internal.util.HalfSerializer.onNext(HalfSerializer.java:46)
	at io.reactivex.rxjava3.internal.operators.flowable.FlowableConcatMap$ConcatMapImmediate.innerNext(FlowableConcatMap.java:206)
	at io.reactivex.rxjava3.internal.operators.flowable.FlowableConcatMap$ConcatMapInner.onNext(FlowableConcatMap.java:563)
	at io.reactivex.rxjava3.internal.operators.flowable.FlowableFromIterable$IteratorSubscription.fastPath(FlowableFromIterable.java:185)
	at io.reactivex.rxjava3.internal.operators.flowable.FlowableFromIterable$BaseRangeSubscription.request(FlowableFromIterable.java:129)
	at io.reactivex.rxjava3.internal.subscriptions.SubscriptionArbiter.setSubscription(SubscriptionArbiter.java:87)
	at io.reactivex.rxjava3.internal.operators.flowable.FlowableConcatMap$ConcatMapInner.onSubscribe(FlowableConcatMap.java:556)
	at io.reactivex.rxjava3.internal.operators.flowable.FlowableFromIterable.subscribe(FlowableFromIterable.java:69)
	at io.reactivex.rxjava3.internal.operators.flowable.FlowableFromIterable.subscribeActual(FlowableFromIterable.java:47)
	at io.reactivex.rxjava3.core.Flowable.subscribe(Flowable.java:15917)
	at io.reactivex.rxjava3.core.Flowable.subscribe(Flowable.java:15863)
	at io.reactivex.rxjava3.internal.operators.flowable.FlowableConcatMap$ConcatMapImmediate.drain(FlowableConcatMap.java:318)
	at io.reactivex.rxjava3.internal.operators.flowable.FlowableConcatMap$BaseConcatMapSubscriber.onNext(FlowableConcatMap.java:159)
	at io.reactivex.rxjava3.internal.util.HalfSerializer.onNext(HalfSerializer.java:46)
	at io.reactivex.rxjava3.internal.operators.flowable.FlowableConcatMap$ConcatMapImmediate.innerNext(FlowableConcatMap.java:206)
	at io.reactivex.rxjava3.internal.operators.flowable.FlowableConcatMap$ConcatMapInner.onNext(FlowableConcatMap.java:563)
	at io.reactivex.rxjava3.internal.subscriptions.DeferredScalarSubscription.complete(DeferredScalarSubscription.java:133)
	at io.reactivex.rxjava3.internal.operators.single.SingleToFlowable$SingleToFlowableObserver.onSuccess(SingleToFlowable.java:63)
	at io.reactivex.rxjava3.internal.operators.single.SingleDoOnSuccess$DoOnSuccess.onSuccess(SingleDoOnSuccess.java:60)
	at io.reactivex.rxjava3.internal.operators.single.SingleFlatMap$SingleFlatMapCallback$FlatMapSingleObserver.onSuccess(SingleFlatMap.java:112)
	at io.reactivex.rxjava3.internal.operators.single.SingleMap$MapSingleObserver.onSuccess(SingleMap.java:65)
	at io.reactivex.rxjava3.internal.operators.maybe.MaybeToSingle$ToSingleMaybeSubscriber.onComplete(MaybeToSingle.java:96)
	at io.reactivex.rxjava3.internal.operators.maybe.MaybeMap$MapMaybeObserver.onComplete(MaybeMap.java:100)
	at io.reactivex.rxjava3.internal.disposables.EmptyDisposable.complete(EmptyDisposable.java:58)
	at io.reactivex.rxjava3.internal.operators.maybe.MaybeEmpty.subscribeActual(MaybeEmpty.java:29)
	at io.reactivex.rxjava3.core.Maybe.subscribe(Maybe.java:5375)
	at io.reactivex.rxjava3.internal.operators.maybe.MaybeMap.subscribeActual(MaybeMap.java:41)
	at io.reactivex.rxjava3.core.Maybe.subscribe(Maybe.java:5375)
	at io.reactivex.rxjava3.internal.operators.maybe.MaybeToSingle.subscribeActual(MaybeToSingle.java:46)
	at io.reactivex.rxjava3.core.Single.subscribe(Single.java:4855)
	at io.reactivex.rxjava3.internal.operators.single.SingleMap.subscribeActual(SingleMap.java:35)
	at io.reactivex.rxjava3.core.Single.subscribe(Single.java:4855)
	at io.reactivex.rxjava3.internal.operators.single.SingleFlatMap$SingleFlatMapCallback.onSuccess(SingleFlatMap.java:85)
	at io.reactivex.rxjava3.internal.operators.single.SingleJust.subscribeActual(SingleJust.java:30)
	at io.reactivex.rxjava3.core.Single.subscribe(Single.java:4855)
	at io.reactivex.rxjava3.internal.operators.single.SingleFlatMap.subscribeActual(SingleFlatMap.java:37)
	at io.reactivex.rxjava3.core.Single.subscribe(Single.java:4855)
	at io.reactivex.rxjava3.internal.operators.single.SingleDoOnSuccess.subscribeActual(SingleDoOnSuccess.java:35)
	at io.reactivex.rxjava3.core.Single.subscribe(Single.java:4855)
	at io.reactivex.rxjava3.internal.operators.single.SingleToFlowable.subscribeActual(SingleToFlowable.java:38)
	at io.reactivex.rxjava3.core.Flowable.subscribe(Flowable.java:15917)
	at io.reactivex.rxjava3.core.Flowable.subscribe(Flowable.java:15863)
	at io.reactivex.rxjava3.internal.operators.flowable.FlowableConcatMap$ConcatMapImmediate.drain(FlowableConcatMap.java:318)
	at io.reactivex.rxjava3.internal.operators.flowable.FlowableConcatMap$BaseConcatMapSubscriber.onNext(FlowableConcatMap.java:159)
	at io.reactivex.rxjava3.internal.operators.single.SingleFlatMapPublisher$SingleFlatMapPublisherObserver.onNext(SingleFlatMapPublisher.java:107)
	at io.reactivex.rxjava3.internal.util.HalfSerializer.onNext(HalfSerializer.java:46)
	at io.reactivex.rxjava3.internal.operators.flowable.FlowableConcatMap$ConcatMapImmediate.innerNext(FlowableConcatMap.java:206)
	at io.reactivex.rxjava3.internal.operators.flowable.FlowableConcatMap$ConcatMapInner.onNext(FlowableConcatMap.java:563)
	at io.reactivex.rxjava3.internal.subscriptions.DeferredScalarSubscription.complete(DeferredScalarSubscription.java:133)
	at io.reactivex.rxjava3.internal.operators.single.SingleToFlowable$SingleToFlowableObserver.onSuccess(SingleToFlowable.java:63)
	at io.reactivex.rxjava3.internal.operators.single.SingleJust.subscribeActual(SingleJust.java:30)
	at io.reactivex.rxjava3.core.Single.subscribe(Single.java:4855)
	at io.reactivex.rxjava3.internal.operators.single.SingleToFlowable.subscribeActual(SingleToFlowable.java:38)
	at io.reactivex.rxjava3.core.Flowable.subscribe(Flowable.java:15917)
	at io.reactivex.rxjava3.core.Flowable.subscribe(Flowable.java:15863)
	at io.reactivex.rxjava3.internal.operators.flowable.FlowableConcatMap$ConcatMapImmediate.drain(FlowableConcatMap.java:318)
	at io.reactivex.rxjava3.internal.operators.flowable.FlowableConcatMap$BaseConcatMapSubscriber.onNext(FlowableConcatMap.java:159)
	at io.reactivex.rxjava3.internal.operators.flowable.FlowableDoFinally$DoFinallySubscriber.onNext(FlowableDoFinally.java:85)
	at io.reactivex.rxjava3.internal.operators.flowable.FlowableDoOnEach$DoOnEachSubscriber.onNext(FlowableDoOnEach.java:92)
	at io.reactivex.rxjava3.internal.operators.flowable.FlowableDoOnEach$DoOnEachSubscriber.onNext(FlowableDoOnEach.java:92)
	at io.reactivex.rxjava3.internal.subscriptions.DeferredScalarSubscription.complete(DeferredScalarSubscription.java:133)
	at io.reactivex.rxjava3.internal.operators.flowable.FlowableFromFuture.subscribeActual(FlowableFromFuture.java:54)
	at io.reactivex.rxjava3.core.Flowable.subscribe(Flowable.java:15917)
	at io.reactivex.rxjava3.internal.operators.flowable.FlowableDoOnEach.subscribeActual(FlowableDoOnEach.java:50)
	at io.reactivex.rxjava3.core.Flowable.subscribe(Flowable.java:15917)
	at io.reactivex.rxjava3.internal.operators.flowable.FlowableDoOnEach.subscribeActual(FlowableDoOnEach.java:50)
	at io.reactivex.rxjava3.core.Flowable.subscribe(Flowable.java:15917)
	at io.reactivex.rxjava3.internal.operators.flowable.FlowableDoFinally.subscribeActual(FlowableDoFinally.java:47)
	at io.reactivex.rxjava3.core.Flowable.subscribe(Flowable.java:15917)
	at io.reactivex.rxjava3.core.Flowable.subscribe(Flowable.java:15863)
	at io.reactivex.rxjava3.internal.operators.flowable.FlowableDefer.subscribeActual(FlowableDefer.java:42)
	at io.reactivex.rxjava3.core.Flowable.subscribe(Flowable.java:15917)
	at io.reactivex.rxjava3.core.Flowable.subscribe(Flowable.java:15863)
	at io.reactivex.rxjava3.internal.operators.flowable.FlowableConcatMap.subscribeActual(FlowableConcatMap.java:66)
	at io.reactivex.rxjava3.core.Flowable.subscribe(Flowable.java:15917)
	at io.reactivex.rxjava3.core.Flowable.subscribe(Flowable.java:15863)
	at io.reactivex.rxjava3.internal.operators.single.SingleFlatMapPublisher$SingleFlatMapPublisherObserver.onSuccess(SingleFlatMapPublisher.java:96)
	at io.reactivex.rxjava3.internal.operators.single.SingleJust.subscribeActual(SingleJust.java:30)
	at io.reactivex.rxjava3.core.Single.subscribe(Single.java:4855)
	at io.reactivex.rxjava3.internal.operators.single.SingleFlatMapPublisher.subscribeActual(SingleFlatMapPublisher.java:59)
	at io.reactivex.rxjava3.core.Flowable.subscribe(Flowable.java:15917)
	at io.reactivex.rxjava3.core.Flowable.subscribe(Flowable.java:15863)
	at io.reactivex.rxjava3.internal.operators.flowable.FlowableConcatMap.subscribeActual(FlowableConcatMap.java:66)
	at io.reactivex.rxjava3.core.Flowable.subscribe(Flowable.java:15917)
	at io.reactivex.rxjava3.core.Flowable.subscribe(Flowable.java:15863)
	at io.reactivex.rxjava3.internal.operators.flowable.FlowableConcatMap.subscribeActual(FlowableConcatMap.java:66)
	at io.reactivex.rxjava3.core.Flowable.subscribe(Flowable.java:15917)
	at io.reactivex.rxjava3.core.Flowable.subscribe(Flowable.java:15863)
	at io.reactivex.rxjava3.internal.operators.flowable.FlowableConcatArray$ConcatArraySubscriber.onComplete(FlowableConcatArray.java:141)
	at io.reactivex.rxjava3.internal.operators.flowable.FlowableConcatArray.subscribeActual(FlowableConcatArray.java:41)
	at io.reactivex.rxjava3.core.Flowable.subscribe(Flowable.java:15917)
	at io.reactivex.rxjava3.core.Flowable.subscribe(Flowable.java:15863)
	at io.reactivex.rxjava3.internal.operators.single.SingleFlatMapPublisher$SingleFlatMapPublisherObserver.onSuccess(SingleFlatMapPublisher.java:96)
	at io.reactivex.rxjava3.internal.operators.single.SingleFlatMap$SingleFlatMapCallback$FlatMapSingleObserver.onSuccess(SingleFlatMap.java:112)
	at io.reactivex.rxjava3.internal.observers.ResumeSingleObserver.onSuccess(ResumeSingleObserver.java:46)
	at io.reactivex.rxjava3.internal.operators.single.SingleFromCallable.subscribeActual(SingleFromCallable.java:55)
	at io.reactivex.rxjava3.core.Single.subscribe(Single.java:4855)
	at io.reactivex.rxjava3.internal.operators.single.SingleDelayWithCompletable$OtherObserver.onComplete(SingleDelayWithCompletable.java:69)
	at io.reactivex.rxjava3.internal.util.AtomicThrowable.tryTerminateConsumer(AtomicThrowable.java:154)
	at io.reactivex.rxjava3.internal.operators.mixed.FlowableConcatMapCompletable$ConcatMapCompletableObserver.drain(FlowableConcatMapCompletable.java:166)
	at io.reactivex.rxjava3.internal.operators.mixed.ConcatMapXMainSubscriber.onComplete(ConcatMapXMainSubscriber.java:123)
	at io.reactivex.rxjava3.internal.subscriptions.EmptySubscription.complete(EmptySubscription.java:69)
	at io.reactivex.rxjava3.internal.operators.flowable.FlowableFromIterable.subscribe(FlowableFromIterable.java:61)
	at io.reactivex.rxjava3.internal.operators.flowable.FlowableFromIterable.subscribeActual(FlowableFromIterable.java:47)
	at io.reactivex.rxjava3.core.Flowable.subscribe(Flowable.java:15917)
	at io.reactivex.rxjava3.internal.operators.mixed.FlowableConcatMapCompletable.subscribeActual(FlowableConcatMapCompletable.java:56)
	at io.reactivex.rxjava3.core.Completable.subscribe(Completable.java:2859)
	at io.reactivex.rxjava3.internal.operators.single.SingleDelayWithCompletable.subscribeActual(SingleDelayWithCompletable.java:36)
	at io.reactivex.rxjava3.core.Single.subscribe(Single.java:4855)
	at io.reactivex.rxjava3.internal.operators.single.SingleFlatMap$SingleFlatMapCallback.onSuccess(SingleFlatMap.java:85)
	at io.reactivex.rxjava3.internal.operators.single.SingleMap$MapSingleObserver.onSuccess(SingleMap.java:65)
	at io.reactivex.rxjava3.internal.operators.single.SingleDoOnSuccess$DoOnSuccess.onSuccess(SingleDoOnSuccess.java:60)
	at io.reactivex.rxjava3.internal.operators.single.SingleFlatMap$SingleFlatMapCallback$FlatMapSingleObserver.onSuccess(SingleFlatMap.java:112)
	at io.reactivex.rxjava3.internal.operators.single.SingleJust.subscribeActual(SingleJust.java:30)
	at io.reactivex.rxjava3.core.Single.subscribe(Single.java:4855)
	at io.reactivex.rxjava3.internal.operators.single.SingleFlatMap$SingleFlatMapCallback.onSuccess(SingleFlatMap.java:85)
	at io.reactivex.rxjava3.internal.operators.single.SingleMap$MapSingleObserver.onSuccess(SingleMap.java:65)
	at io.reactivex.rxjava3.internal.operators.single.SingleDoOnSuccess$DoOnSuccess.onSuccess(SingleDoOnSuccess.java:60)
	at io.reactivex.rxjava3.internal.operators.single.SingleFlatMap$SingleFlatMapCallback$FlatMapSingleObserver.onSuccess(SingleFlatMap.java:112)
	at io.reactivex.rxjava3.internal.operators.single.SingleJust.subscribeActual(SingleJust.java:30)
	at io.reactivex.rxjava3.core.Single.subscribe(Single.java:4855)
	at io.reactivex.rxjava3.internal.operators.single.SingleFlatMap$SingleFlatMapCallback.onSuccess(SingleFlatMap.java:85)
	at io.reactivex.rxjava3.internal.operators.single.SingleMap$MapSingleObserver.onSuccess(SingleMap.java:65)
	at io.reactivex.rxjava3.internal.operators.single.SingleDoOnSuccess$DoOnSuccess.onSuccess(SingleDoOnSuccess.java:60)
	at io.reactivex.rxjava3.internal.operators.single.SingleFlatMap$SingleFlatMapCallback$FlatMapSingleObserver.onSuccess(SingleFlatMap.java:112)
	at io.reactivex.rxjava3.internal.operators.single.SingleJust.subscribeActual(SingleJust.java:30)
	at io.reactivex.rxjava3.core.Single.subscribe(Single.java:4855)
	at io.reactivex.rxjava3.internal.operators.single.SingleFlatMap$SingleFlatMapCallback.onSuccess(SingleFlatMap.java:85)
	at io.reactivex.rxjava3.internal.operators.single.SingleMap$MapSingleObserver.onSuccess(SingleMap.java:65)
	at io.reactivex.rxjava3.internal.operators.single.SingleDoOnSuccess$DoOnSuccess.onSuccess(SingleDoOnSuccess.java:60)
	at io.reactivex.rxjava3.internal.operators.single.SingleFlatMap$SingleFlatMapCallback$FlatMapSingleObserver.onSuccess(SingleFlatMap.java:112)
	at io.reactivex.rxjava3.internal.operators.single.SingleJust.subscribeActual(SingleJust.java:30)
	at io.reactivex.rxjava3.core.Single.subscribe(Single.java:4855)
	at io.reactivex.rxjava3.internal.operators.single.SingleFlatMap$SingleFlatMapCallback.onSuccess(SingleFlatMap.java:85)
	at io.reactivex.rxjava3.internal.operators.single.SingleMap$MapSingleObserver.onSuccess(SingleMap.java:65)
	at io.reactivex.rxjava3.internal.operators.single.SingleDoOnSuccess$DoOnSuccess.onSuccess(SingleDoOnSuccess.java:60)
	at io.reactivex.rxjava3.internal.operators.single.SingleFlatMap$SingleFlatMapCallback$FlatMapSingleObserver.onSuccess(SingleFlatMap.java:112)
	at io.reactivex.rxjava3.internal.operators.single.SingleMap$MapSingleObserver.onSuccess(SingleMap.java:65)
	at io.reactivex.rxjava3.internal.operators.single.SingleFlatMap$SingleFlatMapCallback$FlatMapSingleObserver.onSuccess(SingleFlatMap.java:112)
	at io.reactivex.rxjava3.internal.operators.single.SingleFlatMap$SingleFlatMapCallback$FlatMapSingleObserver.onSuccess(SingleFlatMap.java:112)
	at io.reactivex.rxjava3.internal.operators.single.SingleMap$MapSingleObserver.onSuccess(SingleMap.java:65)
	at io.reactivex.rxjava3.internal.operators.single.SingleZipArray$ZipCoordinator.innerSuccess(SingleZipArray.java:126)
	at io.reactivex.rxjava3.internal.operators.single.SingleZipArray$ZipSingleObserver.onSuccess(SingleZipArray.java:178)
	at io.reactivex.rxjava3.internal.operators.single.SingleJust.subscribeActual(SingleJust.java:30)
	at io.reactivex.rxjava3.core.Single.subscribe(Single.java:4855)
	at io.reactivex.rxjava3.internal.operators.single.SingleZipIterable.subscribeActual(SingleZipIterable.java:77)
	at io.reactivex.rxjava3.core.Single.subscribe(Single.java:4855)
	at io.reactivex.rxjava3.internal.operators.single.SingleMap.subscribeActual(SingleMap.java:35)
	at io.reactivex.rxjava3.core.Single.subscribe(Single.java:4855)
	at io.reactivex.rxjava3.internal.operators.single.SingleFlatMap$SingleFlatMapCallback.onSuccess(SingleFlatMap.java:85)
	at io.reactivex.rxjava3.internal.operators.single.SingleJust.subscribeActual(SingleJust.java:30)
	at io.reactivex.rxjava3.core.Single.subscribe(Single.java:4855)
	at io.reactivex.rxjava3.internal.operators.single.SingleFlatMap.subscribeActual(SingleFlatMap.java:37)
	at io.reactivex.rxjava3.core.Single.subscribe(Single.java:4855)
	at io.reactivex.rxjava3.internal.operators.single.SingleFlatMap$SingleFlatMapCallback.onSuccess(SingleFlatMap.java:85)
	at io.reactivex.rxjava3.internal.operators.single.SingleJust.subscribeActual(SingleJust.java:30)
	at io.reactivex.rxjava3.core.Single.subscribe(Single.java:4855)
	at io.reactivex.rxjava3.internal.operators.single.SingleFlatMap.subscribeActual(SingleFlatMap.java:37)
	at io.reactivex.rxjava3.core.Single.subscribe(Single.java:4855)
	at io.reactivex.rxjava3.internal.operators.single.SingleMap.subscribeActual(SingleMap.java:35)
	at io.reactivex.rxjava3.core.Single.subscribe(Single.java:4855)
	at io.reactivex.rxjava3.internal.operators.single.SingleFlatMap$SingleFlatMapCallback.onSuccess(SingleFlatMap.java:85)
	at io.reactivex.rxjava3.internal.operators.single.SingleMap$MapSingleObserver.onSuccess(SingleMap.java:65)
	at io.reactivex.rxjava3.internal.operators.single.SingleDoOnSuccess$DoOnSuccess.onSuccess(SingleDoOnSuccess.java:60)
	at io.reactivex.rxjava3.internal.operators.single.SingleFlatMap$SingleFlatMapCallback$FlatMapSingleObserver.onSuccess(SingleFlatMap.java:112)
	at io.reactivex.rxjava3.internal.operators.single.SingleJust.subscribeActual(SingleJust.java:30)
	at io.reactivex.rxjava3.core.Single.subscribe(Single.java:4855)
	at io.reactivex.rxjava3.internal.operators.single.SingleFlatMap$SingleFlatMapCallback.onSuccess(SingleFlatMap.java:85)
	at io.reactivex.rxjava3.internal.operators.single.SingleJust.subscribeActual(SingleJust.java:30)
	at io.reactivex.rxjava3.core.Single.subscribe(Single.java:4855)
	at io.reactivex.rxjava3.internal.operators.single.SingleFlatMap.subscribeActual(SingleFlatMap.java:37)
	at io.reactivex.rxjava3.core.Single.subscribe(Single.java:4855)
	at io.reactivex.rxjava3.internal.operators.single.SingleDoOnSuccess.subscribeActual(SingleDoOnSuccess.java:35)
	at io.reactivex.rxjava3.core.Single.subscribe(Single.java:4855)
	at io.reactivex.rxjava3.internal.operators.single.SingleMap.subscribeActual(SingleMap.java:35)
	at io.reactivex.rxjava3.core.Single.subscribe(Single.java:4855)
	at io.reactivex.rxjava3.internal.operators.single.SingleFlatMap.subscribeActual(SingleFlatMap.java:37)
	at io.reactivex.rxjava3.core.Single.subscribe(Single.java:4855)
	at io.reactivex.rxjava3.internal.operators.single.SingleDoOnSuccess.subscribeActual(SingleDoOnSuccess.java:35)
	at io.reactivex.rxjava3.core.Single.subscribe(Single.java:4855)
	at io.reactivex.rxjava3.internal.operators.single.SingleMap.subscribeActual(SingleMap.java:35)
	at io.reactivex.rxjava3.core.Single.subscribe(Single.java:4855)
	at io.reactivex.rxjava3.internal.operators.single.SingleFlatMap.subscribeActual(SingleFlatMap.java:37)
	at io.reactivex.rxjava3.core.Single.subscribe(Single.java:4855)
	at io.reactivex.rxjava3.internal.operators.single.SingleDoOnSuccess.subscribeActual(SingleDoOnSuccess.java:35)
	at io.reactivex.rxjava3.core.Single.subscribe(Single.java:4855)
	at io.reactivex.rxjava3.internal.operators.single.SingleMap.subscribeActual(SingleMap.java:35)
	at io.reactivex.rxjava3.core.Single.subscribe(Single.java:4855)
	at io.reactivex.rxjava3.internal.operators.single.SingleFlatMap.subscribeActual(SingleFlatMap.java:37)
	at io.reactivex.rxjava3.core.Single.subscribe(Single.java:4855)
	at io.reactivex.rxjava3.internal.operators.single.SingleDoOnSuccess.subscribeActual(SingleDoOnSuccess.java:35)
	at io.reactivex.rxjava3.core.Single.subscribe(Single.java:4855)
	at io.reactivex.rxjava3.internal.operators.single.SingleMap.subscribeActual(SingleMap.java:35)
	at io.reactivex.rxjava3.core.Single.subscribe(Single.java:4855)
	at io.reactivex.rxjava3.internal.operators.single.SingleFlatMap.subscribeActual(SingleFlatMap.java:37)
	at io.reactivex.rxjava3.core.Single.subscribe(Single.java:4855)
	at io.reactivex.rxjava3.internal.operators.single.SingleDoOnSuccess.subscribeActual(SingleDoOnSuccess.java:35)
	at io.reactivex.rxjava3.core.Single.subscribe(Single.java:4855)
	at io.reactivex.rxjava3.internal.operators.single.SingleMap.subscribeActual(SingleMap.java:35)
	at io.reactivex.rxjava3.core.Single.subscribe(Single.java:4855)
	at io.reactivex.rxjava3.internal.operators.single.SingleFlatMap.subscribeActual(SingleFlatMap.java:37)
	at io.reactivex.rxjava3.core.Single.subscribe(Single.java:4855)
	at io.reactivex.rxjava3.internal.operators.single.SingleDoOnSuccess.subscribeActual(SingleDoOnSuccess.java:35)
	at io.reactivex.rxjava3.core.Single.subscribe(Single.java:4855)
	at io.reactivex.rxjava3.internal.operators.single.SingleMap.subscribeActual(SingleMap.java:35)
	at io.reactivex.rxjava3.core.Single.subscribe(Single.java:4855)
	at io.reactivex.rxjava3.internal.operators.single.SingleFlatMap.subscribeActual(SingleFlatMap.java:37)
	at io.reactivex.rxjava3.core.Single.subscribe(Single.java:4855)
	at io.reactivex.rxjava3.internal.operators.single.SingleFlatMapPublisher.subscribeActual(SingleFlatMapPublisher.java:59)
	at io.reactivex.rxjava3.core.Flowable.subscribe(Flowable.java:15917)
	at io.reactivex.rxjava3.internal.operators.flowable.FlowableCache.subscribeActual(FlowableCache.java:115)
	at io.reactivex.rxjava3.core.Flowable.subscribe(Flowable.java:15917)
	at io.reactivex.rxjava3.core.Flowable.subscribe(Flowable.java:15863)
	at io.reactivex.rxjava3.internal.operators.flowable.FlowableConcatArray$ConcatArraySubscriber.onComplete(FlowableConcatArray.java:141)
	at io.reactivex.rxjava3.internal.operators.flowable.FlowableConcatArray.subscribeActual(FlowableConcatArray.java:41)
	at io.reactivex.rxjava3.core.Flowable.subscribe(Flowable.java:15917)
	at io.reactivex.rxjava3.internal.operators.flowable.FlowableDoOnEach.subscribeActual(FlowableDoOnEach.java:50)
	at io.reactivex.rxjava3.core.Flowable.subscribe(Flowable.java:15917)
	at io.reactivex.rxjava3.core.Flowable.subscribe(Flowable.java:15863)
	at io.reactivex.rxjava3.internal.operators.flowable.FlowableDefer.subscribeActual(FlowableDefer.java:42)
	at io.reactivex.rxjava3.core.Flowable.subscribe(Flowable.java:15917)
	at io.reactivex.rxjava3.core.Flowable.subscribe(Flowable.java:15863)
	at io.reactivex.rxjava3.internal.operators.flowable.FlowableConcatArray$ConcatArraySubscriber.onComplete(FlowableConcatArray.java:141)
	at io.reactivex.rxjava3.internal.operators.flowable.FlowableConcatArray.subscribeActual(FlowableConcatArray.java:41)
	at io.reactivex.rxjava3.core.Flowable.subscribe(Flowable.java:15917)
	at io.reactivex.rxjava3.core.Flowable.subscribe(Flowable.java:15863)
	at io.reactivex.rxjava3.internal.operators.single.SingleFlatMapPublisher$SingleFlatMapPublisherObserver.onSuccess(SingleFlatMapPublisher.java:96)
	at io.reactivex.rxjava3.internal.operators.single.SingleJust.subscribeActual(SingleJust.java:30)
	at io.reactivex.rxjava3.core.Single.subscribe(Single.java:4855)
	at io.reactivex.rxjava3.internal.operators.single.SingleFlatMapPublisher.subscribeActual(SingleFlatMapPublisher.java:59)
	at io.reactivex.rxjava3.core.Flowable.subscribe(Flowable.java:15917)
	at io.reactivex.rxjava3.internal.operators.flowable.FlowableDoFinally.subscribeActual(FlowableDoFinally.java:47)
	at io.reactivex.rxjava3.core.Flowable.subscribe(Flowable.java:15917)
	at io.reactivex.rxjava3.core.Flowable.subscribe(Flowable.java:15863)
	at io.reactivex.rxjava3.internal.operators.flowable.FlowableDefer.subscribeActual(FlowableDefer.java:42)
	at io.reactivex.rxjava3.core.Flowable.subscribe(Flowable.java:15917)
	at io.reactivex.rxjava3.internal.operators.flowable.FlowableDoOnEach.subscribeActual(FlowableDoOnEach.java:50)
	at io.reactivex.rxjava3.core.Flowable.subscribe(Flowable.java:15917)
	at io.reactivex.rxjava3.core.Flowable.subscribe(Flowable.java:15863)
	at io.reactivex.rxjava3.internal.operators.flowable.FlowableDefer.subscribeActual(FlowableDefer.java:42)
	at io.reactivex.rxjava3.core.Flowable.subscribe(Flowable.java:15917)
	at io.reactivex.rxjava3.core.Flowable.subscribe(Flowable.java:15863)
	at io.reactivex.rxjava3.internal.operators.flowable.FlowableConcatArray$ConcatArraySubscriber.onComplete(FlowableConcatArray.java:141)
	at io.reactivex.rxjava3.internal.operators.flowable.FlowableConcatArray.subscribeActual(FlowableConcatArray.java:41)
	at io.reactivex.rxjava3.core.Flowable.subscribe(Flowable.java:15917)
	at io.reactivex.rxjava3.core.Flowable.subscribe(Flowable.java:15863)
	at io.reactivex.rxjava3.internal.operators.single.SingleFlatMapPublisher$SingleFlatMapPublisherObserver.onSuccess(SingleFlatMapPublisher.java:96)
	at io.reactivex.rxjava3.internal.operators.single.SingleJust.subscribeActual(SingleJust.java:30)
	at io.reactivex.rxjava3.core.Single.subscribe(Single.java:4855)
	at io.reactivex.rxjava3.internal.operators.single.SingleFlatMapPublisher.subscribeActual(SingleFlatMapPublisher.java:59)
	at io.reactivex.rxjava3.core.Flowable.subscribe(Flowable.java:15917)
	at io.reactivex.rxjava3.internal.operators.flowable.FlowableDoFinally.subscribeActual(FlowableDoFinally.java:47)
	at io.reactivex.rxjava3.core.Flowable.subscribe(Flowable.java:15917)
	at io.reactivex.rxjava3.core.Flowable.subscribe(Flowable.java:15863)
	at io.reactivex.rxjava3.internal.operators.flowable.FlowableDefer.subscribeActual(FlowableDefer.java:42)
	at io.reactivex.rxjava3.core.Flowable.subscribe(Flowable.java:15917)
	at io.reactivex.rxjava3.internal.operators.flowable.FlowableDoOnEach.subscribeActual(FlowableDoOnEach.java:50)
	at io.reactivex.rxjava3.core.Flowable.subscribe(Flowable.java:15917)
	at io.reactivex.rxjava3.core.Flowable.subscribe(Flowable.java:15863)
	at io.reactivex.rxjava3.internal.operators.flowable.FlowableScalarXMap$ScalarXMapFlowable.subscribeActual(FlowableScalarXMap.java:160)
	at io.reactivex.rxjava3.core.Flowable.subscribe(Flowable.java:15917)
	at io.reactivex.rxjava3.internal.operators.flowable.FlowableDoOnEach.subscribeActual(FlowableDoOnEach.java:50)
	at io.reactivex.rxjava3.core.Flowable.subscribe(Flowable.java:15917)
	at io.reactivex.rxjava3.internal.operators.flowable.FlowableDoFinally.subscribeActual(FlowableDoFinally.java:47)
	at io.reactivex.rxjava3.core.Flowable.subscribe(Flowable.java:15917)
	at io.reactivex.rxjava3.core.Flowable.subscribe(Flowable.java:15863)
	at io.reactivex.rxjava3.internal.operators.single.SingleFlatMapPublisher$SingleFlatMapPublisherObserver.onSuccess(SingleFlatMapPublisher.java:96)
	at io.reactivex.rxjava3.internal.operators.maybe.MaybeSwitchIfEmptySingle$SwitchIfEmptyMaybeObserver.onSuccess(MaybeSwitchIfEmptySingle.java:82)
	at io.reactivex.rxjava3.internal.operators.maybe.MaybeJust.subscribeActual(MaybeJust.java:36)
	at io.reactivex.rxjava3.core.Maybe.subscribe(Maybe.java:5375)
	at io.reactivex.rxjava3.internal.operators.maybe.MaybeSwitchIfEmptySingle.subscribeActual(MaybeSwitchIfEmptySingle.java:45)
	at io.reactivex.rxjava3.core.Single.subscribe(Single.java:4855)
	at io.reactivex.rxjava3.internal.operators.single.SingleFlatMapPublisher.subscribeActual(SingleFlatMapPublisher.java:59)
	at io.reactivex.rxjava3.core.Flowable.subscribe(Flowable.java:15917)
	at io.reactivex.rxjava3.internal.operators.flowable.FlowableObserveOn.subscribeActual(FlowableObserveOn.java:58)
	at io.reactivex.rxjava3.core.Flowable.subscribe(Flowable.java:15917)
	at io.reactivex.rxjava3.core.Flowable.subscribe(Flowable.java:15808)
	at com.google.adk.web.AdkWebServer$AgentController.lambda$agentRunSse$0(AdkWebServer.java:1241)
	at java.base/java.util.concurrent.ThreadPoolExecutor.runWorker(ThreadPoolExecutor.java:1144)
	at java.base/java.util.concurrent.ThreadPoolExecutor$Worker.run(ThreadPoolExecutor.java:642)
	at java.base/java.lang.Thread.run(Thread.java:1583)
Caused by: com.google.gson.stream.MalformedJsonException: Use JsonReader.setLenient(true) to accept malformed JSON at line 1 column 9 path $
	at com.google.gson.stream.JsonReader.syntaxError(JsonReader.java:1659)
	at com.google.gson.stream.JsonReader.checkLenient(JsonReader.java:1465)
	at com.google.gson.stream.JsonReader.doPeek(JsonReader.java:551)
	at com.google.gson.stream.JsonReader.peek(JsonReader.java:433)
	at com.google.gson.JsonParser.parseReader(JsonParser.java:71)
	... 294 more

2025-09-01 15:31:54 [http-nio-8080-exec-5] INFO  c.g.a.w.AdkWebServer$AgentController - Request received for GET /debug/trace/session/02313e43-fa89-483c-957a-520d5d3a815f
2025-09-01 15:31:54 [http-nio-8080-exec-5] INFO  c.g.a.w.AdkWebServer$AgentController - Returning 5 spans for session ID: 02313e43-fa89-483c-957a-520d5d3a815f
2025-09-01 15:31:54 [http-nio-8080-exec-4] INFO  c.g.a.w.AdkWebServer$AgentController - Request received for GET /apps/Coordinator/users/user/sessions/02313e43-fa89-483c-957a-520d5d3a815f
2025-09-01 15:31:58 [http-nio-8080-exec-8] INFO  c.g.a.w.AdkWebServer$AgentController - SseEmitter Request received for POST /run_sse_emitter for session: 02313e43-fa89-483c-957a-520d5d3a815f
2025-09-01 15:32:00 [http-nio-8080-exec-9] INFO  c.g.a.w.AdkWebServer$AgentController - Request received for GET /debug/trace/session/02313e43-fa89-483c-957a-520d5d3a815f
2025-09-01 15:32:00 [http-nio-8080-exec-1] INFO  c.g.a.w.AdkWebServer$AgentController - Request received for GET /apps/Coordinator/users/user/sessions/02313e43-fa89-483c-957a-520d5d3a815f
2025-09-01 15:32:00 [http-nio-8080-exec-9] INFO  c.g.a.w.AdkWebServer$AgentController - Returning 6 spans for session ID: 02313e43-fa89-483c-957a-520d5d3a815f
2025-09-01 15:32:02 [http-nio-8080-exec-6] INFO  c.g.a.w.AdkWebServer$AgentController - SseEmitter Request received for POST /run_sse_emitter for session: 02313e43-fa89-483c-957a-520d5d3a815f
2025-09-01 15:32:09 [pool-2-thread-1] INFO  c.p.t.s.a.o.AnotherRootAgent - error com.google.gson.JsonSyntaxException: com.google.gson.stream.MalformedJsonException: Use JsonReader.setLenient(true) to accept malformed JSON at line 1 column 6 path $
	at com.google.gson.JsonParser.parseReader(JsonParser.java:76)
	at com.google.gson.JsonParser.parseString(JsonParser.java:51)
	at com.pkfare.trip.scale.agent.orchestration.AnotherRootAgent.stageTransition(AnotherRootAgent.java:107)
	at com.pkfare.trip.scale.agent.orchestration.AnotherRootAgent.lambda$runAsyncImpl$0(AnotherRootAgent.java:88)
	at io.reactivex.rxjava3.internal.operators.flowable.FlowableDoOnEach$DoOnEachSubscriber.onNext(FlowableDoOnEach.java:86)
	at io.reactivex.rxjava3.internal.operators.flowable.FlowableDoFinally$DoFinallySubscriber.onNext(FlowableDoFinally.java:85)
	at io.reactivex.rxjava3.internal.operators.single.SingleFlatMapPublisher$SingleFlatMapPublisherObserver.onNext(SingleFlatMapPublisher.java:107)
	at io.reactivex.rxjava3.internal.operators.flowable.FlowableConcatArray$ConcatArraySubscriber.onNext(FlowableConcatArray.java:78)
	at io.reactivex.rxjava3.internal.operators.flowable.FlowableDoOnEach$DoOnEachSubscriber.onNext(FlowableDoOnEach.java:92)
	at io.reactivex.rxjava3.internal.operators.flowable.FlowableConcatArray$ConcatArraySubscriber.onNext(FlowableConcatArray.java:78)
	at io.reactivex.rxjava3.internal.operators.flowable.FlowableCache.replay(FlowableCache.java:272)
	at io.reactivex.rxjava3.internal.operators.flowable.FlowableCache.onNext(FlowableCache.java:317)
	at io.reactivex.rxjava3.internal.operators.single.SingleFlatMapPublisher$SingleFlatMapPublisherObserver.onNext(SingleFlatMapPublisher.java:107)
	at io.reactivex.rxjava3.internal.operators.flowable.FlowableConcatArray$ConcatArraySubscriber.onNext(FlowableConcatArray.java:78)
	at io.reactivex.rxjava3.internal.util.HalfSerializer.onNext(HalfSerializer.java:46)
	at io.reactivex.rxjava3.internal.operators.flowable.FlowableConcatMap$ConcatMapImmediate.innerNext(FlowableConcatMap.java:206)
	at io.reactivex.rxjava3.internal.operators.flowable.FlowableConcatMap$ConcatMapInner.onNext(FlowableConcatMap.java:563)
	at io.reactivex.rxjava3.internal.operators.flowable.FlowableFromIterable$IteratorSubscription.fastPath(FlowableFromIterable.java:185)
	at io.reactivex.rxjava3.internal.operators.flowable.FlowableFromIterable$BaseRangeSubscription.request(FlowableFromIterable.java:129)
	at io.reactivex.rxjava3.internal.subscriptions.SubscriptionArbiter.setSubscription(SubscriptionArbiter.java:87)
	at io.reactivex.rxjava3.internal.operators.flowable.FlowableConcatMap$ConcatMapInner.onSubscribe(FlowableConcatMap.java:556)
	at io.reactivex.rxjava3.internal.operators.flowable.FlowableFromIterable.subscribe(FlowableFromIterable.java:69)
	at io.reactivex.rxjava3.internal.operators.flowable.FlowableFromIterable.subscribeActual(FlowableFromIterable.java:47)
	at io.reactivex.rxjava3.core.Flowable.subscribe(Flowable.java:15917)
	at io.reactivex.rxjava3.core.Flowable.subscribe(Flowable.java:15863)
	at io.reactivex.rxjava3.internal.operators.flowable.FlowableConcatMap$ConcatMapImmediate.drain(FlowableConcatMap.java:318)
	at io.reactivex.rxjava3.internal.operators.flowable.FlowableConcatMap$BaseConcatMapSubscriber.onNext(FlowableConcatMap.java:159)
	at io.reactivex.rxjava3.internal.util.HalfSerializer.onNext(HalfSerializer.java:46)
	at io.reactivex.rxjava3.internal.operators.flowable.FlowableConcatMap$ConcatMapImmediate.innerNext(FlowableConcatMap.java:206)
	at io.reactivex.rxjava3.internal.operators.flowable.FlowableConcatMap$ConcatMapInner.onNext(FlowableConcatMap.java:563)
	at io.reactivex.rxjava3.internal.subscriptions.DeferredScalarSubscription.complete(DeferredScalarSubscription.java:133)
	at io.reactivex.rxjava3.internal.operators.single.SingleToFlowable$SingleToFlowableObserver.onSuccess(SingleToFlowable.java:63)
	at io.reactivex.rxjava3.internal.operators.single.SingleDoOnSuccess$DoOnSuccess.onSuccess(SingleDoOnSuccess.java:60)
	at io.reactivex.rxjava3.internal.operators.single.SingleFlatMap$SingleFlatMapCallback$FlatMapSingleObserver.onSuccess(SingleFlatMap.java:112)
	at io.reactivex.rxjava3.internal.operators.single.SingleMap$MapSingleObserver.onSuccess(SingleMap.java:65)
	at io.reactivex.rxjava3.internal.operators.maybe.MaybeToSingle$ToSingleMaybeSubscriber.onComplete(MaybeToSingle.java:96)
	at io.reactivex.rxjava3.internal.operators.maybe.MaybeMap$MapMaybeObserver.onComplete(MaybeMap.java:100)
	at io.reactivex.rxjava3.internal.disposables.EmptyDisposable.complete(EmptyDisposable.java:58)
	at io.reactivex.rxjava3.internal.operators.maybe.MaybeEmpty.subscribeActual(MaybeEmpty.java:29)
	at io.reactivex.rxjava3.core.Maybe.subscribe(Maybe.java:5375)
	at io.reactivex.rxjava3.internal.operators.maybe.MaybeMap.subscribeActual(MaybeMap.java:41)
	at io.reactivex.rxjava3.core.Maybe.subscribe(Maybe.java:5375)
	at io.reactivex.rxjava3.internal.operators.maybe.MaybeToSingle.subscribeActual(MaybeToSingle.java:46)
	at io.reactivex.rxjava3.core.Single.subscribe(Single.java:4855)
	at io.reactivex.rxjava3.internal.operators.single.SingleMap.subscribeActual(SingleMap.java:35)
	at io.reactivex.rxjava3.core.Single.subscribe(Single.java:4855)
	at io.reactivex.rxjava3.internal.operators.single.SingleFlatMap$SingleFlatMapCallback.onSuccess(SingleFlatMap.java:85)
	at io.reactivex.rxjava3.internal.operators.single.SingleJust.subscribeActual(SingleJust.java:30)
	at io.reactivex.rxjava3.core.Single.subscribe(Single.java:4855)
	at io.reactivex.rxjava3.internal.operators.single.SingleFlatMap.subscribeActual(SingleFlatMap.java:37)
	at io.reactivex.rxjava3.core.Single.subscribe(Single.java:4855)
	at io.reactivex.rxjava3.internal.operators.single.SingleDoOnSuccess.subscribeActual(SingleDoOnSuccess.java:35)
	at io.reactivex.rxjava3.core.Single.subscribe(Single.java:4855)
	at io.reactivex.rxjava3.internal.operators.single.SingleToFlowable.subscribeActual(SingleToFlowable.java:38)
	at io.reactivex.rxjava3.core.Flowable.subscribe(Flowable.java:15917)
	at io.reactivex.rxjava3.core.Flowable.subscribe(Flowable.java:15863)
	at io.reactivex.rxjava3.internal.operators.flowable.FlowableConcatMap$ConcatMapImmediate.drain(FlowableConcatMap.java:318)
	at io.reactivex.rxjava3.internal.operators.flowable.FlowableConcatMap$BaseConcatMapSubscriber.onNext(FlowableConcatMap.java:159)
	at io.reactivex.rxjava3.internal.operators.single.SingleFlatMapPublisher$SingleFlatMapPublisherObserver.onNext(SingleFlatMapPublisher.java:107)
	at io.reactivex.rxjava3.internal.util.HalfSerializer.onNext(HalfSerializer.java:46)
	at io.reactivex.rxjava3.internal.operators.flowable.FlowableConcatMap$ConcatMapImmediate.innerNext(FlowableConcatMap.java:206)
	at io.reactivex.rxjava3.internal.operators.flowable.FlowableConcatMap$ConcatMapInner.onNext(FlowableConcatMap.java:563)
	at io.reactivex.rxjava3.internal.subscriptions.DeferredScalarSubscription.complete(DeferredScalarSubscription.java:133)
	at io.reactivex.rxjava3.internal.operators.single.SingleToFlowable$SingleToFlowableObserver.onSuccess(SingleToFlowable.java:63)
	at io.reactivex.rxjava3.internal.operators.single.SingleJust.subscribeActual(SingleJust.java:30)
	at io.reactivex.rxjava3.core.Single.subscribe(Single.java:4855)
	at io.reactivex.rxjava3.internal.operators.single.SingleToFlowable.subscribeActual(SingleToFlowable.java:38)
	at io.reactivex.rxjava3.core.Flowable.subscribe(Flowable.java:15917)
	at io.reactivex.rxjava3.core.Flowable.subscribe(Flowable.java:15863)
	at io.reactivex.rxjava3.internal.operators.flowable.FlowableConcatMap$ConcatMapImmediate.drain(FlowableConcatMap.java:318)
	at io.reactivex.rxjava3.internal.operators.flowable.FlowableConcatMap$BaseConcatMapSubscriber.onNext(FlowableConcatMap.java:159)
	at io.reactivex.rxjava3.internal.operators.flowable.FlowableDoFinally$DoFinallySubscriber.onNext(FlowableDoFinally.java:85)
	at io.reactivex.rxjava3.internal.operators.flowable.FlowableDoOnEach$DoOnEachSubscriber.onNext(FlowableDoOnEach.java:92)
	at io.reactivex.rxjava3.internal.operators.flowable.FlowableDoOnEach$DoOnEachSubscriber.onNext(FlowableDoOnEach.java:92)
	at io.reactivex.rxjava3.internal.subscriptions.DeferredScalarSubscription.complete(DeferredScalarSubscription.java:133)
	at io.reactivex.rxjava3.internal.operators.flowable.FlowableFromFuture.subscribeActual(FlowableFromFuture.java:54)
	at io.reactivex.rxjava3.core.Flowable.subscribe(Flowable.java:15917)
	at io.reactivex.rxjava3.internal.operators.flowable.FlowableDoOnEach.subscribeActual(FlowableDoOnEach.java:50)
	at io.reactivex.rxjava3.core.Flowable.subscribe(Flowable.java:15917)
	at io.reactivex.rxjava3.internal.operators.flowable.FlowableDoOnEach.subscribeActual(FlowableDoOnEach.java:50)
	at io.reactivex.rxjava3.core.Flowable.subscribe(Flowable.java:15917)
	at io.reactivex.rxjava3.internal.operators.flowable.FlowableDoFinally.subscribeActual(FlowableDoFinally.java:47)
	at io.reactivex.rxjava3.core.Flowable.subscribe(Flowable.java:15917)
	at io.reactivex.rxjava3.core.Flowable.subscribe(Flowable.java:15863)
	at io.reactivex.rxjava3.internal.operators.flowable.FlowableDefer.subscribeActual(FlowableDefer.java:42)
	at io.reactivex.rxjava3.core.Flowable.subscribe(Flowable.java:15917)
	at io.reactivex.rxjava3.core.Flowable.subscribe(Flowable.java:15863)
	at io.reactivex.rxjava3.internal.operators.flowable.FlowableConcatMap.subscribeActual(FlowableConcatMap.java:66)
	at io.reactivex.rxjava3.core.Flowable.subscribe(Flowable.java:15917)
	at io.reactivex.rxjava3.core.Flowable.subscribe(Flowable.java:15863)
	at io.reactivex.rxjava3.internal.operators.single.SingleFlatMapPublisher$SingleFlatMapPublisherObserver.onSuccess(SingleFlatMapPublisher.java:96)
	at io.reactivex.rxjava3.internal.operators.single.SingleJust.subscribeActual(SingleJust.java:30)
	at io.reactivex.rxjava3.core.Single.subscribe(Single.java:4855)
	at io.reactivex.rxjava3.internal.operators.single.SingleFlatMapPublisher.subscribeActual(SingleFlatMapPublisher.java:59)
	at io.reactivex.rxjava3.core.Flowable.subscribe(Flowable.java:15917)
	at io.reactivex.rxjava3.core.Flowable.subscribe(Flowable.java:15863)
	at io.reactivex.rxjava3.internal.operators.flowable.FlowableConcatMap.subscribeActual(FlowableConcatMap.java:66)
	at io.reactivex.rxjava3.core.Flowable.subscribe(Flowable.java:15917)
	at io.reactivex.rxjava3.core.Flowable.subscribe(Flowable.java:15863)
	at io.reactivex.rxjava3.internal.operators.flowable.FlowableConcatMap.subscribeActual(FlowableConcatMap.java:66)
	at io.reactivex.rxjava3.core.Flowable.subscribe(Flowable.java:15917)
	at io.reactivex.rxjava3.core.Flowable.subscribe(Flowable.java:15863)
	at io.reactivex.rxjava3.internal.operators.flowable.FlowableConcatArray$ConcatArraySubscriber.onComplete(FlowableConcatArray.java:141)
	at io.reactivex.rxjava3.internal.operators.flowable.FlowableConcatArray.subscribeActual(FlowableConcatArray.java:41)
	at io.reactivex.rxjava3.core.Flowable.subscribe(Flowable.java:15917)
	at io.reactivex.rxjava3.core.Flowable.subscribe(Flowable.java:15863)
	at io.reactivex.rxjava3.internal.operators.single.SingleFlatMapPublisher$SingleFlatMapPublisherObserver.onSuccess(SingleFlatMapPublisher.java:96)
	at io.reactivex.rxjava3.internal.operators.single.SingleFlatMap$SingleFlatMapCallback$FlatMapSingleObserver.onSuccess(SingleFlatMap.java:112)
	at io.reactivex.rxjava3.internal.observers.ResumeSingleObserver.onSuccess(ResumeSingleObserver.java:46)
	at io.reactivex.rxjava3.internal.operators.single.SingleFromCallable.subscribeActual(SingleFromCallable.java:55)
	at io.reactivex.rxjava3.core.Single.subscribe(Single.java:4855)
	at io.reactivex.rxjava3.internal.operators.single.SingleDelayWithCompletable$OtherObserver.onComplete(SingleDelayWithCompletable.java:69)
	at io.reactivex.rxjava3.internal.util.AtomicThrowable.tryTerminateConsumer(AtomicThrowable.java:154)
	at io.reactivex.rxjava3.internal.operators.mixed.FlowableConcatMapCompletable$ConcatMapCompletableObserver.drain(FlowableConcatMapCompletable.java:166)
	at io.reactivex.rxjava3.internal.operators.mixed.ConcatMapXMainSubscriber.onSubscribe(ConcatMapXMainSubscriber.java:77)
	at io.reactivex.rxjava3.internal.operators.flowable.FlowableFromIterable.subscribe(FlowableFromIterable.java:69)
	at io.reactivex.rxjava3.internal.operators.flowable.FlowableFromIterable.subscribeActual(FlowableFromIterable.java:47)
	at io.reactivex.rxjava3.core.Flowable.subscribe(Flowable.java:15917)
	at io.reactivex.rxjava3.internal.operators.mixed.FlowableConcatMapCompletable.subscribeActual(FlowableConcatMapCompletable.java:56)
	at io.reactivex.rxjava3.core.Completable.subscribe(Completable.java:2859)
	at io.reactivex.rxjava3.internal.operators.single.SingleDelayWithCompletable.subscribeActual(SingleDelayWithCompletable.java:36)
	at io.reactivex.rxjava3.core.Single.subscribe(Single.java:4855)
	at io.reactivex.rxjava3.internal.operators.single.SingleFlatMap$SingleFlatMapCallback.onSuccess(SingleFlatMap.java:85)
	at io.reactivex.rxjava3.internal.operators.single.SingleMap$MapSingleObserver.onSuccess(SingleMap.java:65)
	at io.reactivex.rxjava3.internal.operators.single.SingleDoOnSuccess$DoOnSuccess.onSuccess(SingleDoOnSuccess.java:60)
	at io.reactivex.rxjava3.internal.operators.single.SingleFlatMap$SingleFlatMapCallback$FlatMapSingleObserver.onSuccess(SingleFlatMap.java:112)
	at io.reactivex.rxjava3.internal.operators.single.SingleJust.subscribeActual(SingleJust.java:30)
	at io.reactivex.rxjava3.core.Single.subscribe(Single.java:4855)
	at io.reactivex.rxjava3.internal.operators.single.SingleFlatMap$SingleFlatMapCallback.onSuccess(SingleFlatMap.java:85)
	at io.reactivex.rxjava3.internal.operators.single.SingleMap$MapSingleObserver.onSuccess(SingleMap.java:65)
	at io.reactivex.rxjava3.internal.operators.single.SingleDoOnSuccess$DoOnSuccess.onSuccess(SingleDoOnSuccess.java:60)
	at io.reactivex.rxjava3.internal.operators.single.SingleFlatMap$SingleFlatMapCallback$FlatMapSingleObserver.onSuccess(SingleFlatMap.java:112)
	at io.reactivex.rxjava3.internal.operators.single.SingleJust.subscribeActual(SingleJust.java:30)
	at io.reactivex.rxjava3.core.Single.subscribe(Single.java:4855)
	at io.reactivex.rxjava3.internal.operators.single.SingleFlatMap$SingleFlatMapCallback.onSuccess(SingleFlatMap.java:85)
	at io.reactivex.rxjava3.internal.operators.single.SingleMap$MapSingleObserver.onSuccess(SingleMap.java:65)
	at io.reactivex.rxjava3.internal.operators.single.SingleDoOnSuccess$DoOnSuccess.onSuccess(SingleDoOnSuccess.java:60)
	at io.reactivex.rxjava3.internal.operators.single.SingleFlatMap$SingleFlatMapCallback$FlatMapSingleObserver.onSuccess(SingleFlatMap.java:112)
	at io.reactivex.rxjava3.internal.operators.single.SingleJust.subscribeActual(SingleJust.java:30)
	at io.reactivex.rxjava3.core.Single.subscribe(Single.java:4855)
	at io.reactivex.rxjava3.internal.operators.single.SingleFlatMap$SingleFlatMapCallback.onSuccess(SingleFlatMap.java:85)
	at io.reactivex.rxjava3.internal.operators.single.SingleMap$MapSingleObserver.onSuccess(SingleMap.java:65)
	at io.reactivex.rxjava3.internal.operators.single.SingleDoOnSuccess$DoOnSuccess.onSuccess(SingleDoOnSuccess.java:60)
	at io.reactivex.rxjava3.internal.operators.single.SingleFlatMap$SingleFlatMapCallback$FlatMapSingleObserver.onSuccess(SingleFlatMap.java:112)
	at io.reactivex.rxjava3.internal.operators.single.SingleJust.subscribeActual(SingleJust.java:30)
	at io.reactivex.rxjava3.core.Single.subscribe(Single.java:4855)
	at io.reactivex.rxjava3.internal.operators.single.SingleFlatMap$SingleFlatMapCallback.onSuccess(SingleFlatMap.java:85)
	at io.reactivex.rxjava3.internal.operators.single.SingleMap$MapSingleObserver.onSuccess(SingleMap.java:65)
	at io.reactivex.rxjava3.internal.operators.single.SingleDoOnSuccess$DoOnSuccess.onSuccess(SingleDoOnSuccess.java:60)
	at io.reactivex.rxjava3.internal.operators.single.SingleFlatMap$SingleFlatMapCallback$FlatMapSingleObserver.onSuccess(SingleFlatMap.java:112)
	at io.reactivex.rxjava3.internal.operators.single.SingleMap$MapSingleObserver.onSuccess(SingleMap.java:65)
	at io.reactivex.rxjava3.internal.operators.single.SingleFlatMap$SingleFlatMapCallback$FlatMapSingleObserver.onSuccess(SingleFlatMap.java:112)
	at io.reactivex.rxjava3.internal.operators.single.SingleFlatMap$SingleFlatMapCallback$FlatMapSingleObserver.onSuccess(SingleFlatMap.java:112)
	at io.reactivex.rxjava3.internal.operators.single.SingleMap$MapSingleObserver.onSuccess(SingleMap.java:65)
	at io.reactivex.rxjava3.internal.operators.single.SingleZipArray$ZipCoordinator.innerSuccess(SingleZipArray.java:126)
	at io.reactivex.rxjava3.internal.operators.single.SingleZipArray$ZipSingleObserver.onSuccess(SingleZipArray.java:178)
	at io.reactivex.rxjava3.internal.operators.single.SingleJust.subscribeActual(SingleJust.java:30)
	at io.reactivex.rxjava3.core.Single.subscribe(Single.java:4855)
	at io.reactivex.rxjava3.internal.operators.single.SingleZipIterable.subscribeActual(SingleZipIterable.java:77)
	at io.reactivex.rxjava3.core.Single.subscribe(Single.java:4855)
	at io.reactivex.rxjava3.internal.operators.single.SingleMap.subscribeActual(SingleMap.java:35)
	at io.reactivex.rxjava3.core.Single.subscribe(Single.java:4855)
	at io.reactivex.rxjava3.internal.operators.single.SingleFlatMap$SingleFlatMapCallback.onSuccess(SingleFlatMap.java:85)
	at io.reactivex.rxjava3.internal.operators.single.SingleJust.subscribeActual(SingleJust.java:30)
	at io.reactivex.rxjava3.core.Single.subscribe(Single.java:4855)
	at io.reactivex.rxjava3.internal.operators.single.SingleFlatMap.subscribeActual(SingleFlatMap.java:37)
	at io.reactivex.rxjava3.core.Single.subscribe(Single.java:4855)
	at io.reactivex.rxjava3.internal.operators.single.SingleFlatMap$SingleFlatMapCallback.onSuccess(SingleFlatMap.java:85)
	at io.reactivex.rxjava3.internal.operators.single.SingleJust.subscribeActual(SingleJust.java:30)
	at io.reactivex.rxjava3.core.Single.subscribe(Single.java:4855)
	at io.reactivex.rxjava3.internal.operators.single.SingleFlatMap.subscribeActual(SingleFlatMap.java:37)
	at io.reactivex.rxjava3.core.Single.subscribe(Single.java:4855)
	at io.reactivex.rxjava3.internal.operators.single.SingleMap.subscribeActual(SingleMap.java:35)
	at io.reactivex.rxjava3.core.Single.subscribe(Single.java:4855)
	at io.reactivex.rxjava3.internal.operators.single.SingleFlatMap$SingleFlatMapCallback.onSuccess(SingleFlatMap.java:85)
	at io.reactivex.rxjava3.internal.operators.single.SingleMap$MapSingleObserver.onSuccess(SingleMap.java:65)
	at io.reactivex.rxjava3.internal.operators.single.SingleDoOnSuccess$DoOnSuccess.onSuccess(SingleDoOnSuccess.java:60)
	at io.reactivex.rxjava3.internal.operators.single.SingleFlatMap$SingleFlatMapCallback$FlatMapSingleObserver.onSuccess(SingleFlatMap.java:112)
	at io.reactivex.rxjava3.internal.operators.single.SingleJust.subscribeActual(SingleJust.java:30)
	at io.reactivex.rxjava3.core.Single.subscribe(Single.java:4855)
	at io.reactivex.rxjava3.internal.operators.single.SingleFlatMap$SingleFlatMapCallback.onSuccess(SingleFlatMap.java:85)
	at io.reactivex.rxjava3.internal.operators.single.SingleJust.subscribeActual(SingleJust.java:30)
	at io.reactivex.rxjava3.core.Single.subscribe(Single.java:4855)
	at io.reactivex.rxjava3.internal.operators.single.SingleFlatMap.subscribeActual(SingleFlatMap.java:37)
	at io.reactivex.rxjava3.core.Single.subscribe(Single.java:4855)
	at io.reactivex.rxjava3.internal.operators.single.SingleDoOnSuccess.subscribeActual(SingleDoOnSuccess.java:35)
	at io.reactivex.rxjava3.core.Single.subscribe(Single.java:4855)
	at io.reactivex.rxjava3.internal.operators.single.SingleMap.subscribeActual(SingleMap.java:35)
	at io.reactivex.rxjava3.core.Single.subscribe(Single.java:4855)
	at io.reactivex.rxjava3.internal.operators.single.SingleFlatMap.subscribeActual(SingleFlatMap.java:37)
	at io.reactivex.rxjava3.core.Single.subscribe(Single.java:4855)
	at io.reactivex.rxjava3.internal.operators.single.SingleDoOnSuccess.subscribeActual(SingleDoOnSuccess.java:35)
	at io.reactivex.rxjava3.core.Single.subscribe(Single.java:4855)
	at io.reactivex.rxjava3.internal.operators.single.SingleMap.subscribeActual(SingleMap.java:35)
	at io.reactivex.rxjava3.core.Single.subscribe(Single.java:4855)
	at io.reactivex.rxjava3.internal.operators.single.SingleFlatMap.subscribeActual(SingleFlatMap.java:37)
	at io.reactivex.rxjava3.core.Single.subscribe(Single.java:4855)
	at io.reactivex.rxjava3.internal.operators.single.SingleDoOnSuccess.subscribeActual(SingleDoOnSuccess.java:35)
	at io.reactivex.rxjava3.core.Single.subscribe(Single.java:4855)
	at io.reactivex.rxjava3.internal.operators.single.SingleMap.subscribeActual(SingleMap.java:35)
	at io.reactivex.rxjava3.core.Single.subscribe(Single.java:4855)
	at io.reactivex.rxjava3.internal.operators.single.SingleFlatMap.subscribeActual(SingleFlatMap.java:37)
	at io.reactivex.rxjava3.core.Single.subscribe(Single.java:4855)
	at io.reactivex.rxjava3.internal.operators.single.SingleDoOnSuccess.subscribeActual(SingleDoOnSuccess.java:35)
	at io.reactivex.rxjava3.core.Single.subscribe(Single.java:4855)
	at io.reactivex.rxjava3.internal.operators.single.SingleMap.subscribeActual(SingleMap.java:35)
	at io.reactivex.rxjava3.core.Single.subscribe(Single.java:4855)
	at io.reactivex.rxjava3.internal.operators.single.SingleFlatMap.subscribeActual(SingleFlatMap.java:37)
	at io.reactivex.rxjava3.core.Single.subscribe(Single.java:4855)
	at io.reactivex.rxjava3.internal.operators.single.SingleDoOnSuccess.subscribeActual(SingleDoOnSuccess.java:35)
	at io.reactivex.rxjava3.core.Single.subscribe(Single.java:4855)
	at io.reactivex.rxjava3.internal.operators.single.SingleMap.subscribeActual(SingleMap.java:35)
	at io.reactivex.rxjava3.core.Single.subscribe(Single.java:4855)
	at io.reactivex.rxjava3.internal.operators.single.SingleFlatMap.subscribeActual(SingleFlatMap.java:37)
	at io.reactivex.rxjava3.core.Single.subscribe(Single.java:4855)
	at io.reactivex.rxjava3.internal.operators.single.SingleDoOnSuccess.subscribeActual(SingleDoOnSuccess.java:35)
	at io.reactivex.rxjava3.core.Single.subscribe(Single.java:4855)
	at io.reactivex.rxjava3.internal.operators.single.SingleMap.subscribeActual(SingleMap.java:35)
	at io.reactivex.rxjava3.core.Single.subscribe(Single.java:4855)
	at io.reactivex.rxjava3.internal.operators.single.SingleFlatMap.subscribeActual(SingleFlatMap.java:37)
	at io.reactivex.rxjava3.core.Single.subscribe(Single.java:4855)
	at io.reactivex.rxjava3.internal.operators.single.SingleFlatMapPublisher.subscribeActual(SingleFlatMapPublisher.java:59)
	at io.reactivex.rxjava3.core.Flowable.subscribe(Flowable.java:15917)
	at io.reactivex.rxjava3.internal.operators.flowable.FlowableCache.subscribeActual(FlowableCache.java:115)
	at io.reactivex.rxjava3.core.Flowable.subscribe(Flowable.java:15917)
	at io.reactivex.rxjava3.core.Flowable.subscribe(Flowable.java:15863)
	at io.reactivex.rxjava3.internal.operators.flowable.FlowableConcatArray$ConcatArraySubscriber.onComplete(FlowableConcatArray.java:141)
	at io.reactivex.rxjava3.internal.operators.flowable.FlowableConcatArray.subscribeActual(FlowableConcatArray.java:41)
	at io.reactivex.rxjava3.core.Flowable.subscribe(Flowable.java:15917)
	at io.reactivex.rxjava3.internal.operators.flowable.FlowableDoOnEach.subscribeActual(FlowableDoOnEach.java:50)
	at io.reactivex.rxjava3.core.Flowable.subscribe(Flowable.java:15917)
	at io.reactivex.rxjava3.core.Flowable.subscribe(Flowable.java:15863)
	at io.reactivex.rxjava3.internal.operators.flowable.FlowableDefer.subscribeActual(FlowableDefer.java:42)
	at io.reactivex.rxjava3.core.Flowable.subscribe(Flowable.java:15917)
	at io.reactivex.rxjava3.core.Flowable.subscribe(Flowable.java:15863)
	at io.reactivex.rxjava3.internal.operators.flowable.FlowableConcatArray$ConcatArraySubscriber.onComplete(FlowableConcatArray.java:141)
	at io.reactivex.rxjava3.internal.operators.flowable.FlowableConcatArray.subscribeActual(FlowableConcatArray.java:41)
	at io.reactivex.rxjava3.core.Flowable.subscribe(Flowable.java:15917)
	at io.reactivex.rxjava3.core.Flowable.subscribe(Flowable.java:15863)
	at io.reactivex.rxjava3.internal.operators.single.SingleFlatMapPublisher$SingleFlatMapPublisherObserver.onSuccess(SingleFlatMapPublisher.java:96)
	at io.reactivex.rxjava3.internal.operators.single.SingleJust.subscribeActual(SingleJust.java:30)
	at io.reactivex.rxjava3.core.Single.subscribe(Single.java:4855)
	at io.reactivex.rxjava3.internal.operators.single.SingleFlatMapPublisher.subscribeActual(SingleFlatMapPublisher.java:59)
	at io.reactivex.rxjava3.core.Flowable.subscribe(Flowable.java:15917)
	at io.reactivex.rxjava3.internal.operators.flowable.FlowableDoFinally.subscribeActual(FlowableDoFinally.java:47)
	at io.reactivex.rxjava3.core.Flowable.subscribe(Flowable.java:15917)
	at io.reactivex.rxjava3.core.Flowable.subscribe(Flowable.java:15863)
	at io.reactivex.rxjava3.internal.operators.flowable.FlowableDefer.subscribeActual(FlowableDefer.java:42)
	at io.reactivex.rxjava3.core.Flowable.subscribe(Flowable.java:15917)
	at io.reactivex.rxjava3.internal.operators.flowable.FlowableDoOnEach.subscribeActual(FlowableDoOnEach.java:50)
	at io.reactivex.rxjava3.core.Flowable.subscribe(Flowable.java:15917)
	at io.reactivex.rxjava3.core.Flowable.subscribe(Flowable.java:15863)
	at io.reactivex.rxjava3.internal.operators.flowable.FlowableDefer.subscribeActual(FlowableDefer.java:42)
	at io.reactivex.rxjava3.core.Flowable.subscribe(Flowable.java:15917)
	at io.reactivex.rxjava3.core.Flowable.subscribe(Flowable.java:15863)
	at io.reactivex.rxjava3.internal.operators.flowable.FlowableConcatArray$ConcatArraySubscriber.onComplete(FlowableConcatArray.java:141)
	at io.reactivex.rxjava3.internal.operators.flowable.FlowableConcatArray.subscribeActual(FlowableConcatArray.java:41)
	at io.reactivex.rxjava3.core.Flowable.subscribe(Flowable.java:15917)
	at io.reactivex.rxjava3.core.Flowable.subscribe(Flowable.java:15863)
	at io.reactivex.rxjava3.internal.operators.single.SingleFlatMapPublisher$SingleFlatMapPublisherObserver.onSuccess(SingleFlatMapPublisher.java:96)
	at io.reactivex.rxjava3.internal.operators.single.SingleJust.subscribeActual(SingleJust.java:30)
	at io.reactivex.rxjava3.core.Single.subscribe(Single.java:4855)
	at io.reactivex.rxjava3.internal.operators.single.SingleFlatMapPublisher.subscribeActual(SingleFlatMapPublisher.java:59)
	at io.reactivex.rxjava3.core.Flowable.subscribe(Flowable.java:15917)
	at io.reactivex.rxjava3.internal.operators.flowable.FlowableDoFinally.subscribeActual(FlowableDoFinally.java:47)
	at io.reactivex.rxjava3.core.Flowable.subscribe(Flowable.java:15917)
	at io.reactivex.rxjava3.core.Flowable.subscribe(Flowable.java:15863)
	at io.reactivex.rxjava3.internal.operators.flowable.FlowableDefer.subscribeActual(FlowableDefer.java:42)
	at io.reactivex.rxjava3.core.Flowable.subscribe(Flowable.java:15917)
	at io.reactivex.rxjava3.internal.operators.flowable.FlowableDoOnEach.subscribeActual(FlowableDoOnEach.java:50)
	at io.reactivex.rxjava3.core.Flowable.subscribe(Flowable.java:15917)
	at io.reactivex.rxjava3.core.Flowable.subscribe(Flowable.java:15863)
	at io.reactivex.rxjava3.internal.operators.flowable.FlowableScalarXMap$ScalarXMapFlowable.subscribeActual(FlowableScalarXMap.java:160)
	at io.reactivex.rxjava3.core.Flowable.subscribe(Flowable.java:15917)
	at io.reactivex.rxjava3.internal.operators.flowable.FlowableDoOnEach.subscribeActual(FlowableDoOnEach.java:50)
	at io.reactivex.rxjava3.core.Flowable.subscribe(Flowable.java:15917)
	at io.reactivex.rxjava3.internal.operators.flowable.FlowableDoFinally.subscribeActual(FlowableDoFinally.java:47)
	at io.reactivex.rxjava3.core.Flowable.subscribe(Flowable.java:15917)
	at io.reactivex.rxjava3.core.Flowable.subscribe(Flowable.java:15863)
	at io.reactivex.rxjava3.internal.operators.single.SingleFlatMapPublisher$SingleFlatMapPublisherObserver.onSuccess(SingleFlatMapPublisher.java:96)
	at io.reactivex.rxjava3.internal.operators.maybe.MaybeSwitchIfEmptySingle$SwitchIfEmptyMaybeObserver.onSuccess(MaybeSwitchIfEmptySingle.java:82)
	at io.reactivex.rxjava3.internal.operators.maybe.MaybeJust.subscribeActual(MaybeJust.java:36)
	at io.reactivex.rxjava3.core.Maybe.subscribe(Maybe.java:5375)
	at io.reactivex.rxjava3.internal.operators.maybe.MaybeSwitchIfEmptySingle.subscribeActual(MaybeSwitchIfEmptySingle.java:45)
	at io.reactivex.rxjava3.core.Single.subscribe(Single.java:4855)
	at io.reactivex.rxjava3.internal.operators.single.SingleFlatMapPublisher.subscribeActual(SingleFlatMapPublisher.java:59)
	at io.reactivex.rxjava3.core.Flowable.subscribe(Flowable.java:15917)
	at io.reactivex.rxjava3.internal.operators.flowable.FlowableObserveOn.subscribeActual(FlowableObserveOn.java:58)
	at io.reactivex.rxjava3.core.Flowable.subscribe(Flowable.java:15917)
	at io.reactivex.rxjava3.core.Flowable.subscribe(Flowable.java:15808)
	at com.google.adk.web.AdkWebServer$AgentController.lambda$agentRunSse$0(AdkWebServer.java:1241)
	at java.base/java.util.concurrent.ThreadPoolExecutor.runWorker(ThreadPoolExecutor.java:1144)
	at java.base/java.util.concurrent.ThreadPoolExecutor$Worker.run(ThreadPoolExecutor.java:642)
	at java.base/java.lang.Thread.run(Thread.java:1583)
Caused by: com.google.gson.stream.MalformedJsonException: Use JsonReader.setLenient(true) to accept malformed JSON at line 1 column 6 path $
	at com.google.gson.stream.JsonReader.syntaxError(JsonReader.java:1659)
	at com.google.gson.stream.JsonReader.checkLenient(JsonReader.java:1465)
	at com.google.gson.stream.JsonReader.doPeek(JsonReader.java:551)
	at com.google.gson.stream.JsonReader.peek(JsonReader.java:433)
	at com.google.gson.JsonParser.parseReader(JsonParser.java:71)
	... 293 more

2025-09-01 15:32:09 [http-nio-8080-exec-3] INFO  c.g.a.w.AdkWebServer$AgentController - Request received for GET /debug/trace/session/02313e43-fa89-483c-957a-520d5d3a815f
2025-09-01 15:32:09 [http-nio-8080-exec-3] INFO  c.g.a.w.AdkWebServer$AgentController - Returning 7 spans for session ID: 02313e43-fa89-483c-957a-520d5d3a815f
2025-09-01 15:32:09 [http-nio-8080-exec-2] INFO  c.g.a.w.AdkWebServer$AgentController - Request received for GET /apps/Coordinator/users/user/sessions/02313e43-fa89-483c-957a-520d5d3a815f
2025-09-01 15:32:12 [http-nio-8080-exec-5] INFO  c.g.a.w.AdkWebServer$AgentController - SseEmitter Request received for POST /run_sse_emitter for session: 02313e43-fa89-483c-957a-520d5d3a815f
2025-09-01 15:32:23 [http-nio-8080-exec-7] INFO  c.g.a.w.AdkWebServer$AgentController - Request received for GET /debug/trace/session/02313e43-fa89-483c-957a-520d5d3a815f
2025-09-01 15:32:23 [http-nio-8080-exec-7] INFO  c.g.a.w.AdkWebServer$AgentController - Returning 8 spans for session ID: 02313e43-fa89-483c-957a-520d5d3a815f
2025-09-01 15:32:23 [http-nio-8080-exec-8] INFO  c.g.a.w.AdkWebServer$AgentController - Request received for GET /apps/Coordinator/users/user/sessions/02313e43-fa89-483c-957a-520d5d3a815f
2025-09-01 15:32:26 [http-nio-8080-exec-9] INFO  c.g.a.w.AdkWebServer$AgentController - SseEmitter Request received for POST /run_sse_emitter for session: 02313e43-fa89-483c-957a-520d5d3a815f
2025-09-01 15:32:26 [pool-2-thread-1] INFO  c.p.t.s.agent.planning.PlanningAgent - Starting PlanningAgent runAsyncImpl
2025-09-01 15:32:26 [pool-2-thread-1] INFO  c.p.t.s.p.s.GeneratePlanService - Starting concurrent trip plan generation for origin: FLR, destinations: 3
2025-09-01 15:32:26 [pool-2-thread-1] DEBUG c.p.t.s.p.s.GeneratePlanService - Validating parameters
2025-09-01 15:32:26 [pool-2-thread-1] DEBUG c.p.t.s.p.s.GeneratePlanService - Precise travel calculation: daysBetween=7, tripDays=7, preciseTravel=true
2025-09-01 15:32:26 [pool-2-thread-1] DEBUG c.p.t.s.p.s.GeneratePlanService - Round trip calculation: first=FCO, last=ORY, roundTrip=false
2025-09-01 15:32:26 [pool-2-thread-1] INFO  c.p.t.s.p.s.GeneratePlanService - Trip configuration: preciseTravel=true, roundTrip=false
2025-09-01 15:32:26 [pool-2-thread-1] DEBUG c.p.t.s.p.s.GeneratePlanService - Thread Pool Status - Active: 0, Pool Size: 0, Queue Size: 0, Completed Tasks: 0, Total Tasks: 0
2025-09-01 15:32:26 [pool-2-thread-1] INFO  c.p.t.s.p.s.GeneratePlanService - Starting concurrent searches with 16 threads
2025-09-01 15:32:26 [TripPlan-1] INFO  c.p.t.s.s.plan.FlightSearchService - Searching flight offers
2025-09-01 15:32:26 [TripPlan-2] INFO  c.p.t.s.s.plan.HotelSearchService - Getting hotels by city for 3 routes
2025-09-01 15:32:26 [TripPlan-2] INFO  c.p.t.s.s.e.a.AmadeusHotelService - Searching hotels by city with request: QueryHotelByCityRequest(cityCode=OST, radius=10, radiusUnit=KM, amenities=null, ratings=[1, 2, 3, 4, 5])
2025-09-01 15:32:26 [ForkJoinPool.commonPool-worker-2] INFO  c.p.t.s.s.e.a.AmadeusHotelService - Searching hotels by city with request: QueryHotelByCityRequest(cityCode=FCO, radius=10, radiusUnit=KM, amenities=null, ratings=[1, 2, 3, 4, 5])
2025-09-01 15:32:26 [ForkJoinPool.commonPool-worker-1] INFO  c.p.t.s.s.e.a.AmadeusHotelService - Searching hotels by city with request: QueryHotelByCityRequest(cityCode=ORY, radius=10, radiusUnit=KM, amenities=null, ratings=[1, 2, 3, 4, 5])
2025-09-01 15:32:26 [TripPlan-3] INFO  c.p.t.s.s.plan.LocationSearchService - Searching city locations for 3 cities: [Rome, Ostia, Paris]
2025-09-01 15:32:26 [TripPlan-3] DEBUG c.p.t.s.s.plan.LocationSearchService - Processed city list: 3 unique cities
2025-09-01 15:32:26 [TripPlan-3] DEBUG c.p.t.s.s.plan.LocationSearchService - Cache miss for city: Rome
2025-09-01 15:32:26 [TripPlan-1] INFO  c.p.t.s.s.e.a.AmadeusFlightService - Searching flight offers with request: FlightOffersSearchRequest(origin=FLR, destination=FCO, departureDate=2025-10-01, returnDate=null, adults=1, children=1, infants=0, nonStop=true, currency=CNY, maxPrice=25000, max=50)
2025-09-01 15:32:26 [TripPlan-3] DEBUG c.p.t.s.s.plan.LocationSearchService - Cache miss for city: Ostia
2025-09-01 15:32:26 [TripPlan-3] DEBUG c.p.t.s.s.plan.LocationSearchService - Cache miss for city: Paris
2025-09-01 15:32:26 [TripPlan-3] INFO  c.p.t.s.s.plan.LocationSearchService - Cache statistics - hits: 0, misses: 3, total: 3
2025-09-01 15:32:26 [TripPlan-3] INFO  c.p.t.s.s.plan.LocationSearchService - Querying 3 cities from API: [Rome, Ostia, Paris]
2025-09-01 15:32:26 [TripPlan-3] DEBUG c.p.t.s.s.plan.LocationSearchService - Searching location for city from API: Ostia
2025-09-01 15:32:26 [ForkJoinPool.commonPool-worker-3] DEBUG c.p.t.s.s.plan.LocationSearchService - Searching location for city from API: Rome
2025-09-01 15:32:26 [ForkJoinPool.commonPool-worker-4] DEBUG c.p.t.s.s.plan.LocationSearchService - Searching location for city from API: Paris
2025-09-01 15:32:26 [TripPlan-1] DEBUG c.p.trip.scale.util.CacheKeyUtil - Generated cache key: fo_67f5ebfe070594ca53f807e5e020f89a for request: flight_offers|FLR|FCO|2025-10-01||1|1|0|true|CNY|25000|50
2025-09-01 15:32:26 [TripPlan-1] DEBUG c.p.t.s.s.e.a.AmadeusFlightService - Cache miss for key: fo_67f5ebfe070594ca53f807e5e020f89a
2025-09-01 15:32:26 [TripPlan-1] INFO  c.p.t.s.s.e.a.AmadeusFlightService - Cache miss for key: fo_67f5ebfe070594ca53f807e5e020f89a, calling API
2025-09-01 15:32:28 [ForkJoinPool.commonPool-worker-4] INFO  c.p.t.s.s.plan.LocationSearchService - Successfully found and cached location for city Paris: lat=48.8575475, lng=2.3513765
2025-09-01 15:32:28 [ForkJoinPool.commonPool-worker-3] INFO  c.p.t.s.s.plan.LocationSearchService - Successfully found and cached location for city Rome: lat=41.8967068, lng=12.4822025
2025-09-01 15:32:28 [TripPlan-3] INFO  c.p.t.s.s.plan.LocationSearchService - Successfully found and cached location for city Ostia: lat=41.7311182, lng=12.2862694
2025-09-01 15:32:28 [TripPlan-3] INFO  c.p.t.s.s.plan.LocationSearchService - API query completed, found 3 out of 3 cities
2025-09-01 15:32:28 [TripPlan-3] INFO  c.p.t.s.s.plan.LocationSearchService - Successfully found locations for 3 out of 3 cities (cached: 0, api: 3)
2025-09-01 15:32:28 [TripPlan-3] INFO  c.p.t.s.p.s.GeneratePlanService - [TripPlan-3] City locations search completed in 1336 ms, found 3 locations
2025-09-01 15:32:28 [ForkJoinPool.commonPool-worker-1] INFO  c.p.t.s.s.e.a.AmadeusHotelService - Hotels by city search completed, found 43 results
2025-09-01 15:32:28 [ForkJoinPool.commonPool-worker-1] INFO  c.p.t.s.s.plan.HotelSearchService - Found 43 hotels in city ORY
2025-09-01 15:32:28 [TripPlan-2] INFO  c.p.t.s.s.e.a.AmadeusHotelService - Hotels by city search completed, found 8 results
2025-09-01 15:32:28 [TripPlan-2] INFO  c.p.t.s.s.plan.HotelSearchService - Found 8 hotels in city OST
2025-09-01 15:32:28 [ForkJoinPool.commonPool-worker-2] INFO  c.p.t.s.s.e.a.AmadeusHotelService - Hotels by city search completed, found 11 results
2025-09-01 15:32:28 [ForkJoinPool.commonPool-worker-2] INFO  c.p.t.s.s.plan.HotelSearchService - Found 11 hotels in city FCO
2025-09-01 15:32:28 [TripPlan-2] INFO  c.p.t.s.p.s.GeneratePlanService - [TripPlan-2] Hotel IDs search completed in 1681 ms, found 3 cities
2025-09-01 15:32:28 [TripPlan-1] DEBUG c.p.t.s.s.e.a.AmadeusFlightService - API call completed, found 4 results
2025-09-01 15:32:28 [TripPlan-1] DEBUG c.p.t.s.s.e.a.AmadeusFlightService - Cached 4 flight offers for key: fo_67f5ebfe070594ca53f807e5e020f89a
2025-09-01 15:32:28 [TripPlan-1] INFO  c.p.t.s.s.e.a.AmadeusFlightService - API result cached successfully - 4 flight offers for key: fo_67f5ebfe070594ca53f807e5e020f89a
2025-09-01 15:32:28 [TripPlan-1] DEBUG c.p.t.s.s.e.a.AmadeusFlightService - Flight offers cache stats - size: 1, hitRate: {:.2f}%, evictionCount: 0.0
2025-09-01 15:32:28 [TripPlan-1] INFO  c.p.t.s.s.e.a.AmadeusFlightService - Searching flight offers with request: FlightOffersSearchRequest(origin=ORY, destination=FLR, departureDate=2025-10-07, returnDate=null, adults=1, children=1, infants=0, nonStop=true, currency=CNY, maxPrice=25000, max=50)
2025-09-01 15:32:28 [TripPlan-1] DEBUG c.p.trip.scale.util.CacheKeyUtil - Generated cache key: fo_999021c45cb45939bab7a098937da645 for request: flight_offers|ORY|FLR|2025-10-07||1|1|0|true|CNY|25000|50
2025-09-01 15:32:28 [TripPlan-1] DEBUG c.p.t.s.s.e.a.AmadeusFlightService - Cache miss for key: fo_999021c45cb45939bab7a098937da645
2025-09-01 15:32:28 [TripPlan-1] INFO  c.p.t.s.s.e.a.AmadeusFlightService - Cache miss for key: fo_999021c45cb45939bab7a098937da645, calling API
2025-09-01 15:32:29 [TripPlan-1] DEBUG c.p.t.s.s.e.a.AmadeusFlightService - API call completed, found 4 results
2025-09-01 15:32:29 [TripPlan-1] DEBUG c.p.t.s.s.e.a.AmadeusFlightService - Cached 4 flight offers for key: fo_999021c45cb45939bab7a098937da645
2025-09-01 15:32:29 [TripPlan-1] INFO  c.p.t.s.s.e.a.AmadeusFlightService - API result cached successfully - 4 flight offers for key: fo_999021c45cb45939bab7a098937da645
2025-09-01 15:32:29 [TripPlan-1] DEBUG c.p.t.s.s.e.a.AmadeusFlightService - Flight offers cache stats - size: 2, hitRate: {:.2f}%, evictionCount: 0.0
2025-09-01 15:32:29 [TripPlan-1] INFO  c.p.t.s.s.plan.FlightSearchService - Extracted airport codes: [FCO, ORY, FLR]
2025-09-01 15:32:29 [TripPlan-1] DEBUG c.p.t.s.s.plan.FlightSearchService - Converted location for airport FCO: lat=41.79362, lng=12.2525
2025-09-01 15:32:30 [TripPlan-1] DEBUG c.p.t.s.s.plan.FlightSearchService - Converted location for airport ORY: lat=48.72528, lng=2.35945
2025-09-01 15:32:30 [TripPlan-1] DEBUG c.p.t.s.s.plan.FlightSearchService - Converted location for airport FLR: lat=43.81, lng=11.205
2025-09-01 15:32:30 [TripPlan-1] INFO  c.p.t.s.s.plan.FlightSearchService - Successfully queried 3 flight locations
2025-09-01 15:32:30 [TripPlan-1] DEBUG c.p.t.s.s.plan.FlightSearchService - Added airport FCO to location map: lat=41.79362, lng=12.2525
2025-09-01 15:32:30 [TripPlan-1] DEBUG c.p.t.s.s.plan.FlightSearchService - Added airport ORY to location map: lat=48.72528, lng=2.35945
2025-09-01 15:32:30 [TripPlan-1] DEBUG c.p.t.s.s.plan.FlightSearchService - Added airport FLR to location map: lat=43.81, lng=11.205
2025-09-01 15:32:30 [TripPlan-1] INFO  c.p.t.s.s.plan.FlightSearchService - Created airport location map with 3 entries
2025-09-01 15:32:30 [TripPlan-1] DEBUG c.p.t.s.s.plan.FlightSearchService - Supplemented departure geo for airport: FLR
2025-09-01 15:32:30 [TripPlan-1] DEBUG c.p.t.s.s.plan.FlightSearchService - Supplemented arrival geo for airport: FCO
2025-09-01 15:32:30 [TripPlan-1] DEBUG c.p.t.s.s.plan.FlightSearchService - Supplemented departure geo for airport: FLR
2025-09-01 15:32:30 [TripPlan-1] DEBUG c.p.t.s.s.plan.FlightSearchService - Supplemented arrival geo for airport: FCO
2025-09-01 15:32:30 [TripPlan-1] DEBUG c.p.t.s.s.plan.FlightSearchService - Supplemented departure geo for airport: FLR
2025-09-01 15:32:30 [TripPlan-1] DEBUG c.p.t.s.s.plan.FlightSearchService - Supplemented arrival geo for airport: FCO
2025-09-01 15:32:30 [TripPlan-1] DEBUG c.p.t.s.s.plan.FlightSearchService - Supplemented departure geo for airport: ORY
2025-09-01 15:32:30 [TripPlan-1] DEBUG c.p.t.s.s.plan.FlightSearchService - Supplemented arrival geo for airport: FLR
2025-09-01 15:32:30 [TripPlan-1] DEBUG c.p.t.s.s.plan.FlightSearchService - Supplemented departure geo for airport: ORY
2025-09-01 15:32:30 [TripPlan-1] DEBUG c.p.t.s.s.plan.FlightSearchService - Supplemented arrival geo for airport: FLR
2025-09-01 15:32:30 [TripPlan-1] DEBUG c.p.t.s.s.plan.FlightSearchService - Supplemented departure geo for airport: ORY
2025-09-01 15:32:30 [TripPlan-1] DEBUG c.p.t.s.s.plan.FlightSearchService - Supplemented arrival geo for airport: FLR
2025-09-01 15:32:30 [TripPlan-1] INFO  c.p.t.s.s.plan.FlightSearchService - Successfully supplemented location information for 6 flights
2025-09-01 15:32:30 [TripPlan-1] DEBUG c.p.t.s.s.plan.FlightSearchService - Supplemented departure geo for airport: FLR
2025-09-01 15:32:30 [TripPlan-1] DEBUG c.p.t.s.s.plan.FlightSearchService - Supplemented arrival geo for airport: FCO
2025-09-01 15:32:30 [TripPlan-1] DEBUG c.p.t.s.s.plan.FlightSearchService - Supplemented departure geo for airport: ORY
2025-09-01 15:32:30 [TripPlan-1] DEBUG c.p.t.s.s.plan.FlightSearchService - Supplemented arrival geo for airport: FLR
2025-09-01 15:32:30 [TripPlan-1] INFO  c.p.t.s.s.plan.FlightSearchService - Successfully supplemented location information for 2 flights
2025-09-01 15:32:30 [TripPlan-1] INFO  c.p.t.s.p.s.GeneratePlanService - [TripPlan-1] Flight search completed in 3870 ms, found 2 flights
2025-09-01 15:32:30 [pool-2-thread-1] INFO  c.p.t.s.p.s.GeneratePlanService - All concurrent searches completed in 3877 ms
2025-09-01 15:32:30 [TripPlan-4] INFO  c.p.t.s.s.plan.HotelSearchService - Searching hotels for 3 routes
2025-09-01 15:32:30 [TripPlan-4] INFO  c.p.t.s.s.plan.HotelSearchService - City FCO: CheckIn=2025-10-01, CheckOut=2025-10-03
2025-09-01 15:32:30 [TripPlan-4] INFO  c.p.t.s.s.plan.HotelSearchService - City OST: CheckIn=2025-10-03, CheckOut=2025-10-05
2025-09-01 15:32:30 [TripPlan-4] INFO  c.p.t.s.s.plan.HotelSearchService - City ORY: CheckIn=2025-10-05, CheckOut=2025-10-08
2025-09-01 15:32:30 [TripPlan-5] INFO  c.p.t.s.s.plan.ActivitySearchService - Searching activities for 3 cityLocationInfos
2025-09-01 15:32:30 [TripPlan-4] INFO  c.p.t.s.s.plan.HotelSearchService - Searching hotel offers for city OST with 8 hotels
2025-09-01 15:32:30 [TripPlan-5] DEBUG c.p.t.s.s.plan.ActivitySearchService - hotelCity Rome location: lat=41.8967068, lon=12.4822025
2025-09-01 15:32:30 [TripPlan-5] DEBUG c.p.t.s.s.plan.ActivitySearchService - hotelCity Ostia location: lat=41.7311182, lon=12.2862694
2025-09-01 15:32:30 [TripPlan-5] DEBUG c.p.t.s.s.plan.ActivitySearchService - hotelCity Paris location: lat=48.8575475, lon=2.3513765
2025-09-01 15:32:30 [TripPlan-5] INFO  c.p.t.s.s.plan.ActivitySearchService - Searching activities for city Ostia ，location HotelLocationInfo(latitude=41.7311182, longitude=12.2862694)
2025-09-01 15:32:30 [ForkJoinPool.commonPool-worker-2] INFO  c.p.t.s.s.plan.ActivitySearchService - Searching activities for city Rome ，location HotelLocationInfo(latitude=41.8967068, longitude=12.4822025)
2025-09-01 15:32:30 [ForkJoinPool.commonPool-worker-3] INFO  c.p.t.s.s.plan.HotelSearchService - Searching hotel offers for city FCO with 11 hotels
2025-09-01 15:32:30 [ForkJoinPool.commonPool-worker-2] INFO  c.p.t.s.s.e.a.AmadeusActivityService - Searching activities with request: ActivitiesSearchRequest(latitude=41.8967068, longitude=12.4822025, radius=20)
2025-09-01 15:32:30 [TripPlan-5] INFO  c.p.t.s.s.e.a.AmadeusActivityService - Searching activities with request: ActivitiesSearchRequest(latitude=41.7311182, longitude=12.2862694, radius=20)
2025-09-01 15:32:30 [ForkJoinPool.commonPool-worker-4] INFO  c.p.t.s.s.plan.ActivitySearchService - Searching activities for city Paris ，location HotelLocationInfo(latitude=48.8575475, longitude=2.3513765)
2025-09-01 15:32:30 [ForkJoinPool.commonPool-worker-4] INFO  c.p.t.s.s.e.a.AmadeusActivityService - Searching activities with request: ActivitiesSearchRequest(latitude=48.8575475, longitude=2.3513765, radius=20)
2025-09-01 15:32:30 [ForkJoinPool.commonPool-worker-2] DEBUG c.p.trip.scale.util.CacheKeyUtil - Generated cache key: ac_4924dd02687f3f173ef1ef8466affe9a for request: activities|41.8967068|12.4822025|20
2025-09-01 15:32:30 [ForkJoinPool.commonPool-worker-2] DEBUG c.p.t.s.s.e.a.AmadeusActivityService - Cache miss for key: ac_4924dd02687f3f173ef1ef8466affe9a
2025-09-01 15:32:30 [TripPlan-5] DEBUG c.p.trip.scale.util.CacheKeyUtil - Generated cache key: ac_e77ad97ab0bb34ea534de26358049c1b for request: activities|41.7311182|12.2862694|20
2025-09-01 15:32:30 [ForkJoinPool.commonPool-worker-2] INFO  c.p.t.s.s.e.a.AmadeusActivityService - Cache miss for key: ac_4924dd02687f3f173ef1ef8466affe9a, calling API
2025-09-01 15:32:30 [TripPlan-5] DEBUG c.p.t.s.s.e.a.AmadeusActivityService - Cache miss for key: ac_e77ad97ab0bb34ea534de26358049c1b
2025-09-01 15:32:30 [TripPlan-5] INFO  c.p.t.s.s.e.a.AmadeusActivityService - Cache miss for key: ac_e77ad97ab0bb34ea534de26358049c1b, calling API
2025-09-01 15:32:30 [ForkJoinPool.commonPool-worker-1] INFO  c.p.t.s.s.plan.HotelSearchService - Searching hotel offers for city ORY with 20 hotels
2025-09-01 15:32:30 [ForkJoinPool.commonPool-worker-4] DEBUG c.p.trip.scale.util.CacheKeyUtil - Generated cache key: ac_373944abba1f88ac302d46a6ba91e657 for request: activities|48.8575475|2.3513765|20
2025-09-01 15:32:30 [ForkJoinPool.commonPool-worker-4] DEBUG c.p.t.s.s.e.a.AmadeusActivityService - Cache miss for key: ac_373944abba1f88ac302d46a6ba91e657
2025-09-01 15:32:30 [ForkJoinPool.commonPool-worker-4] INFO  c.p.t.s.s.e.a.AmadeusActivityService - Cache miss for key: ac_373944abba1f88ac302d46a6ba91e657, calling API
2025-09-01 15:32:30 [ForkJoinPool.commonPool-worker-3] INFO  c.p.t.s.s.e.a.AmadeusHotelService - Searching hotel offers with request: HotelOffersSearchRequest(hotelIds=[BWFCO336, YXROMSEC, YXROMDLI, YXROMTIB, CIFCO058, WVFCO548, BWFCO270, BNROMABH, ONROMBEL, OIROMBLV, YXFCOLCH], adults=2, checkInDate=2025-10-01, checkOutDate=2025-10-03, countryOfResidence=IT, roomQuantity=1, priceRange=10-5000, currency=CNY, paymentPolicy=NONE, bestRateOnly=true)
2025-09-01 15:32:30 [TripPlan-4] INFO  c.p.t.s.s.e.a.AmadeusHotelService - Searching hotel offers with request: HotelOffersSearchRequest(hotelIds=[HSOSTAAO, CHOSTVEL, HSOSTAAF, CHOSTBER, HSOSTAAY, YXOSTTPA, HSOSTAEL, HSOSTAAE], adults=2, checkInDate=2025-10-03, checkOutDate=2025-10-05, countryOfResidence=IT, roomQuantity=1, priceRange=10-5000, currency=CNY, paymentPolicy=NONE, bestRateOnly=true)
2025-09-01 15:32:30 [ForkJoinPool.commonPool-worker-1] INFO  c.p.t.s.s.e.a.AmadeusHotelService - Searching hotel offers with request: HotelOffersSearchRequest(hotelIds=[HLORY208, RTORYORY, HSORYAFI, HSPARCCP, RTORYALT, NNPARC16, BWORY780, RTORYRUN, HSORYAEA, HSPARCDM, NNPARC49, CIORY405, WVPARCCL, NNPARP20, NNPARP25, RTORYCHE, CIORY384, CIORY336, FGORYI7Y, HSPARCDA], adults=2, checkInDate=2025-10-05, checkOutDate=2025-10-08, countryOfResidence=FR, roomQuantity=1, priceRange=10-5000, currency=CNY, paymentPolicy=NONE, bestRateOnly=true)
2025-09-01 15:32:30 [ForkJoinPool.commonPool-worker-1] DEBUG c.p.trip.scale.util.CacheKeyUtil - Generated cache key: ho_6d0dcec90bf5a2319e9fb9879d595241 for request: hotel_offers|BWORY780,CIORY336,CIORY384,CIORY405,FGORYI7Y,HLORY208,HSORYAEA,HSORYAFI,HSPARCCP,HSPARCDA,HSPARCDM,NNPARC16,NNPARC49,NNPARP20,NNPARP25,RTORYALT,RTORYCHE,RTORYORY,RTORYRUN,WVPARCCL|2|2025-10-05|2025-10-08|FR|1|10-5000|CNY|NONE|true
2025-09-01 15:32:30 [ForkJoinPool.commonPool-worker-3] DEBUG c.p.trip.scale.util.CacheKeyUtil - Generated cache key: ho_c2263665d33f32a2abc4c9554c9ce6ff for request: hotel_offers|BNROMABH,BWFCO270,BWFCO336,CIFCO058,OIROMBLV,ONROMBEL,WVFCO548,YXFCOLCH,YXROMDLI,YXROMSEC,YXROMTIB|2|2025-10-01|2025-10-03|IT|1|10-5000|CNY|NONE|true
2025-09-01 15:32:30 [TripPlan-4] DEBUG c.p.trip.scale.util.CacheKeyUtil - Generated cache key: ho_0fc10ffdb39e87f6575bf279f0ca6653 for request: hotel_offers|CHOSTBER,CHOSTVEL,HSOSTAAE,HSOSTAAF,HSOSTAAO,HSOSTAAY,HSOSTAEL,YXOSTTPA|2|2025-10-03|2025-10-05|IT|1|10-5000|CNY|NONE|true
2025-09-01 15:32:30 [ForkJoinPool.commonPool-worker-3] DEBUG c.p.t.s.s.e.a.AmadeusHotelService - Cache miss for key: ho_c2263665d33f32a2abc4c9554c9ce6ff
2025-09-01 15:32:30 [TripPlan-4] DEBUG c.p.t.s.s.e.a.AmadeusHotelService - Cache miss for key: ho_0fc10ffdb39e87f6575bf279f0ca6653
2025-09-01 15:32:30 [ForkJoinPool.commonPool-worker-1] DEBUG c.p.t.s.s.e.a.AmadeusHotelService - Cache miss for key: ho_6d0dcec90bf5a2319e9fb9879d595241
2025-09-01 15:32:30 [TripPlan-4] INFO  c.p.t.s.s.e.a.AmadeusHotelService - Cache miss for key: ho_0fc10ffdb39e87f6575bf279f0ca6653, calling API
2025-09-01 15:32:30 [ForkJoinPool.commonPool-worker-1] INFO  c.p.t.s.s.e.a.AmadeusHotelService - Cache miss for key: ho_6d0dcec90bf5a2319e9fb9879d595241, calling API
2025-09-01 15:32:30 [ForkJoinPool.commonPool-worker-3] INFO  c.p.t.s.s.e.a.AmadeusHotelService - Cache miss for key: ho_c2263665d33f32a2abc4c9554c9ce6ff, calling API
2025-09-01 15:32:31 [TripPlan-5] DEBUG c.p.t.s.s.e.a.AmadeusActivityService - API call completed, found 27 results
2025-09-01 15:32:31 [TripPlan-5] DEBUG c.p.t.s.s.e.a.AmadeusActivityService - Cached 27 activities for key: ac_e77ad97ab0bb34ea534de26358049c1b
2025-09-01 15:32:31 [TripPlan-5] INFO  c.p.t.s.s.e.a.AmadeusActivityService - API result cached successfully - 27 activities for key: ac_e77ad97ab0bb34ea534de26358049c1b
2025-09-01 15:32:31 [TripPlan-5] DEBUG c.p.t.s.s.e.a.AmadeusActivityService - Activities cache stats - size: 1, hitRate: {:.2f}%, evictionCount: 0.0
2025-09-01 15:32:31 [TripPlan-5] INFO  c.p.t.s.s.plan.ActivitySearchService - Found 27 activities for city Ostia, filtered to 6 top activities
2025-09-01 15:32:31 [TripPlan-4] DEBUG c.p.t.s.s.e.a.AmadeusHotelService - API call completed, found 1 results
2025-09-01 15:32:31 [TripPlan-4] DEBUG c.p.t.s.s.e.a.AmadeusHotelService - Cached 1 hotel offers for key: ho_0fc10ffdb39e87f6575bf279f0ca6653
2025-09-01 15:32:31 [TripPlan-4] INFO  c.p.t.s.s.e.a.AmadeusHotelService - API result cached successfully - 1 hotel offers for key: ho_0fc10ffdb39e87f6575bf279f0ca6653
2025-09-01 15:32:31 [TripPlan-4] DEBUG c.p.t.s.s.e.a.AmadeusHotelService - Hotel offers cache stats - size: 1, hitRate: {:.2f}%, evictionCount: 0.0
2025-09-01 15:32:31 [TripPlan-4] INFO  c.p.t.s.s.plan.HotelSearchService - Found 1 hotel offers for city OST
2025-09-01 15:32:31 [TripPlan-4] DEBUG c.p.t.s.s.plan.HotelSearchService - Found 1 hotels for route OST
2025-09-01 15:32:34 [ForkJoinPool.commonPool-worker-1] DEBUG c.p.t.s.s.e.a.AmadeusHotelService - API call completed, found 3 results
2025-09-01 15:32:34 [ForkJoinPool.commonPool-worker-1] DEBUG c.p.t.s.s.e.a.AmadeusHotelService - Cached 3 hotel offers for key: ho_6d0dcec90bf5a2319e9fb9879d595241
2025-09-01 15:32:34 [ForkJoinPool.commonPool-worker-1] INFO  c.p.t.s.s.e.a.AmadeusHotelService - API result cached successfully - 3 hotel offers for key: ho_6d0dcec90bf5a2319e9fb9879d595241
2025-09-01 15:32:34 [ForkJoinPool.commonPool-worker-1] DEBUG c.p.t.s.s.e.a.AmadeusHotelService - Hotel offers cache stats - size: 2, hitRate: {:.2f}%, evictionCount: 0.0
2025-09-01 15:32:34 [ForkJoinPool.commonPool-worker-1] INFO  c.p.t.s.s.plan.HotelSearchService - Found 1 hotel offers for city ORY
2025-09-01 15:32:34 [ForkJoinPool.commonPool-worker-1] DEBUG c.p.t.s.s.plan.HotelSearchService - Found 1 hotels for route ORY
2025-09-01 15:32:34 [ForkJoinPool.commonPool-worker-3] DEBUG c.p.t.s.s.e.a.AmadeusHotelService - API call completed, found 1 results
2025-09-01 15:32:34 [ForkJoinPool.commonPool-worker-3] DEBUG c.p.t.s.s.e.a.AmadeusHotelService - Cached 1 hotel offers for key: ho_c2263665d33f32a2abc4c9554c9ce6ff
2025-09-01 15:32:34 [ForkJoinPool.commonPool-worker-3] INFO  c.p.t.s.s.e.a.AmadeusHotelService - API result cached successfully - 1 hotel offers for key: ho_c2263665d33f32a2abc4c9554c9ce6ff
2025-09-01 15:32:34 [ForkJoinPool.commonPool-worker-3] DEBUG c.p.t.s.s.e.a.AmadeusHotelService - Hotel offers cache stats - size: 3, hitRate: {:.2f}%, evictionCount: 0.0
2025-09-01 15:32:34 [ForkJoinPool.commonPool-worker-3] INFO  c.p.t.s.s.plan.HotelSearchService - Found 1 hotel offers for city FCO
2025-09-01 15:32:34 [ForkJoinPool.commonPool-worker-3] DEBUG c.p.t.s.s.plan.HotelSearchService - Found 1 hotels for route FCO
2025-09-01 15:32:34 [TripPlan-4] INFO  c.p.t.s.s.plan.HotelSearchService - Found 3 hotels in total
2025-09-01 15:32:34 [TripPlan-4] INFO  c.p.t.s.p.s.GeneratePlanService - [TripPlan-4] Hotel details search completed in 3426 ms, found 3 hotels
2025-09-01 15:32:36 [ForkJoinPool.commonPool-worker-4] DEBUG c.p.t.s.s.e.a.AmadeusActivityService - API call completed, found 956 results
2025-09-01 15:32:36 [ForkJoinPool.commonPool-worker-4] DEBUG c.p.t.s.s.e.a.AmadeusActivityService - Cached 956 activities for key: ac_373944abba1f88ac302d46a6ba91e657
2025-09-01 15:32:36 [ForkJoinPool.commonPool-worker-4] INFO  c.p.t.s.s.e.a.AmadeusActivityService - API result cached successfully - 956 activities for key: ac_373944abba1f88ac302d46a6ba91e657
2025-09-01 15:32:36 [ForkJoinPool.commonPool-worker-4] DEBUG c.p.t.s.s.e.a.AmadeusActivityService - Activities cache stats - size: 2, hitRate: {:.2f}%, evictionCount: 0.0
2025-09-01 15:32:36 [ForkJoinPool.commonPool-worker-4] INFO  c.p.t.s.s.plan.ActivitySearchService - Found 956 activities for city Paris, filtered to 9 top activities
2025-09-01 15:32:38 [ForkJoinPool.commonPool-worker-2] DEBUG c.p.t.s.s.e.a.AmadeusActivityService - API call completed, found 1244 results
2025-09-01 15:32:38 [ForkJoinPool.commonPool-worker-2] DEBUG c.p.t.s.s.e.a.AmadeusActivityService - Cached 1244 activities for key: ac_4924dd02687f3f173ef1ef8466affe9a
2025-09-01 15:32:38 [ForkJoinPool.commonPool-worker-2] INFO  c.p.t.s.s.e.a.AmadeusActivityService - API result cached successfully - 1244 activities for key: ac_4924dd02687f3f173ef1ef8466affe9a
2025-09-01 15:32:38 [ForkJoinPool.commonPool-worker-2] DEBUG c.p.t.s.s.e.a.AmadeusActivityService - Activities cache stats - size: 3, hitRate: {:.2f}%, evictionCount: 0.0
2025-09-01 15:32:38 [ForkJoinPool.commonPool-worker-2] INFO  c.p.t.s.s.plan.ActivitySearchService - Found 1244 activities for city Rome, filtered to 6 top activities
2025-09-01 15:32:38 [TripPlan-5] INFO  c.p.t.s.s.plan.ActivitySearchService - Found 21 activities in total
2025-09-01 15:32:38 [TripPlan-5] INFO  c.p.t.s.p.s.GeneratePlanService - [TripPlan-5] Activities search completed in 7981 ms, found 21 activities
2025-09-01 15:32:38 [pool-2-thread-1] INFO  c.p.t.s.p.s.GeneratePlanService - Dependent searches completed in 7982 ms
2025-09-01 15:32:38 [pool-2-thread-1] INFO  c.p.t.s.s.e.ai.GoogleAiService - Starting daily route planning generation
2025-09-01 15:32:38 [pool-2-thread-1] INFO  c.p.t.s.s.e.ai.GoogleAiService - Daily route planning generation completed successfully
2025-09-01 15:32:38 [pool-2-thread-1] INFO  c.p.t.s.p.s.GeneratePlanService - AI plan generation completed in 10 ms
2025-09-01 15:32:38 [pool-2-thread-1] INFO  c.p.t.s.p.s.GeneratePlanService - === PERFORMANCE SUMMARY ===
2025-09-01 15:32:38 [pool-2-thread-1] INFO  c.p.t.s.p.s.GeneratePlanService - Total trip plan generation time: 11877 ms
2025-09-01 15:32:38 [pool-2-thread-1] INFO  c.p.t.s.p.s.GeneratePlanService - Found 2 flights, 3 hotels, 21 activities
2025-09-01 15:32:38 [pool-2-thread-1] DEBUG c.p.t.s.p.s.GeneratePlanService - Thread Pool Status - Active: 0, Pool Size: 5, Queue Size: 0, Completed Tasks: 5, Total Tasks: 5
2025-09-01 15:32:38 [pool-2-thread-1] INFO  c.p.t.s.agent.planning.PlanningAgent - *******************************************************Time taken to generate plan: 11877 ms
2025-09-01 15:32:38 [pool-2-thread-1] INFO  c.p.t.s.agent.planning.PlanningAgent - Generated trip plan with status: SUCCESS
2025-09-01 15:32:38 [pool-2-thread-1] INFO  c.p.t.s.agent.planning.PlanningAgent - Created summary event with content length: 118
2025-09-01 15:32:38 [pool-2-thread-1] INFO  c.p.t.s.agent.planning.PlanningAgent - Created plan result event with 7 daily plans
2025-09-01 15:32:38 [pool-2-thread-1] INFO  c.p.t.s.a.o.AnotherRootAgent - error com.google.gson.JsonSyntaxException: com.google.gson.stream.MalformedJsonException: Use JsonReader.setLenient(true) to accept malformed JSON at line 1 column 7 path $
	at com.google.gson.JsonParser.parseReader(JsonParser.java:76)
	at com.google.gson.JsonParser.parseString(JsonParser.java:51)
	at com.pkfare.trip.scale.agent.orchestration.AnotherRootAgent.stageTransition(AnotherRootAgent.java:107)
	at com.pkfare.trip.scale.agent.orchestration.AnotherRootAgent.lambda$runAsyncImpl$0(AnotherRootAgent.java:88)
	at io.reactivex.rxjava3.internal.operators.flowable.FlowableDoOnEach$DoOnEachSubscriber.onNext(FlowableDoOnEach.java:86)
	at io.reactivex.rxjava3.internal.operators.flowable.FlowableDoFinally$DoFinallySubscriber.onNext(FlowableDoFinally.java:85)
	at io.reactivex.rxjava3.internal.operators.single.SingleFlatMapPublisher$SingleFlatMapPublisherObserver.onNext(SingleFlatMapPublisher.java:107)
	at io.reactivex.rxjava3.internal.operators.flowable.FlowableConcatArray$ConcatArraySubscriber.onNext(FlowableConcatArray.java:78)
	at io.reactivex.rxjava3.internal.operators.flowable.FlowableFromIterable$IteratorSubscription.slowPath(FlowableFromIterable.java:243)
	at io.reactivex.rxjava3.internal.operators.flowable.FlowableFromIterable$BaseRangeSubscription.request(FlowableFromIterable.java:131)
	at io.reactivex.rxjava3.internal.subscriptions.SubscriptionArbiter.setSubscription(SubscriptionArbiter.java:87)
	at io.reactivex.rxjava3.internal.operators.flowable.FlowableConcatArray$ConcatArraySubscriber.onSubscribe(FlowableConcatArray.java:72)
	at io.reactivex.rxjava3.internal.operators.flowable.FlowableFromIterable.subscribe(FlowableFromIterable.java:69)
	at io.reactivex.rxjava3.internal.operators.flowable.FlowableFromIterable.subscribeActual(FlowableFromIterable.java:47)
	at io.reactivex.rxjava3.core.Flowable.subscribe(Flowable.java:15917)
	at io.reactivex.rxjava3.core.Flowable.subscribe(Flowable.java:15863)
	at io.reactivex.rxjava3.internal.operators.flowable.FlowableDefer.subscribeActual(FlowableDefer.java:42)
	at io.reactivex.rxjava3.core.Flowable.subscribe(Flowable.java:15917)
	at io.reactivex.rxjava3.core.Flowable.subscribe(Flowable.java:15863)
	at io.reactivex.rxjava3.internal.operators.flowable.FlowableConcatArray$ConcatArraySubscriber.onComplete(FlowableConcatArray.java:141)
	at io.reactivex.rxjava3.internal.operators.flowable.FlowableConcatArray.subscribeActual(FlowableConcatArray.java:41)
	at io.reactivex.rxjava3.core.Flowable.subscribe(Flowable.java:15917)
	at io.reactivex.rxjava3.core.Flowable.subscribe(Flowable.java:15863)
	at io.reactivex.rxjava3.internal.operators.single.SingleFlatMapPublisher$SingleFlatMapPublisherObserver.onSuccess(SingleFlatMapPublisher.java:96)
	at io.reactivex.rxjava3.internal.operators.single.SingleJust.subscribeActual(SingleJust.java:30)
	at io.reactivex.rxjava3.core.Single.subscribe(Single.java:4855)
	at io.reactivex.rxjava3.internal.operators.single.SingleFlatMapPublisher.subscribeActual(SingleFlatMapPublisher.java:59)
	at io.reactivex.rxjava3.core.Flowable.subscribe(Flowable.java:15917)
	at io.reactivex.rxjava3.internal.operators.flowable.FlowableDoFinally.subscribeActual(FlowableDoFinally.java:47)
	at io.reactivex.rxjava3.core.Flowable.subscribe(Flowable.java:15917)
	at io.reactivex.rxjava3.core.Flowable.subscribe(Flowable.java:15863)
	at io.reactivex.rxjava3.internal.operators.flowable.FlowableDefer.subscribeActual(FlowableDefer.java:42)
	at io.reactivex.rxjava3.core.Flowable.subscribe(Flowable.java:15917)
	at io.reactivex.rxjava3.internal.operators.flowable.FlowableDoOnEach.subscribeActual(FlowableDoOnEach.java:50)
	at io.reactivex.rxjava3.core.Flowable.subscribe(Flowable.java:15917)
	at io.reactivex.rxjava3.core.Flowable.subscribe(Flowable.java:15863)
	at io.reactivex.rxjava3.internal.operators.flowable.FlowableDefer.subscribeActual(FlowableDefer.java:42)
	at io.reactivex.rxjava3.core.Flowable.subscribe(Flowable.java:15917)
	at io.reactivex.rxjava3.core.Flowable.subscribe(Flowable.java:15863)
	at io.reactivex.rxjava3.internal.operators.flowable.FlowableConcatArray$ConcatArraySubscriber.onComplete(FlowableConcatArray.java:141)
	at io.reactivex.rxjava3.internal.operators.flowable.FlowableConcatArray.subscribeActual(FlowableConcatArray.java:41)
	at io.reactivex.rxjava3.core.Flowable.subscribe(Flowable.java:15917)
	at io.reactivex.rxjava3.core.Flowable.subscribe(Flowable.java:15863)
	at io.reactivex.rxjava3.internal.operators.single.SingleFlatMapPublisher$SingleFlatMapPublisherObserver.onSuccess(SingleFlatMapPublisher.java:96)
	at io.reactivex.rxjava3.internal.operators.single.SingleJust.subscribeActual(SingleJust.java:30)
	at io.reactivex.rxjava3.core.Single.subscribe(Single.java:4855)
	at io.reactivex.rxjava3.internal.operators.single.SingleFlatMapPublisher.subscribeActual(SingleFlatMapPublisher.java:59)
	at io.reactivex.rxjava3.core.Flowable.subscribe(Flowable.java:15917)
	at io.reactivex.rxjava3.internal.operators.flowable.FlowableDoFinally.subscribeActual(FlowableDoFinally.java:47)
	at io.reactivex.rxjava3.core.Flowable.subscribe(Flowable.java:15917)
	at io.reactivex.rxjava3.core.Flowable.subscribe(Flowable.java:15863)
	at io.reactivex.rxjava3.internal.operators.flowable.FlowableDefer.subscribeActual(FlowableDefer.java:42)
	at io.reactivex.rxjava3.core.Flowable.subscribe(Flowable.java:15917)
	at io.reactivex.rxjava3.internal.operators.flowable.FlowableDoOnEach.subscribeActual(FlowableDoOnEach.java:50)
	at io.reactivex.rxjava3.core.Flowable.subscribe(Flowable.java:15917)
	at io.reactivex.rxjava3.core.Flowable.subscribe(Flowable.java:15863)
	at io.reactivex.rxjava3.internal.operators.flowable.FlowableScalarXMap$ScalarXMapFlowable.subscribeActual(FlowableScalarXMap.java:160)
	at io.reactivex.rxjava3.core.Flowable.subscribe(Flowable.java:15917)
	at io.reactivex.rxjava3.internal.operators.flowable.FlowableDoOnEach.subscribeActual(FlowableDoOnEach.java:50)
	at io.reactivex.rxjava3.core.Flowable.subscribe(Flowable.java:15917)
	at io.reactivex.rxjava3.internal.operators.flowable.FlowableDoFinally.subscribeActual(FlowableDoFinally.java:47)
	at io.reactivex.rxjava3.core.Flowable.subscribe(Flowable.java:15917)
	at io.reactivex.rxjava3.core.Flowable.subscribe(Flowable.java:15863)
	at io.reactivex.rxjava3.internal.operators.single.SingleFlatMapPublisher$SingleFlatMapPublisherObserver.onSuccess(SingleFlatMapPublisher.java:96)
	at io.reactivex.rxjava3.internal.operators.maybe.MaybeSwitchIfEmptySingle$SwitchIfEmptyMaybeObserver.onSuccess(MaybeSwitchIfEmptySingle.java:82)
	at io.reactivex.rxjava3.internal.operators.maybe.MaybeJust.subscribeActual(MaybeJust.java:36)
	at io.reactivex.rxjava3.core.Maybe.subscribe(Maybe.java:5375)
	at io.reactivex.rxjava3.internal.operators.maybe.MaybeSwitchIfEmptySingle.subscribeActual(MaybeSwitchIfEmptySingle.java:45)
	at io.reactivex.rxjava3.core.Single.subscribe(Single.java:4855)
	at io.reactivex.rxjava3.internal.operators.single.SingleFlatMapPublisher.subscribeActual(SingleFlatMapPublisher.java:59)
	at io.reactivex.rxjava3.core.Flowable.subscribe(Flowable.java:15917)
	at io.reactivex.rxjava3.internal.operators.flowable.FlowableObserveOn.subscribeActual(FlowableObserveOn.java:58)
	at io.reactivex.rxjava3.core.Flowable.subscribe(Flowable.java:15917)
	at io.reactivex.rxjava3.core.Flowable.subscribe(Flowable.java:15808)
	at com.google.adk.web.AdkWebServer$AgentController.lambda$agentRunSse$0(AdkWebServer.java:1241)
	at java.base/java.util.concurrent.ThreadPoolExecutor.runWorker(ThreadPoolExecutor.java:1144)
	at java.base/java.util.concurrent.ThreadPoolExecutor$Worker.run(ThreadPoolExecutor.java:642)
	at java.base/java.lang.Thread.run(Thread.java:1583)
Caused by: com.google.gson.stream.MalformedJsonException: Use JsonReader.setLenient(true) to accept malformed JSON at line 1 column 7 path $
	at com.google.gson.stream.JsonReader.syntaxError(JsonReader.java:1659)
	at com.google.gson.stream.JsonReader.checkLenient(JsonReader.java:1465)
	at com.google.gson.stream.JsonReader.doPeek(JsonReader.java:551)
	at com.google.gson.stream.JsonReader.peek(JsonReader.java:433)
	at com.google.gson.JsonParser.parseReader(JsonParser.java:71)
	... 77 more

2025-09-01 15:32:38 [pool-2-thread-1] INFO  c.p.t.s.a.o.AnotherRootAgent - error com.google.gson.JsonIOException: Failed making field 'java.time.LocalDate#year' accessible; either increase its visibility or write a custom TypeAdapter for its declaring type.
	at com.google.gson.internal.reflect.ReflectionHelper.makeAccessible(ReflectionHelper.java:38)
	at com.google.gson.internal.bind.ReflectiveTypeAdapterFactory.getBoundFields(ReflectiveTypeAdapterFactory.java:286)
	at com.google.gson.internal.bind.ReflectiveTypeAdapterFactory.create(ReflectiveTypeAdapterFactory.java:130)
	at com.google.gson.Gson.getAdapter(Gson.java:556)
	at com.google.gson.internal.bind.ReflectiveTypeAdapterFactory.createBoundField(ReflectiveTypeAdapterFactory.java:160)
	at com.google.gson.internal.bind.ReflectiveTypeAdapterFactory.getBoundFields(ReflectiveTypeAdapterFactory.java:294)
	at com.google.gson.internal.bind.ReflectiveTypeAdapterFactory.create(ReflectiveTypeAdapterFactory.java:130)
	at com.google.gson.Gson.getAdapter(Gson.java:556)
	at com.google.gson.internal.bind.CollectionTypeAdapterFactory.create(CollectionTypeAdapterFactory.java:53)
	at com.google.gson.Gson.getAdapter(Gson.java:556)
	at com.google.gson.internal.bind.ReflectiveTypeAdapterFactory.createBoundField(ReflectiveTypeAdapterFactory.java:160)
	at com.google.gson.internal.bind.ReflectiveTypeAdapterFactory.getBoundFields(ReflectiveTypeAdapterFactory.java:294)
	at com.google.gson.internal.bind.ReflectiveTypeAdapterFactory.create(ReflectiveTypeAdapterFactory.java:130)
	at com.google.gson.Gson.getAdapter(Gson.java:556)
	at com.google.gson.Gson.fromJson(Gson.java:1226)
	at com.google.gson.Gson.fromJson(Gson.java:1137)
	at com.google.gson.Gson.fromJson(Gson.java:1047)
	at com.google.gson.Gson.fromJson(Gson.java:982)
	at com.pkfare.trip.scale.agent.orchestration.AnotherRootAgent.stageTransition(AnotherRootAgent.java:130)
	at com.pkfare.trip.scale.agent.orchestration.AnotherRootAgent.lambda$runAsyncImpl$0(AnotherRootAgent.java:88)
	at io.reactivex.rxjava3.internal.operators.flowable.FlowableDoOnEach$DoOnEachSubscriber.onNext(FlowableDoOnEach.java:86)
	at io.reactivex.rxjava3.internal.operators.flowable.FlowableDoFinally$DoFinallySubscriber.onNext(FlowableDoFinally.java:85)
	at io.reactivex.rxjava3.internal.operators.single.SingleFlatMapPublisher$SingleFlatMapPublisherObserver.onNext(SingleFlatMapPublisher.java:107)
	at io.reactivex.rxjava3.internal.operators.flowable.FlowableConcatArray$ConcatArraySubscriber.onNext(FlowableConcatArray.java:78)
	at io.reactivex.rxjava3.internal.operators.flowable.FlowableFromIterable$IteratorSubscription.slowPath(FlowableFromIterable.java:243)
	at io.reactivex.rxjava3.internal.operators.flowable.FlowableFromIterable$BaseRangeSubscription.request(FlowableFromIterable.java:131)
	at io.reactivex.rxjava3.internal.subscriptions.SubscriptionArbiter.setSubscription(SubscriptionArbiter.java:87)
	at io.reactivex.rxjava3.internal.operators.flowable.FlowableConcatArray$ConcatArraySubscriber.onSubscribe(FlowableConcatArray.java:72)
	at io.reactivex.rxjava3.internal.operators.flowable.FlowableFromIterable.subscribe(FlowableFromIterable.java:69)
	at io.reactivex.rxjava3.internal.operators.flowable.FlowableFromIterable.subscribeActual(FlowableFromIterable.java:47)
	at io.reactivex.rxjava3.core.Flowable.subscribe(Flowable.java:15917)
	at io.reactivex.rxjava3.core.Flowable.subscribe(Flowable.java:15863)
	at io.reactivex.rxjava3.internal.operators.flowable.FlowableDefer.subscribeActual(FlowableDefer.java:42)
	at io.reactivex.rxjava3.core.Flowable.subscribe(Flowable.java:15917)
	at io.reactivex.rxjava3.core.Flowable.subscribe(Flowable.java:15863)
	at io.reactivex.rxjava3.internal.operators.flowable.FlowableConcatArray$ConcatArraySubscriber.onComplete(FlowableConcatArray.java:141)
	at io.reactivex.rxjava3.internal.operators.flowable.FlowableConcatArray.subscribeActual(FlowableConcatArray.java:41)
	at io.reactivex.rxjava3.core.Flowable.subscribe(Flowable.java:15917)
	at io.reactivex.rxjava3.core.Flowable.subscribe(Flowable.java:15863)
	at io.reactivex.rxjava3.internal.operators.single.SingleFlatMapPublisher$SingleFlatMapPublisherObserver.onSuccess(SingleFlatMapPublisher.java:96)
	at io.reactivex.rxjava3.internal.operators.single.SingleJust.subscribeActual(SingleJust.java:30)
	at io.reactivex.rxjava3.core.Single.subscribe(Single.java:4855)
	at io.reactivex.rxjava3.internal.operators.single.SingleFlatMapPublisher.subscribeActual(SingleFlatMapPublisher.java:59)
	at io.reactivex.rxjava3.core.Flowable.subscribe(Flowable.java:15917)
	at io.reactivex.rxjava3.internal.operators.flowable.FlowableDoFinally.subscribeActual(FlowableDoFinally.java:47)
	at io.reactivex.rxjava3.core.Flowable.subscribe(Flowable.java:15917)
	at io.reactivex.rxjava3.core.Flowable.subscribe(Flowable.java:15863)
	at io.reactivex.rxjava3.internal.operators.flowable.FlowableDefer.subscribeActual(FlowableDefer.java:42)
	at io.reactivex.rxjava3.core.Flowable.subscribe(Flowable.java:15917)
	at io.reactivex.rxjava3.internal.operators.flowable.FlowableDoOnEach.subscribeActual(FlowableDoOnEach.java:50)
	at io.reactivex.rxjava3.core.Flowable.subscribe(Flowable.java:15917)
	at io.reactivex.rxjava3.core.Flowable.subscribe(Flowable.java:15863)
	at io.reactivex.rxjava3.internal.operators.flowable.FlowableDefer.subscribeActual(FlowableDefer.java:42)
	at io.reactivex.rxjava3.core.Flowable.subscribe(Flowable.java:15917)
	at io.reactivex.rxjava3.core.Flowable.subscribe(Flowable.java:15863)
	at io.reactivex.rxjava3.internal.operators.flowable.FlowableConcatArray$ConcatArraySubscriber.onComplete(FlowableConcatArray.java:141)
	at io.reactivex.rxjava3.internal.operators.flowable.FlowableConcatArray.subscribeActual(FlowableConcatArray.java:41)
	at io.reactivex.rxjava3.core.Flowable.subscribe(Flowable.java:15917)
	at io.reactivex.rxjava3.core.Flowable.subscribe(Flowable.java:15863)
	at io.reactivex.rxjava3.internal.operators.single.SingleFlatMapPublisher$SingleFlatMapPublisherObserver.onSuccess(SingleFlatMapPublisher.java:96)
	at io.reactivex.rxjava3.internal.operators.single.SingleJust.subscribeActual(SingleJust.java:30)
	at io.reactivex.rxjava3.core.Single.subscribe(Single.java:4855)
	at io.reactivex.rxjava3.internal.operators.single.SingleFlatMapPublisher.subscribeActual(SingleFlatMapPublisher.java:59)
	at io.reactivex.rxjava3.core.Flowable.subscribe(Flowable.java:15917)
	at io.reactivex.rxjava3.internal.operators.flowable.FlowableDoFinally.subscribeActual(FlowableDoFinally.java:47)
	at io.reactivex.rxjava3.core.Flowable.subscribe(Flowable.java:15917)
	at io.reactivex.rxjava3.core.Flowable.subscribe(Flowable.java:15863)
	at io.reactivex.rxjava3.internal.operators.flowable.FlowableDefer.subscribeActual(FlowableDefer.java:42)
	at io.reactivex.rxjava3.core.Flowable.subscribe(Flowable.java:15917)
	at io.reactivex.rxjava3.internal.operators.flowable.FlowableDoOnEach.subscribeActual(FlowableDoOnEach.java:50)
	at io.reactivex.rxjava3.core.Flowable.subscribe(Flowable.java:15917)
	at io.reactivex.rxjava3.core.Flowable.subscribe(Flowable.java:15863)
	at io.reactivex.rxjava3.internal.operators.flowable.FlowableScalarXMap$ScalarXMapFlowable.subscribeActual(FlowableScalarXMap.java:160)
	at io.reactivex.rxjava3.core.Flowable.subscribe(Flowable.java:15917)
	at io.reactivex.rxjava3.internal.operators.flowable.FlowableDoOnEach.subscribeActual(FlowableDoOnEach.java:50)
	at io.reactivex.rxjava3.core.Flowable.subscribe(Flowable.java:15917)
	at io.reactivex.rxjava3.internal.operators.flowable.FlowableDoFinally.subscribeActual(FlowableDoFinally.java:47)
	at io.reactivex.rxjava3.core.Flowable.subscribe(Flowable.java:15917)
	at io.reactivex.rxjava3.core.Flowable.subscribe(Flowable.java:15863)
	at io.reactivex.rxjava3.internal.operators.single.SingleFlatMapPublisher$SingleFlatMapPublisherObserver.onSuccess(SingleFlatMapPublisher.java:96)
	at io.reactivex.rxjava3.internal.operators.maybe.MaybeSwitchIfEmptySingle$SwitchIfEmptyMaybeObserver.onSuccess(MaybeSwitchIfEmptySingle.java:82)
	at io.reactivex.rxjava3.internal.operators.maybe.MaybeJust.subscribeActual(MaybeJust.java:36)
	at io.reactivex.rxjava3.core.Maybe.subscribe(Maybe.java:5375)
	at io.reactivex.rxjava3.internal.operators.maybe.MaybeSwitchIfEmptySingle.subscribeActual(MaybeSwitchIfEmptySingle.java:45)
	at io.reactivex.rxjava3.core.Single.subscribe(Single.java:4855)
	at io.reactivex.rxjava3.internal.operators.single.SingleFlatMapPublisher.subscribeActual(SingleFlatMapPublisher.java:59)
	at io.reactivex.rxjava3.core.Flowable.subscribe(Flowable.java:15917)
	at io.reactivex.rxjava3.internal.operators.flowable.FlowableObserveOn.subscribeActual(FlowableObserveOn.java:58)
	at io.reactivex.rxjava3.core.Flowable.subscribe(Flowable.java:15917)
	at io.reactivex.rxjava3.core.Flowable.subscribe(Flowable.java:15808)
	at com.google.adk.web.AdkWebServer$AgentController.lambda$agentRunSse$0(AdkWebServer.java:1241)
	at java.base/java.util.concurrent.ThreadPoolExecutor.runWorker(ThreadPoolExecutor.java:1144)
	at java.base/java.util.concurrent.ThreadPoolExecutor$Worker.run(ThreadPoolExecutor.java:642)
	at java.base/java.lang.Thread.run(Thread.java:1583)
Caused by: java.lang.reflect.InaccessibleObjectException: Unable to make field private final int java.time.LocalDate.year accessible: module java.base does not "opens java.time" to unnamed module @587e5365
	at java.base/java.lang.reflect.AccessibleObject.throwInaccessibleObjectException(AccessibleObject.java:391)
	at java.base/java.lang.reflect.AccessibleObject.checkCanSetAccessible(AccessibleObject.java:367)
	at java.base/java.lang.reflect.AccessibleObject.checkCanSetAccessible(AccessibleObject.java:315)
	at java.base/java.lang.reflect.Field.checkCanSetAccessible(Field.java:183)
	at java.base/java.lang.reflect.Field.setAccessible(Field.java:177)
	at com.google.gson.internal.reflect.ReflectionHelper.makeAccessible(ReflectionHelper.java:35)
	... 93 more

2025-09-01 15:32:38 [http-nio-8080-exec-2] INFO  c.g.a.w.AdkWebServer$AgentController - Request received for GET /debug/trace/session/02313e43-fa89-483c-957a-520d5d3a815f
2025-09-01 15:32:38 [http-nio-8080-exec-3] INFO  c.g.a.w.AdkWebServer$AgentController - Request received for GET /apps/Coordinator/users/user/sessions/02313e43-fa89-483c-957a-520d5d3a815f
2025-09-01 15:32:38 [http-nio-8080-exec-2] INFO  c.g.a.w.AdkWebServer$AgentController - Returning 8 spans for session ID: 02313e43-fa89-483c-957a-520d5d3a815f
